-- phpMyAdmin SQL Dump
-- version 4.9.5deb2
-- https://www.phpmyadmin.net/
--
-- Host: localhost
-- Generation Time: Oct 28, 2023 at 01:43 PM
-- Server version: 10.3.38-MariaDB-0ubuntu0.20.04.1
-- PHP Version: 8.1.23

SET SQL_MODE = "NO_AUTO_VALUE_ON_ZERO";
SET AUTOCOMMIT = 0;
START TRANSACTION;
SET time_zone = "+00:00";


/*!40101 SET @OLD_CHARACTER_SET_CLIENT=@@CHARACTER_SET_CLIENT */;
/*!40101 SET @OLD_CHARACTER_SET_RESULTS=@@CHARACTER_SET_RESULTS */;
/*!40101 SET @OLD_COLLATION_CONNECTION=@@COLLATION_CONNECTION */;
/*!40101 SET NAMES utf8mb4 */;

--
-- Database: `biwtajob`
--

-- --------------------------------------------------------

--
-- Table structure for table `jb18_applicants`
--

CREATE TABLE `jb18_applicants` (
  `id` int(11) NOT NULL,
  `uuid` varchar(150) NOT NULL,
  `job_id` int(11) NOT NULL,
  `name_bn` varchar(250) NOT NULL,
  `name_en` varchar(250) NOT NULL,
  `nid` varchar(20) DEFAULT NULL,
  `brn` varchar(20) DEFAULT NULL COMMENT 'জন্ম নিবন্ধন নম্বর',
  `bday` varchar(20) NOT NULL,
  `bplace` varchar(50) NOT NULL,
  `father_name` varchar(250) NOT NULL,
  `mother_name` varchar(250) NOT NULL,
  `present_addrress` text DEFAULT NULL,
  `parmanent_address` text DEFAULT NULL,
  `mobile` varchar(20) DEFAULT NULL,
  `nationality` varchar(50) NOT NULL,
  `gender` varchar(10) NOT NULL,
  `religious` varchar(20) NOT NULL,
  `extra_qualification` text DEFAULT NULL,
  `experience` text DEFAULT NULL,
  `bank_draft` varchar(20) DEFAULT NULL,
  `bank_draft_date` varchar(20) DEFAULT NULL,
  `bank_details` text DEFAULT NULL,
  `division_appli` varchar(250) DEFAULT NULL,
  `quota_freedom` tinyint(1) DEFAULT NULL,
  `quota_tribal` tinyint(1) DEFAULT NULL,
  `quota_Handicapped` tinyint(1) DEFAULT NULL,
  `quota_orphanages` tinyint(1) DEFAULT NULL,
  `village_police` tinyint(1) DEFAULT NULL,
  `others_quota` tinyint(1) DEFAULT NULL,
  `quota` text DEFAULT NULL,
  `pa_house` varchar(250) DEFAULT NULL COMMENT 'present',
  `pa_village` varchar(250) DEFAULT NULL,
  `pa_union` varchar(250) DEFAULT NULL,
  `pa_postoffice` varchar(250) DEFAULT NULL,
  `pa_postcode` varchar(250) DEFAULT NULL,
  `pa_upozilla` varchar(150) DEFAULT NULL,
  `pa_zilla` varchar(150) DEFAULT NULL,
  `pr_house` varchar(250) DEFAULT NULL,
  `pr_village` varchar(250) DEFAULT NULL,
  `pr_union` varchar(250) DEFAULT NULL,
  `pr_postoffice` varchar(250) DEFAULT NULL,
  `pr_postcode` varchar(250) DEFAULT NULL,
  `pr_upozilla` varchar(150) DEFAULT NULL,
  `pr_zilla` varchar(150) DEFAULT NULL,
  `occupation` varchar(250) DEFAULT NULL,
  `picture` varchar(250) DEFAULT NULL,
  `signature` varchar(250) DEFAULT NULL,
  `job_circular` varchar(255) DEFAULT NULL,
  `experienceyear` varchar(200) DEFAULT NULL,
  `experiencemonth` varchar(1000) DEFAULT NULL,
  `age` varchar(10) DEFAULT NULL,
  `code` varchar(20) DEFAULT NULL,
  `eligible` tinyint(1) DEFAULT 0 COMMENT '0=initialized, 1=Submited, 2=eligible',
  `jobcurday` varchar(200) DEFAULT NULL,
  `repetition` varchar(100) DEFAULT NULL,
  `created_at` timestamp NULL DEFAULT current_timestamp(),
  `updated_at` timestamp NULL DEFAULT NULL ON UPDATE current_timestamp(),
  `deleted_at` timestamp NULL DEFAULT NULL
) ENGINE=InnoDB DEFAULT CHARSET=utf8 COLLATE=utf8_general_ci;

--
-- Dumping data for table `jb18_applicants`
--

INSERT INTO `jb18_applicants` (`id`, `uuid`, `job_id`, `name_bn`, `name_en`, `nid`, `brn`, `bday`, `bplace`, `father_name`, `mother_name`, `present_addrress`, `parmanent_address`, `mobile`, `nationality`, `gender`, `religious`, `extra_qualification`, `experience`, `bank_draft`, `bank_draft_date`, `bank_details`, `division_appli`, `quota_freedom`, `quota_tribal`, `quota_Handicapped`, `quota_orphanages`, `village_police`, `others_quota`, `quota`, `pa_house`, `pa_village`, `pa_union`, `pa_postoffice`, `pa_postcode`, `pa_upozilla`, `pa_zilla`, `pr_house`, `pr_village`, `pr_union`, `pr_postoffice`, `pr_postcode`, `pr_upozilla`, `pr_zilla`, `occupation`, `picture`, `signature`, `job_circular`, `experienceyear`, `experiencemonth`, `age`, `code`, `eligible`, `jobcurday`, `repetition`, `created_at`, `updated_at`, `deleted_at`) VALUES
(1, '2fdbc129-7203-4c28-bc74-e0bdc21efb05', 14, 'প্রার্থীর নাম বাংলায়', 'JIBON BIKASH ROY', '', '১২১২১২১২১২১২১২', '1994-10-06', '62', 'পিতার নাম', 'মাতার নাম', NULL, NULL, '01911650510', 'বাংলাদেশী', 'পুরুষ', 'ইসলাম', 'তবগফবফব', '0', '', '', '', 'না', 0, 0, 0, 0, 0, 0, '[\"\\u09ae\\u09c1\\u0995\\u09cd\\u09a4\\u09bf\\u09af\\u09cb\\u09a6\\u09cd\\u09a7\\u09be \\/ \\u09b6\\u09b9\\u09c0\\u09a6 \\u09ae\\u09c1\\u0995\\u09cd\\u09a4\\u09bf\\u09af\\u09cb\\u09a6\\u09cd\\u09a7\\u09be\\u09b0 \\u09aa\\u09c1\\u09a4\\u09cd\\u09b0 -\\u0995\\u09a8\\u09cd\\u09af\\u09be\\u09b0 \\u09aa\\u09c1\\u09a4\\u09cd\\u09b0 -\\u0995\\u09a8\\u09cd\\u09af\\u09be\",\"\\u0995\\u09cd\\u09b7\\u09c1\\u09a6\\u09cd\\u09b0 \\u09a8\\u09c3 -\\u0997\\u09cb\\u09b7\\u09cd\\u09a0\\u09c0\"]', 'R#3', 'Cha-Bagan', '29', 'Gazipur', '1212', '183', '59', 'R#3', 'Cha-Bagan', '29', 'Gazipur', '1212', '183', '59', NULL, '2023/JOB_1223/1697826963-194613951.png', '2023/JOB_1223/1697826963-20884442_signature.png', '', '৩', 'ব্বগফ', '28.8', '1697826970604', 2, '2023-07-28', NULL, '2023-10-20 18:36:04', '2023-10-21 05:38:45', NULL),
(2, '75227b89-90b4-4a6f-8f21-02da819fd258', 14, 'প্রার্থীর নাম বাংলায়', 'Bikash Roy', '', '১২১২১২১২১২১২১২', '1996-10-01', '29', 'মোঃ আবদুল মতিন গোল্লারটেঁক মোল্লারটেক', 'মাতার নাম', NULL, NULL, '01320367290', 'বাংলাদেশী', 'পুরুষ', 'হিন্দু', 'অতিরিক্ত যোগ্যতা (যদি থাকে)', '0', '', '', '', 'না', 0, 0, 0, 0, 0, 0, '[\"\\u09ae\\u09c1\\u0995\\u09cd\\u09a4\\u09bf\\u09af\\u09cb\\u09a6\\u09cd\\u09a7\\u09be \\/ \\u09b6\\u09b9\\u09c0\\u09a6 \\u09ae\\u09c1\\u0995\\u09cd\\u09a4\\u09bf\\u09af\\u09cb\\u09a6\\u09cd\\u09a7\\u09be\\u09b0 \\u09aa\\u09c1\\u09a4\\u09cd\\u09b0 -\\u0995\\u09a8\\u09cd\\u09af\\u09be\",\"\\u09ae\\u09c1\\u0995\\u09cd\\u09a4\\u09bf\\u09af\\u09cb\\u09a6\\u09cd\\u09a7\\u09be \\/ \\u09b6\\u09b9\\u09c0\\u09a6 \\u09ae\\u09c1\\u0995\\u09cd\\u09a4\\u09bf\\u09af\\u09cb\\u09a6\\u09cd\\u09a7\\u09be\\u09b0 \\u09aa\\u09c1\\u09a4\\u09cd\\u09b0 -\\u0995\\u09a8\\u09cd\\u09af\\u09be\\u09b0 \\u09aa\\u09c1\\u09a4\\u09cd\\u09b0 -\\u0995\\u09a8\\u09cd\\u09af\\u09be\"]', 'R#3', 'Cha-Bagan', '29', '1212', '1700', '159', '10', 'R#3', 'Cha-Bagan', '29', '1212', '1700', '159', '10', 'gffh পেশা', '2023/JOB_1223/1697906650-873209006.jpg', '2023/JOB_1223/1697906650-1616561018_signature.jpg', '', '৫', 'অভিজ্ঞতার বিবরণ (যদি থাকে)', '26.9', '1697906666310', 1, '2023-07-28', NULL, '2023-10-21 16:44:10', '2023-10-21 10:44:26', NULL),
(3, '608981a7-2650-43ae-aba9-df106b8ff01e', 14, 'প্রার্থীর নাম বাংলায়', 'JiBON ROY', '১২১২১২১২১২১২১২', '', '1998-10-01', '10', 'পিতার নাম', 'মাতার নাম', NULL, NULL, '01320367290', 'বাংলাদেশী', 'পুরুষ', 'বৌদ্ধ', 'নাই', '1', '', '', '', 'না', 0, 0, 0, 0, 0, 0, '[\"\\u09ae\\u09c1\\u0995\\u09cd\\u09a4\\u09bf\\u09af\\u09cb\\u09a6\\u09cd\\u09a7\\u09be \\/ \\u09b6\\u09b9\\u09c0\\u09a6 \\u09ae\\u09c1\\u0995\\u09cd\\u09a4\\u09bf\\u09af\\u09cb\\u09a6\\u09cd\\u09a7\\u09be\\u09b0 \\u09aa\\u09c1\\u09a4\\u09cd\\u09b0 -\\u0995\\u09a8\\u09cd\\u09af\\u09be\",\"\\u09b6\\u09be\\u09b0\\u09c0\\u09b0\\u09bf\\u0995 \\u09aa\\u09cd\\u09b0\\u09a4\\u09bf\\u09ac\\u09a8\\u09cd\\u09a6\\u09c0\"]', 'R#3', 'Cha-Bagan', '29', 'Gazipur', '1700', '159', '10', 'R#3', 'Cha-Bagan', '29', 'Gazipur', '1700', '159', '10', 'gffh পেশা', '2023/JOB_1223/1698035456-1547750006.jpg', '2023/JOB_1223/1698035456-1864407030_signature.jpg', '', '৩', 'ওয়ের্ফগ', '24.9', '1698035464647', 1, '2023-07-28', NULL, '2023-10-23 04:30:56', '2023-10-22 22:31:04', NULL),
(4, '4db525d2-1424-4c25-a190-1ba21214c323', 13, 'প্রার্থীর নাম বাংলায়', 'AFRIN RAHMAN JIM', '', '১২১২১২১২১২১২১২', '2004-10-06', '26', 'পিতার নাম', 'মাতার নাম', NULL, NULL, '01911650510', 'বাংলাদেশী', 'পুরুষ', 'ইসলাম', 'নাই', '0', '', '', '', 'না', 0, 0, 0, 0, 0, 0, '[\"\\u09ae\\u09c1\\u0995\\u09cd\\u09a4\\u09bf\\u09af\\u09cb\\u09a6\\u09cd\\u09a7\\u09be \\/ \\u09b6\\u09b9\\u09c0\\u09a6 \\u09ae\\u09c1\\u0995\\u09cd\\u09a4\\u09bf\\u09af\\u09cb\\u09a6\\u09cd\\u09a7\\u09be\\u09b0 \\u09aa\\u09c1\\u09a4\\u09cd\\u09b0 -\\u0995\\u09a8\\u09cd\\u09af\\u09be\\u09b0 \\u09aa\\u09c1\\u09a4\\u09cd\\u09b0 -\\u0995\\u09a8\\u09cd\\u09af\\u09be\",\"\\u09b6\\u09be\\u09b0\\u09c0\\u09b0\\u09bf\\u0995 \\u09aa\\u09cd\\u09b0\\u09a4\\u09bf\\u09ac\\u09a8\\u09cd\\u09a6\\u09c0\"]', 'R#3', 'Cha-Bagan', '29', 'Gazipur', '1212', '160', '10', 'R#3', 'Cha-Bagan', '29', 'Gazipur', '1212', '160', '10', NULL, '2023/2123233/1698121601-852408352.jpg', '2023/2123233/1698121601-5249553_signature.jpg', '', '৭', 'অভিজ্ঞতার বিবরণ (যদি থাকে)', '18.7', '1698121609378', 1, '2023-07-01', NULL, '2023-10-24 04:26:41', '2023-10-23 22:26:49', NULL);

-- --------------------------------------------------------

--
-- Table structure for table `jb18_applicant_certificates`
--

CREATE TABLE `jb18_applicant_certificates` (
  `id` int(11) NOT NULL,
  `applicants_id` int(11) NOT NULL,
  `job_id` int(11) NOT NULL,
  `edu_level` varchar(100) NOT NULL,
  `institute_name` varchar(250) NOT NULL,
  `duration` varchar(250) DEFAULT NULL,
  `certificate_no` varchar(150) NOT NULL,
  `certificate_expire` date NOT NULL,
  `created_at` timestamp NULL DEFAULT current_timestamp(),
  `updated_at` timestamp NULL DEFAULT NULL ON UPDATE current_timestamp(),
  `deleted_at` timestamp NULL DEFAULT NULL
) ENGINE=InnoDB DEFAULT CHARSET=utf8 COLLATE=utf8_general_ci;

--
-- Dumping data for table `jb18_applicant_certificates`
--

INSERT INTO `jb18_applicant_certificates` (`id`, `applicants_id`, `job_id`, `edu_level`, `institute_name`, `duration`, `certificate_no`, `certificate_expire`, `created_at`, `updated_at`, `deleted_at`) VALUES
(1, 1, 14, '1', 'hbvnmm প্রতিষ্ঠান নাম', NULL, '11111', '2023-10-30', '2023-10-20 18:36:04', '2023-10-20 18:36:04', NULL),
(2, 2, 14, '1', 'সার্টিফিকেশন প্রতিষ্ঠান নাম', NULL, '1212121', '2023-10-29', '2023-10-21 16:44:10', '2023-10-21 16:44:10', NULL),
(3, 3, 14, '1', 'সার্টিফিকেশন প্রতিষ্ঠান নাম', NULL, '1212121', '2023-10-01', '2023-10-23 04:30:56', '2023-10-23 04:30:56', NULL),
(4, 4, 13, '1', 'সার্টিফিকেশন প্রতিষ্ঠান নাম', NULL, '1212121', '2023-10-29', '2023-10-24 04:26:41', '2023-10-24 04:26:41', NULL);

-- --------------------------------------------------------

--
-- Table structure for table `jb18_applicant_educations`
--

CREATE TABLE `jb18_applicant_educations` (
  `id` int(11) NOT NULL,
  `applicants_id` int(11) NOT NULL,
  `job_id` int(11) NOT NULL,
  `edu_level` varchar(100) NOT NULL,
  `institute_name` varchar(250) NOT NULL,
  `group_subject` varchar(50) DEFAULT NULL,
  `result` varchar(100) NOT NULL,
  `cgpa` varchar(100) DEFAULT NULL,
  `out_of` varchar(100) DEFAULT NULL,
  `board_university` varchar(250) NOT NULL,
  `passing_year` varchar(20) NOT NULL,
  `other` text DEFAULT NULL,
  `created_at` timestamp NULL DEFAULT current_timestamp(),
  `updated_at` timestamp NULL DEFAULT NULL ON UPDATE current_timestamp(),
  `deleted_at` timestamp NULL DEFAULT NULL
) ENGINE=InnoDB DEFAULT CHARSET=utf8 COLLATE=utf8_general_ci;

--
-- Dumping data for table `jb18_applicant_educations`
--

INSERT INTO `jb18_applicant_educations` (`id`, `applicants_id`, `job_id`, `edu_level`, `institute_name`, `group_subject`, `result`, `cgpa`, `out_of`, `board_university`, `passing_year`, `other`, `created_at`, `updated_at`, `deleted_at`) VALUES
(1, 1, 14, '6', 'শিক্ষা প্রতিষ্ঠান এস.এস.সি', '1', 'জিপিএ/সিজিপিএ(আউট অফ ৫)', '3.5', 'জিপিএ/সিজিপিএ(আউট অফ ৫)', '2', '১২১২', NULL, '2023-10-20 18:36:04', '2023-10-20 18:36:04', NULL),
(2, 1, 14, '12', 'শিক্ষা প্রতিষ্ঠান এইচএসসি /সমমূল্য', '9', 'জিপিএ/সিজিপিএ(আউট অফ ৫)', '3.4', 'জিপিএ/সিজিপিএ(আউট অফ ৫)', '2', '১২১২', NULL, '2023-10-20 18:36:04', '2023-10-20 18:36:04', NULL),
(3, 1, 14, '20', 'শিক্ষা প্রতিষ্ঠান স্নাতক', '13', 'প্রথম বিভাগ', NULL, 'প্রথম বিভাগ', '246', '১২১২', NULL, '2023-10-20 18:36:04', '2023-10-20 18:36:04', NULL),
(4, 1, 14, '28', 'শিক্ষা প্রতিষ্ঠান স্নাতকোত্তর', '17', 'দ্বিতীয় বিভাগ', NULL, 'দ্বিতীয় বিভাগ', '247', '১২১২', NULL, '2023-10-20 18:36:04', '2023-10-20 18:36:04', NULL),
(5, 2, 14, '6', 'শিক্ষা প্রতিষ্ঠান এস.এস.সি', '1', 'জিপিএ/সিজিপিএ(আউট অফ ৫)', '৩.৫', 'জিপিএ/সিজিপিএ(আউট অফ ৫)', '1', '১২১২', NULL, '2023-10-21 16:44:10', '2023-10-21 16:44:10', NULL),
(6, 2, 14, '12', 'শিক্ষা প্রতিষ্ঠান এইচএসসি /সমমূল্য', '9', 'জিপিএ/সিজিপিএ(আউট অফ ৫)', '৩.৫', 'জিপিএ/সিজিপিএ(আউট অফ ৫)', '1', '১২১৩', NULL, '2023-10-21 16:44:10', '2023-10-21 16:44:10', NULL),
(7, 2, 14, '20', 'শিক্ষা প্রতিষ্ঠান স্নাতক', '13', 'প্রথম বিভাগ', NULL, 'প্রথম বিভাগ', '247', '১২১৩', NULL, '2023-10-21 16:44:10', '2023-10-21 16:44:10', NULL),
(8, 2, 14, '28', 'শিক্ষা প্রতিষ্ঠান স্নাতকোত্তর', '17', 'জিপিএ/সিজিপিএ(আউট অফ ৪)', '4', 'জিপিএ/সিজিপিএ(আউট অফ ৪)', '249', '১২১২', NULL, '2023-10-21 16:44:10', '2023-10-21 16:44:10', NULL),
(9, 3, 14, '6', 'শিক্ষা প্রতিষ্ঠান এস.এস.সি', '1', 'জিপিএ/সিজিপিএ(আউট অফ ৫)', '4', 'জিপিএ/সিজিপিএ(আউট অফ ৫)', '1', '২০১০', NULL, '2023-10-23 04:30:56', '2023-10-23 04:30:56', NULL),
(10, 3, 14, '12', 'শিক্ষা প্রতিষ্ঠান এইচএসসি /সমমূল্য', '9', 'জিপিএ/সিজিপিএ(আউট অফ ৫)', '3.8', 'জিপিএ/সিজিপিএ(আউট অফ ৫)', '1', '১২১৩', NULL, '2023-10-23 04:30:56', '2023-10-23 04:30:56', NULL),
(11, 3, 14, '20', 'শিক্ষা প্রতিষ্ঠান স্নাতক', '13', 'তৃতীয় বিভাগ', NULL, 'তৃতীয় বিভাগ', '248', '১২১৩', NULL, '2023-10-23 04:30:56', '2023-10-23 04:30:56', NULL),
(12, 3, 14, '28', 'শিক্ষা প্রতিষ্ঠান স্নাতকোত্তর', '17', 'জিপিএ/সিজিপিএ(আউট অফ ৪)', '3.4', 'জিপিএ/সিজিপিএ(আউট অফ ৪)', '249', '১২১২', NULL, '2023-10-23 04:30:56', '2023-10-23 04:30:56', NULL),
(13, 4, 13, '6', 'শিক্ষা প্রতিষ্ঠান এস.এস.সি', '1', 'প্রথম বিভাগ', NULL, 'প্রথম বিভাগ', '4', '১২১২', NULL, '2023-10-24 04:26:41', '2023-10-24 04:26:41', NULL),
(14, 4, 13, '12', 'শিক্ষা প্রতিষ্ঠান এইচএসসি /সমমূল্য', '9', 'জিপিএ/সিজিপিএ(আউট অফ ৪)', '3', 'জিপিএ/সিজিপিএ(আউট অফ ৪)', '4', '১২১৩', NULL, '2023-10-24 04:26:41', '2023-10-24 04:26:41', NULL),
(15, 4, 13, '20', 'শিক্ষা প্রতিষ্ঠান স্নাতক', '13', 'দ্বিতীয় বিভাগ', NULL, 'দ্বিতীয় বিভাগ', '248', '১২১২', NULL, '2023-10-24 04:26:41', '2023-10-24 04:26:41', NULL),
(16, 4, 13, '28', 'শিক্ষা প্রতিষ্ঠান স্নাতকোত্তর', '18', 'দ্বিতীয় বিভাগ', NULL, 'দ্বিতীয় বিভাগ', '248', '১২১২', NULL, '2023-10-24 04:26:41', '2023-10-24 04:26:41', NULL);

-- --------------------------------------------------------

--
-- Table structure for table `jb18_applicant_medicals`
--

CREATE TABLE `jb18_applicant_medicals` (
  `id` int(11) NOT NULL,
  `applicant_id` int(11) NOT NULL,
  `job_id` int(11) NOT NULL,
  `date` varchar(200) DEFAULT NULL,
  `place` varchar(200) DEFAULT NULL,
  `roll` int(11) DEFAULT NULL,
  `created_at` timestamp NULL DEFAULT current_timestamp(),
  `updated_at` timestamp NULL DEFAULT NULL ON UPDATE current_timestamp()
) ENGINE=InnoDB DEFAULT CHARSET=utf8 COLLATE=utf8_general_ci;

-- --------------------------------------------------------

--
-- Table structure for table `jb18_applicant_practicals`
--

CREATE TABLE `jb18_applicant_practicals` (
  `id` int(11) NOT NULL,
  `applicant_id` int(11) NOT NULL,
  `job_id` int(11) NOT NULL,
  `date` varchar(200) DEFAULT NULL,
  `place` varchar(200) DEFAULT NULL,
  `roll` int(11) DEFAULT NULL,
  `created_at` timestamp NULL DEFAULT current_timestamp(),
  `updated_at` timestamp NULL DEFAULT NULL ON UPDATE current_timestamp()
) ENGINE=InnoDB DEFAULT CHARSET=utf8 COLLATE=utf8_general_ci;

-- --------------------------------------------------------

--
-- Table structure for table `jb18_applicant_vivas`
--

CREATE TABLE `jb18_applicant_vivas` (
  `id` int(11) NOT NULL,
  `applicant_id` int(11) NOT NULL,
  `job_id` int(11) NOT NULL,
  `date` varchar(200) DEFAULT NULL,
  `time` varchar(150) NOT NULL,
  `place` varchar(200) DEFAULT NULL,
  `roll` int(11) DEFAULT NULL,
  `created_at` timestamp NULL DEFAULT current_timestamp(),
  `updated_at` timestamp NULL DEFAULT NULL ON UPDATE current_timestamp()
) ENGINE=InnoDB DEFAULT CHARSET=utf8 COLLATE=utf8_general_ci;

--
-- Dumping data for table `jb18_applicant_vivas`
--

INSERT INTO `jb18_applicant_vivas` (`id`, `applicant_id`, `job_id`, `date`, `time`, `place`, `roll`, `created_at`, `updated_at`) VALUES
(3, 1, 14, '2023-10-30', 'ssdfdff', 'fghghgh', 1000, '2023-10-21 00:03:33', '2023-10-21 02:11:40');

-- --------------------------------------------------------

--
-- Table structure for table `jb18_boards`
--

CREATE TABLE `jb18_boards` (
  `id` int(11) NOT NULL,
  `name` varchar(200) NOT NULL,
  `status` tinyint(1) NOT NULL DEFAULT 1,
  `type` int(11) NOT NULL DEFAULT 1 COMMENT '1=jsc/ssc/hsc, 2=university',
  `created_at` timestamp NOT NULL DEFAULT current_timestamp(),
  `updated_at` timestamp NULL DEFAULT NULL ON UPDATE current_timestamp(),
  `deleted_at` timestamp NULL DEFAULT NULL
) ENGINE=InnoDB DEFAULT CHARSET=utf8 COLLATE=utf8_general_ci;

--
-- Dumping data for table `jb18_boards`
--

INSERT INTO `jb18_boards` (`id`, `name`, `status`, `type`, `created_at`, `updated_at`, `deleted_at`) VALUES
(1, 'ঢাকা ', 1, 1, '2023-10-23 23:28:18', '2023-10-23 23:28:18', NULL),
(2, 'কুমিল্লা ', 1, 1, '2023-10-23 23:28:18', '2023-10-23 23:28:18', NULL),
(3, 'রাজশাহী ', 1, 1, '2023-10-23 23:28:18', '2023-10-23 23:28:18', NULL),
(4, 'যশোর', 1, 1, '2023-10-23 23:28:18', '2023-10-23 23:28:18', NULL),
(5, 'চিটাগং ', 1, 1, '2023-10-23 23:28:18', '2023-10-23 23:28:18', NULL),
(6, 'বরিশাল ', 1, 1, '2023-10-23 23:28:18', '2023-10-23 23:28:18', NULL),
(7, 'সিলেট ', 1, 1, '2023-10-23 23:28:18', '2023-10-23 23:28:18', NULL),
(8, 'দিনাজপুর ', 1, 1, '2023-10-23 23:28:18', '2023-10-23 23:28:18', NULL),
(9, 'মাদ্রাসা ', 1, 1, '2023-10-23 23:28:18', '2023-10-23 23:28:18', NULL),
(10, 'উন্মুক্ত বিশ্ববিদ্যালয় ', 1, 1, '2023-10-23 23:28:18', '2023-10-23 23:28:18', NULL),
(11, 'ময়মনসিংহ ', 1, 1, '2023-10-23 23:28:18', '2023-10-23 23:28:18', NULL),
(12, 'বাংলাদেশ রাষ্ট্রীয় চিকিৎসা অনুষদ ', 1, 1, '2023-10-23 23:28:18', '2023-10-23 23:28:18', NULL),
(13, 'বাংলাদেশ ফার্মেসী কাউন্সিল', 1, 1, '2023-10-23 23:28:18', '2023-10-23 23:28:18', NULL),
(14, 'কেমব্রিজ ইন্টারন্যাশনাল', 1, 1, '2023-10-23 23:28:18', '2023-10-23 23:28:18', NULL),
(15, 'এডেক্সেল ইন্টারন্যাশনাল', 1, 1, '2023-10-23 23:28:18', '2023-10-23 23:28:18', NULL),
(16, 'বাংলাদেশ কারিগরি শিক্ষা বোর্ড (BTEB)', 1, 1, '2023-10-23 23:28:18', '2023-10-23 23:28:18', NULL),
(17, 'অন্যান্য ', 1, 1, '2023-10-23 23:28:18', '2023-10-23 23:28:18', NULL),
(18, 'আদ - দিন উইমেনস মেডিকেল কলেজ, ঢাকা ', 1, 2, '2023-10-23 23:28:25', '2023-10-23 23:28:25', NULL),
(19, 'আহসানিয়া মিশন বিজ্ঞান ও প্রযুক্তি বিশ্ববিদ্যালয়', 1, 2, '2023-10-23 23:28:25', '2023-10-23 23:28:25', NULL),
(20, 'আহসানুল্লাহ বিজ্ঞান ও প্রযুক্তি বিশ্ববিদ্যালয়', 1, 2, '2023-10-23 23:28:25', '2023-10-23 23:28:25', NULL),
(21, 'আমেরিকা বাংলাদেশ ইউনিভার্সিটি', 1, 2, '2023-10-23 23:28:25', '2023-10-23 23:28:25', NULL),
(22, 'আমেরিকান ইন্টারন্যাশনাল ইউনিভার্সিটি বাংলাদেশ', 1, 2, '2023-10-23 23:28:25', '2023-10-23 23:28:25', NULL),
(23, 'আনোয়ার খান মডার্ন মেডিকেল কলেজ, ঢাকা ', 1, 2, '2023-10-23 23:28:25', '2023-10-23 23:28:25', NULL),
(24, 'আনোয়ার খান আধুনিক বিশ্ববিদ্যালয়', 1, 2, '2023-10-23 23:28:25', '2023-10-23 23:28:25', NULL),
(25, 'আসা ইউনিভার্সিটি বাংলাদেশ', 1, 2, '2023-10-23 23:28:25', '2023-10-23 23:28:25', NULL),
(26, 'এশিয়ান ইউনিভার্সিটি ফর ওম্যান ', 1, 2, '2023-10-23 23:28:25', '2023-10-23 23:28:25', NULL),
(27, 'এশিয়ান ইউনিভার্সিটি অফ বাংলাদেশ ', 1, 2, '2023-10-23 23:28:25', '2023-10-23 23:28:25', NULL),
(28, 'আতিশ দ্বিপাঙ্কার বিজ্ঞান ও প্রযুক্তি বিশ্ববিদ্যালয়', 1, 2, '2023-10-23 23:28:25', '2023-10-23 23:28:25', NULL),
(29, 'বান্দরবন বিশ্ববিদ্যালয়', 1, 2, '2023-10-23 23:28:25', '2023-10-23 23:28:25', NULL),
(30, 'বঙ্গবন্ধু শেখ মুজিব মেডিকেল ইউনিভার্সিটি', 1, 2, '2023-10-23 23:28:25', '2023-10-23 23:28:25', NULL),
(31, 'বঙ্গবন্ধু শেখ মুজিবুর রহমান কৃষি বিশ্ববিদ্যালয়', 1, 2, '2023-10-23 23:28:25', '2023-10-23 23:28:25', NULL),
(32, 'বঙ্গবন্ধু শেখ মুজিবুর রহমান এভিয়েশন এন্ড এরোস্পেস ইউনিভার্সিটি', 1, 2, '2023-10-23 23:28:25', '2023-10-23 23:28:25', NULL),
(33, 'বঙ্গবন্ধু শেখ মুজিবুর রহমান ডিজিটাল বিশ্ববিদ্যালয়', 1, 2, '2023-10-23 23:28:25', '2023-10-23 23:28:25', NULL),
(34, 'বঙ্গবন্ধু শেখ মুজিবুর রহমান মেরিটাইম বিশ্ববিদ্যালয়', 1, 2, '2023-10-23 23:28:25', '2023-10-23 23:28:25', NULL),
(35, 'বঙ্গবন্ধু শেখ মুজিবুর রহমান বিজ্ঞান ও প্রযুক্তি বিশ্ববিদ্যালয়', 1, 2, '2023-10-23 23:28:25', '2023-10-23 23:28:25', NULL),
(36, 'বঙ্গবন্ধু শেখ মুজিবুর রহমান ইউনিভারসিটি, কিশোরগঞ্জ', 1, 2, '2023-10-23 23:28:25', '2023-10-23 23:28:25', NULL),
(37, 'বঙ্গমাতা শেখ ফোজিলাতুনেসা মুজিব বিজ্ঞান ও প্রযুক্তি বিশ্ববিদ্যালয়', 1, 2, '2023-10-23 23:28:25', '2023-10-23 23:28:25', NULL),
(38, 'বাংলাদেশ কৃষি বিশ্ববিদ্যালয়, ময়মনসিং ', 1, 2, '2023-10-23 23:28:25', '2023-10-23 23:28:25', NULL),
(39, 'বাংলাদেশ এয়ারলাইনস প্রশিক্ষণ কেন্দ্র (বিএটিসি)', 1, 2, '2023-10-23 23:28:25', '2023-10-23 23:28:25', NULL),
(40, 'বাংলাদেশ আর্মি আন্তর্জাতিক বিজ্ঞান ও প্রযুক্তি বিশ্ববিদ্যালয় (বি এ আই ইউ এস টি ), কুমিল্লা ', 1, 2, '2023-10-23 23:28:25', '2023-10-23 23:28:25', NULL),
(41, 'বাংলাদেশ আর্মি ইউনিভার্সিটি অফ ইঞ্জিনিয়ারিং অ্যান্ড টেকনোলজি (বি এ ইউ ই টি ), কাদিরাবাদ', 1, 2, '2023-10-23 23:28:25', '2023-10-23 23:28:25', NULL),
(42, 'বাংলাদেশ আর্মি বিজ্ঞান ও প্রযুক্তি বিশ্ববিদ্যালয় (বি এ ইউ এস টি), সৈয়দপুর ', 1, 2, '2023-10-23 23:28:25', '2023-10-23 23:28:25', NULL),
(43, 'বাংলাদেশ মেডিকেল কলেজ', 1, 2, '2023-10-23 23:28:25', '2023-10-23 23:28:25', NULL),
(44, 'বাংলাদেশ ওপেন ইউনিভার্সিটি', 1, 2, '2023-10-23 23:28:25', '2023-10-23 23:28:25', NULL),
(45, 'বাংলাদেশ বিশ্ববিদ্যালয়', 1, 2, '2023-10-23 23:28:25', '2023-10-23 23:28:25', NULL),
(46, 'বাংলাদেশ ব্যবসা ও প্রযুক্তি বিশ্ববিদ্যালয় (বি ইউ বি টি )', 1, 2, '2023-10-23 23:28:25', '2023-10-23 23:28:25', NULL),
(47, 'বাংলাদেশ প্রকৌশল ও প্রযুক্তি বিশ্ববিদ্যালয়', 1, 2, '2023-10-23 23:28:25', '2023-10-23 23:28:25', NULL),
(48, 'বাংলাদেশ স্বাস্থ্য বিজ্ঞান বিশ্ববিদ্যালয়', 1, 2, '2023-10-23 23:28:25', '2023-10-23 23:28:25', NULL),
(49, 'বাংলাদেশ পেশাদার বিশ্ববিদ্যালয়', 1, 2, '2023-10-23 23:28:25', '2023-10-23 23:28:25', NULL),
(50, 'বাংলাদেশ টেক্সটাইল বিশ্ববিদ্যালয়', 1, 2, '2023-10-23 23:28:25', '2023-10-23 23:28:25', NULL),
(51, 'বরিশাল বিশ্ববিদ্যালয়', 1, 2, '2023-10-23 23:28:25', '2023-10-23 23:28:25', NULL),
(52, 'বারিশাল ইঞ্জিনিয়ারিং কলেজ', 1, 2, '2023-10-23 23:28:25', '2023-10-23 23:28:25', NULL),
(53, 'বেগম রোক্যা বিশ্ববিদ্যালয়, রংপুর', 1, 2, '2023-10-23 23:28:25', '2023-10-23 23:28:25', NULL),
(54, 'বিজিসি ট্রাস্ট মেডিকেল কলেজ, চট্টগ্রাম', 1, 2, '2023-10-23 23:28:25', '2023-10-23 23:28:25', NULL),
(55, 'বিজিসি ট্রাস্ট বিশ্ববিদ্যালয় বাংলাদেশ, চট্টগ্রাম', 1, 2, '2023-10-23 23:28:25', '2023-10-23 23:28:25', NULL),
(56, 'বিজিএমইএ ফ্যাশন অ্যান্ড টেকনোলজি বিশ্ববিদ্যালয় (বি ইউ এফ টি)', 1, 2, '2023-10-23 23:28:25', '2023-10-23 23:28:25', NULL),
(57, 'ব্র্যাক বিশ্ববিদ্যালয়', 1, 2, '2023-10-23 23:28:25', '2023-10-23 23:28:25', NULL),
(58, 'ব্রিটানিয়া বিশ্ববিদ্যালয়', 1, 2, '2023-10-23 23:28:25', '2023-10-23 23:28:25', NULL),
(59, 'কানাডিয়ান বাংলাদেশ বিশ্ববিদ্যালয়', 1, 2, '2023-10-23 23:28:25', '2023-10-23 23:28:25', NULL),
(60, 'সিসিএন বিজ্ঞান ও প্রযুক্তি বিশ্ববিদ্যালয়', 1, 2, '2023-10-23 23:28:25', '2023-10-23 23:28:25', NULL),
(61, 'সেন্ট্রাল মেডিকেল কলেজ, কুমিল্লা', 1, 2, '2023-10-23 23:28:25', '2023-10-23 23:28:25', NULL),
(62, 'সেন্ট্রাল বিজ্ঞান ও প্রযুক্তি বিশ্ববিদ্যালয়', 1, 2, '2023-10-23 23:28:25', '2023-10-23 23:28:25', NULL),
(63, 'সেন্ট্রাল মহিলা বিশ্ববিদ্যালয়', 1, 2, '2023-10-23 23:28:25', '2023-10-23 23:28:25', NULL),
(64, 'চাঁদপুর বিজ্ঞান ও প্রযুক্তি বিশ্ববিদ্যালয়', 1, 2, '2023-10-23 23:28:25', '2023-10-23 23:28:25', NULL),
(65, 'চট্টগ্রাম ইন্ডিপেন্ডেন্ট ইউনিভার্সিটি ', 1, 2, '2023-10-23 23:28:25', '2023-10-23 23:28:25', NULL),
(66, 'চট্টগ্রাম মেডিকেল কলেজ', 1, 2, '2023-10-23 23:28:25', '2023-10-23 23:28:25', NULL),
(67, 'চট্টগ্রাম মেডিকেল বিশ্ববিদ্যালয়', 1, 2, '2023-10-23 23:28:25', '2023-10-23 23:28:25', NULL),
(68, 'চট্টগ্রাম প্রকৌশল ও প্রযুক্তি বিশ্ববিদ্যালয়', 1, 2, '2023-10-23 23:28:25', '2023-10-23 23:28:25', NULL),
(69, 'চট্টগ্রাম ভেটেরিনারি এবং এনিম্যাল সাইন্স ইউনিভার্সিটি ', 1, 2, '2023-10-23 23:28:25', '2023-10-23 23:28:25', NULL),
(70, 'চট্টগ্রাম এমএ-ও-শিশু হাসপাতাল মেডিকেল কলেজ', 1, 2, '2023-10-23 23:28:25', '2023-10-23 23:28:25', NULL),
(71, 'সিটি ইউনিভার্সিটি', 1, 2, '2023-10-23 23:28:25', '2023-10-23 23:28:25', NULL),
(72, 'কুমিল্লা মেডিকেল কলেজ', 1, 2, '2023-10-23 23:28:25', '2023-10-23 23:28:25', NULL),
(73, 'কুমিল্লা বিশ্ববিদ্যালয়', 1, 2, '2023-10-23 23:28:25', '2023-10-23 23:28:25', NULL),
(74, 'কমিউনিটি বেসড মেডিকেল কলেজ (সিবিএমসি), ময়মনসিং ', 1, 2, '2023-10-23 23:28:25', '2023-10-23 23:28:25', NULL),
(75, 'কমিউনিটি মেডিকেল কলেজ, ঢাকা ', 1, 2, '2023-10-23 23:28:25', '2023-10-23 23:28:25', NULL),
(76, 'কক্সের বাজার ইন্টারন্যাশনাল ইউনিভার্সিটি ', 1, 2, '2023-10-23 23:28:25', '2023-10-23 23:28:25', NULL),
(77, 'কক্সের বাজার মেডিকেল কলেজ', 1, 2, '2023-10-23 23:28:25', '2023-10-23 23:28:25', NULL),
(78, 'ড্যাফোডিল ইন্টারন্যাশনাল ইউনিভার্সিটি ', 1, 2, '2023-10-23 23:28:25', '2023-10-23 23:28:25', NULL),
(79, 'দারুল ইহসান ইউনিভার্সিটি ', 1, 2, '2023-10-23 23:28:25', '2023-10-23 23:28:25', NULL),
(80, 'ডেল্টা মেডিকেল কলেজ, ঢাকা ', 1, 2, '2023-10-23 23:28:25', '2023-10-23 23:28:25', NULL),
(81, 'ঢাকা ইন্টারন্যাশনাল ইউনিভার্সিটি ', 1, 2, '2023-10-23 23:28:25', '2023-10-23 23:28:25', NULL),
(82, 'ঢাকা মেডিকেল কলেজ', 1, 2, '2023-10-23 23:28:25', '2023-10-23 23:28:25', NULL),
(83, 'ঢাকা ন্যাশনাল মেডিকেল কলেজ', 1, 2, '2023-10-23 23:28:25', '2023-10-23 23:28:25', NULL),
(84, 'ঢাকা বিশ্ববিদ্যালয়', 1, 2, '2023-10-23 23:28:25', '2023-10-23 23:28:25', NULL),
(85, 'ঢাকা প্রকৌশল ও প্রযুক্তি বিশ্ববিদ্যালয়', 1, 2, '2023-10-23 23:28:25', '2023-10-23 23:28:25', NULL),
(86, 'দিনাজপুর মেডিকেল কলেজ', 1, 2, '2023-10-23 23:28:25', '2023-10-23 23:28:25', NULL),
(87, 'দুররা সামাদ রহমান রেড ক্রিসেন্ট উইমেনস মেডিকেল কলেজ, সিলেট', 1, 2, '2023-10-23 23:28:25', '2023-10-23 23:28:25', NULL),
(88, 'ইস্ট ডেল্টা ইউনিভার্সিটি, চট্টগ্রাম', 1, 2, '2023-10-23 23:28:25', '2023-10-23 23:28:25', NULL),
(89, 'ইস্ট ওয়েস্ট ইউনিভার্সিটি ', 1, 2, '2023-10-23 23:28:25', '2023-10-23 23:28:25', NULL),
(90, 'ইস্টার্ন মেডিকেল কলেজ, কুমিল্লা ', 1, 2, '2023-10-23 23:28:25', '2023-10-23 23:28:25', NULL),
(91, 'ইস্টার্ন ইউনিভার্সিটি ', 1, 2, '2023-10-23 23:28:25', '2023-10-23 23:28:25', NULL),
(92, 'এনাম মেডিকেল কলেজ, সাভার, ঢাকা ', 1, 2, '2023-10-23 23:28:25', '2023-10-23 23:28:25', NULL),
(93, 'উরোপেন বাংলাদেশ ইউনিভার্সিটি ', 1, 2, '2023-10-23 23:28:25', '2023-10-23 23:28:25', NULL),
(94, 'এক্সিম ব্যাংক এগ্রিকালচারাল ইউনিভার্সিটি, বাংলাদেশ', 1, 2, '2023-10-23 23:28:25', '2023-10-23 23:28:25', NULL),
(95, 'ফারইস্ট ইন্টারন্যাশনাল ইউনিভার্সিটি ', 1, 2, '2023-10-23 23:28:25', '2023-10-23 23:28:25', NULL),
(96, 'ফরিদপুর ইঞ্জিনিয়ারিং কলেজ', 1, 2, '2023-10-23 23:28:25', '2023-10-23 23:28:25', NULL),
(97, 'ফরিদপুর মেডিকেল কলেজ', 1, 2, '2023-10-23 23:28:25', '2023-10-23 23:28:25', NULL),
(98, 'ফেনি মেডিকেল কলেজ, ফেনি', 1, 2, '2023-10-23 23:28:25', '2023-10-23 23:28:25', NULL),
(99, 'ফেনি বিশ্ববিদ্যালয়', 1, 2, '2023-10-23 23:28:25', '2023-10-23 23:28:25', NULL),
(100, 'ফার্স্ট ক্যাপিটাল ইউনিভার্সিটি অফ বাংলাদেশ ', 1, 2, '2023-10-23 23:28:25', '2023-10-23 23:28:25', NULL),
(101, 'জার্মান বিশ্ববিদ্যালয় বাংলাদেশ', 1, 2, '2023-10-23 23:28:25', '2023-10-23 23:28:25', NULL),
(102, 'গ্লোবাল ইউনিভার্সিটি বাংলাদেশ', 1, 2, '2023-10-23 23:28:25', '2023-10-23 23:28:25', NULL),
(103, 'গনো বিশ্ববিদ্যালয়, সাভার, ঢাকা ', 1, 2, '2023-10-23 23:28:25', '2023-10-23 23:28:25', NULL),
(104, 'গ্রিন লাইফ মেডিকেল কলেজ, ঢাকা ', 1, 2, '2023-10-23 23:28:25', '2023-10-23 23:28:25', NULL),
(105, 'গ্রিন ইউনিভার্সিটি অফ বাংলাদেশ ', 1, 2, '2023-10-23 23:28:25', '2023-10-23 23:28:25', NULL),
(106, 'হাজী মোহাম্মদ দানেশ বিজ্ঞান ও প্রযুক্তি বিশ্ববিদ্যালয়', 1, 2, '2023-10-23 23:28:25', '2023-10-23 23:28:25', NULL),
(107, 'হামদর্দ ইউনিভার্সিটি বাংলাদেশ', 1, 2, '2023-10-23 23:28:25', '2023-10-23 23:28:25', NULL),
(108, 'হবিগঞ্জ এগ্রিকালচারাল ইউনিভার্সিটি ', 1, 2, '2023-10-23 23:28:25', '2023-10-23 23:28:25', NULL),
(109, 'হলি ফ্যামিলি রেড ক্রিসেন্ট মেডিকেল কলেজ, ঢাকা ', 1, 2, '2023-10-23 23:28:25', '2023-10-23 23:28:25', NULL),
(110, 'ইবাইস ইউনিভার্সিটি ', 1, 2, '2023-10-23 23:28:25', '2023-10-23 23:28:25', NULL),
(111, 'ইবনে সিনা মেডিকেল কলেজ, ঢাকা ', 1, 2, '2023-10-23 23:28:25', '2023-10-23 23:28:25', NULL),
(112, 'ইব্রাহিম মেডিকেল কলেজ, ঢাকা ', 1, 2, '2023-10-23 23:28:25', '2023-10-23 23:28:25', NULL),
(113, 'ইন্ডিপেন্ডেন্ট ইউনিভার্সিটি, বাংলাদেশ', 1, 2, '2023-10-23 23:28:25', '2023-10-23 23:28:25', NULL),
(114, 'ইন্টারন্যাশনাল ইসলামিক ইউনিভার্সিটি, চট্টগ্রাম', 1, 2, '2023-10-23 23:28:25', '2023-10-23 23:28:25', NULL),
(115, 'ইন্টারন্যাশনাল মেডিকেল কলেজ, গাজিপুর', 1, 2, '2023-10-23 23:28:25', '2023-10-23 23:28:25', NULL),
(116, 'ইন্টারন্যাশনাল স্ট্যান্ডার্ড ইউনিভার্সিটি', 1, 2, '2023-10-23 23:28:25', '2023-10-23 23:28:25', NULL),
(117, 'ইন্টারন্যাশনাল ইউনিভার্সিটি অফ বিসনেস এগ্রিকালচার এন্ড টেকনোলজি ', 1, 2, '2023-10-23 23:28:25', '2023-10-23 23:28:25', NULL),
(118, 'ইশখা ইন্টারন্যাশনাল ইউনিভার্সিটি, বাংলাদেশ', 1, 2, '2023-10-23 23:28:25', '2023-10-23 23:28:25', NULL),
(119, 'ইসলামি ব্যাংক মেডিকেল কলেজ, রাজশাহী', 1, 2, '2023-10-23 23:28:25', '2023-10-23 23:28:25', NULL),
(120, 'ইসলামিক আরবি ইউনিভার্সিটি', 1, 2, '2023-10-23 23:28:25', '2023-10-23 23:28:25', NULL),
(121, 'ইসলামিক বিশ্ববিদ্যালয়', 1, 2, '2023-10-23 23:28:25', '2023-10-23 23:28:25', NULL),
(122, 'ইসলামিক ইউনিভার্সিটি অফ টেকনোলজি ', 1, 2, '2023-10-23 23:28:25', '2023-10-23 23:28:25', NULL),
(123, 'ইসলামিক ইউনিভার্সিটি অফ টেকনোলজি, গাজিপুর', 1, 2, '2023-10-23 23:28:25', '2023-10-23 23:28:25', NULL),
(124, 'ইসলামিক ইউনিভার্সিটি, বাংলাদেশ', 1, 2, '2023-10-23 23:28:25', '2023-10-23 23:28:25', NULL),
(125, 'ইসলামিক ইউনিভার্সিটি, কুষ্টিয়া ', 1, 2, '2023-10-23 23:28:25', '2023-10-23 23:28:25', NULL),
(126, 'জগন্নাথ বিশ্ববিদ্যালয়', 1, 2, '2023-10-23 23:28:25', '2023-10-23 23:28:25', NULL),
(127, 'জাহাঙ্গীরনগর বিশ্ববিদ্যালয়', 1, 2, '2023-10-23 23:28:25', '2023-10-23 23:28:25', NULL),
(128, 'জাহুরুল ইসলাম মেডিকেল কলেজ, কিশোরগঞ্জ', 1, 2, '2023-10-23 23:28:25', '2023-10-23 23:28:25', NULL),
(129, 'জালালাবাদ রাগিব-রাবেয়া মেডিকেল কলেজ, সিলেট', 1, 2, '2023-10-23 23:28:25', '2023-10-23 23:28:25', NULL),
(130, 'জাতিয় কাবি কাজী নাজরুল ইসলাম বিশ্ববিদ্যালয়', 1, 2, '2023-10-23 23:28:25', '2023-10-23 23:28:25', NULL),
(131, 'যশোর মেডিকেল কলেজ', 1, 2, '2023-10-23 23:28:25', '2023-10-23 23:28:25', NULL),
(132, 'যশোর বিজ্ঞান এন্ড প্রযুক্তি বিশ্ববিদ্যালয়', 1, 2, '2023-10-23 23:28:25', '2023-10-23 23:28:25', NULL),
(133, 'যশোর ইউনিভার্সিটি অফ সাইন্স এন্ড  টেকনোলজি ', 1, 2, '2023-10-23 23:28:25', '2023-10-23 23:28:25', NULL),
(134, 'খাজা ইউনুস আলী মেডিকেল কলেজ, সিরাজগঞ্জ', 1, 2, '2023-10-23 23:28:25', '2023-10-23 23:28:25', NULL),
(135, 'খুলনা কৃষি বিশ্ববিদ্যালয়', 1, 2, '2023-10-23 23:28:25', '2023-10-23 23:28:25', NULL),
(136, 'খুলনা খান বাহাদুর আহসানুল্লাহ বিশ্ববিদ্যালয়', 1, 2, '2023-10-23 23:28:25', '2023-10-23 23:28:25', NULL),
(137, 'খুলনা মেডিকেল কলেজ', 1, 2, '2023-10-23 23:28:25', '2023-10-23 23:28:25', NULL),
(138, 'খুলনা বিশ্ববিদ্যালয়', 1, 2, '2023-10-23 23:28:25', '2023-10-23 23:28:25', NULL),
(139, 'খুলনা প্রকৌশল ও প্রযুক্তি বিশ্ববিদ্যালয়', 1, 2, '2023-10-23 23:28:25', '2023-10-23 23:28:25', NULL),
(140, 'খাজা ইউনুস আলী বিশ্ববিদ্যালয়', 1, 2, '2023-10-23 23:28:25', '2023-10-23 23:28:25', NULL),
(141, 'কুমুদিনী মেডিকেল কলেজ, টাঙ্গাইল', 1, 2, '2023-10-23 23:28:25', '2023-10-23 23:28:25', NULL),
(142, 'কুষ্টিয়া মেডিকেল কলেজ', 1, 2, '2023-10-23 23:28:25', '2023-10-23 23:28:25', NULL),
(143, 'ল্যাবএইড মেডিকেল কলেজ , ধানমন্ডি, ঢাকা ', 1, 2, '2023-10-23 23:28:25', '2023-10-23 23:28:25', NULL),
(144, 'লিডিং ইউনিভার্সিটি, সিলেট', 1, 2, '2023-10-23 23:28:25', '2023-10-23 23:28:25', NULL),
(145, 'এম এ জি ওসমানী মেডিকেল কলেজ ', 1, 2, '2023-10-23 23:28:25', '2023-10-23 23:28:25', NULL),
(146, 'মানরাত ইন্টারন্যাশনাল বিশ্ববিদ্যালয়', 1, 2, '2023-10-23 23:28:25', '2023-10-23 23:28:25', NULL),
(147, 'মাওলানা ভাসানী মেডিকেল কলেজ', 1, 2, '2023-10-23 23:28:25', '2023-10-23 23:28:25', NULL),
(148, 'মাওলানা ভশানী বিজ্ঞান ও প্রযুক্তি বিশ্ববিদ্যালয়', 1, 2, '2023-10-23 23:28:25', '2023-10-23 23:28:25', NULL),
(149, 'মেডিকেল কলেজ ফর উইমেন অ্যান্ড হাসপাতাল, ঢাকা ', 1, 2, '2023-10-23 23:28:25', '2023-10-23 23:28:25', NULL),
(150, 'মেট্রোপলিটন ইউনিভার্সিটি, সিলেট', 1, 2, '2023-10-23 23:28:25', '2023-10-23 23:28:25', NULL),
(151, 'মাইক্রোল্যান্ড বিজ্ঞান ও প্রযুক্তি বিশ্ববিদ্যালয়', 1, 2, '2023-10-23 23:28:25', '2023-10-23 23:28:25', NULL),
(152, 'মিলিটারি ইনস্টিটিউট অফ সায়েন্স অ্যান্ড টেকনোলজি (এম আই এস টি )', 1, 2, '2023-10-23 23:28:25', '2023-10-23 23:28:25', NULL),
(153, 'ময়মনসিং ইঞ্জিনিয়ারিং কলেজ', 1, 2, '2023-10-23 23:28:25', '2023-10-23 23:28:25', NULL),
(154, 'ময়মনসিং মেডিকেল কলেজ', 1, 2, '2023-10-23 23:28:25', '2023-10-23 23:28:25', NULL),
(155, 'এন.পি.আই ইউনিভার্সিটি অফ বাংলাদেশ ', 1, 2, '2023-10-23 23:28:25', '2023-10-23 23:28:25', NULL),
(156, 'জাতীয় বিশ্ববিদ্যালয়', 1, 2, '2023-10-23 23:28:25', '2023-10-23 23:28:25', NULL),
(157, 'নাইটিংগেল মেডিকেল কলেজ, ঢাকা', 1, 2, '2023-10-23 23:28:25', '2023-10-23 23:28:25', NULL),
(158, 'নোয়াখালী মেডিকেল কলেজ', 1, 2, '2023-10-23 23:28:25', '2023-10-23 23:28:25', NULL),
(159, 'নোয়াখালী বিজ্ঞান ও প্রযুক্তি বিশ্ববিদ্যালয়', 1, 2, '2023-10-23 23:28:25', '2023-10-23 23:28:25', NULL),
(160, 'নর্থ বেঙ্গল ইন্টারন্যাশনাল ইউনিভার্সিটি ', 1, 2, '2023-10-23 23:28:25', '2023-10-23 23:28:25', NULL),
(161, 'নর্থ বেঙ্গল মেডিকেল কলেজ, সিরাজগঞ্জ', 1, 2, '2023-10-23 23:28:25', '2023-10-23 23:28:25', NULL),
(162, 'নর্থ ইস্ট মেডিকেল কলেজ, সিলেট', 1, 2, '2023-10-23 23:28:25', '2023-10-23 23:28:25', NULL),
(163, 'নর্থ ইস্ট ইউনিভার্সিটি বাংলাদেশ', 1, 2, '2023-10-23 23:28:25', '2023-10-23 23:28:25', NULL),
(164, 'নর্থ সাউথ ইউনিভার্সিটি ', 1, 2, '2023-10-23 23:28:25', '2023-10-23 23:28:25', NULL),
(165, 'নর্থ ওয়েস্টার্ন ইউনিভার্সিটি ', 1, 2, '2023-10-23 23:28:25', '2023-10-23 23:28:25', NULL),
(166, 'নর্দান ইন্টারন্যাশনাল মেডিকেল কলেজ, ঢাকা ', 1, 2, '2023-10-23 23:28:25', '2023-10-23 23:28:25', NULL),
(167, 'নর্দান প্রাইভেট মেডিকেল কলেজ, রংপুর', 1, 2, '2023-10-23 23:28:25', '2023-10-23 23:28:25', NULL),
(168, 'নর্দান ইউনিভার্সিটি বাংলাদেশ', 1, 2, '2023-10-23 23:28:25', '2023-10-23 23:28:25', NULL),
(169, 'নর্দান ইউনিভার্সিটি অফ বিজনেস & প্রযুক্তি, খুলনা', 1, 2, '2023-10-23 23:28:25', '2023-10-23 23:28:25', NULL),
(170, 'নটরডেম বিশ্ববিদ্যালয় বাংলাদেশ', 1, 2, '2023-10-23 23:28:25', '2023-10-23 23:28:25', NULL),
(171, 'পাবনা মেডিকেল কলেজ', 1, 2, '2023-10-23 23:28:25', '2023-10-23 23:28:25', NULL),
(172, 'পাবনা বিজ্ঞান ও প্রযুক্তি বিশ্ববিদ্যালয়', 1, 2, '2023-10-23 23:28:25', '2023-10-23 23:28:25', NULL),
(173, 'পটুয়াখালী বিজ্ঞান ও প্রযুক্তি বিশ্ববিদ্যালয়', 1, 2, '2023-10-23 23:28:25', '2023-10-23 23:28:25', NULL),
(174, 'পপুলার মেডিকেল কলেজ এন্ড হাসপাতাল , ঢাকা ', 1, 2, '2023-10-23 23:28:25', '2023-10-23 23:28:25', NULL),
(175, 'পোর্ট সিটি ইন্টারন্যাশনাল ইউনিভার্সিটি ', 1, 2, '2023-10-23 23:28:25', '2023-10-23 23:28:25', NULL),
(176, 'প্রিমিয়ার ইউনিভার্সিটি, চট্টগ্রাম', 1, 2, '2023-10-23 23:28:25', '2023-10-23 23:28:25', NULL),
(177, 'প্রেসিডেন্সি ইউনিভার্সিটি ', 1, 2, '2023-10-23 23:28:25', '2023-10-23 23:28:25', NULL),
(178, 'প্রাইম মেডিকেল কলেজ, রাংপুর', 1, 2, '2023-10-23 23:28:25', '2023-10-23 23:28:25', NULL),
(179, 'প্রাইম ইউনিভার্সিটি ', 1, 2, '2023-10-23 23:28:25', '2023-10-23 23:28:25', NULL),
(180, 'প্রাইম এশিয়া ইউনিভার্সিটি ', 1, 2, '2023-10-23 23:28:25', '2023-10-23 23:28:25', NULL),
(181, 'পুন্ড্রা বিজ্ঞান ও প্রযুক্তি বিশ্ববিদ্যালয়', 1, 2, '2023-10-23 23:28:25', '2023-10-23 23:28:25', NULL),
(182, 'কুইন্স ইউনিভার্সিটি ', 1, 2, '2023-10-23 23:28:25', '2023-10-23 23:28:25', NULL),
(183, 'আর.টি.এম আল-কাবির প্রযুক্তিগত বিশ্ববিদ্যালয়', 1, 2, '2023-10-23 23:28:25', '2023-10-23 23:28:25', NULL),
(184, 'রবীন্দ্র মিত্রি ইউনিভার্সিটি , কুশিয়া', 1, 2, '2023-10-23 23:28:25', '2023-10-23 23:28:25', NULL),
(185, 'রবীন্দ্র বিশ্ববিদ্যালয়, বাংলাদেশ', 1, 2, '2023-10-23 23:28:25', '2023-10-23 23:28:25', NULL),
(186, 'রাজশাহী মেডিকেল কলেজ', 1, 2, '2023-10-23 23:28:25', '2023-10-23 23:28:25', NULL),
(187, 'রাজশাহী মেডিকেল বিশ্ববিদ্যালয়', 1, 2, '2023-10-23 23:28:25', '2023-10-23 23:28:25', NULL),
(188, 'রাজশাহী বিজ্ঞান ও প্রযুক্তি বিশ্ববিদ্যালয় (আরএসটিইউ), নাটোর', 1, 2, '2023-10-23 23:28:25', '2023-10-23 23:28:25', NULL),
(189, 'রাজশাহী বিশ্ববিদ্যালয়', 1, 2, '2023-10-23 23:28:25', '2023-10-23 23:28:25', NULL),
(190, 'রাজশাহী ইউনিভার্সিটি অফ ইঞ্জিনিয়ারিং এন্ড টেকনোলজি  ', 1, 2, '2023-10-23 23:28:25', '2023-10-23 23:28:25', NULL),
(191, 'রানদা প্রসাদ শাহা বিশ্ববিদ্যালয়', 1, 2, '2023-10-23 23:28:25', '2023-10-23 23:28:25', NULL),
(192, 'রাঙ্গামতি বিজ্ঞান ও প্রযুক্তি বিশ্ববিদ্যালয়', 1, 2, '2023-10-23 23:28:25', '2023-10-23 23:28:25', NULL),
(193, 'রংপুর কমিউনিটি হাসপাতাল মেডিকেল কলেজ', 1, 2, '2023-10-23 23:28:25', '2023-10-23 23:28:25', NULL),
(194, 'রাংপুর মেডিকেল কলেজ', 1, 2, '2023-10-23 23:28:25', '2023-10-23 23:28:25', NULL),
(195, 'রংপুর বিশ্ববিদ্যালয়', 1, 2, '2023-10-23 23:28:25', '2023-10-23 23:28:25', NULL),
(196, 'রয়েল ইউনিভার্সিটি অফ ঢাকা ', 1, 2, '2023-10-23 23:28:25', '2023-10-23 23:28:25', NULL),
(197, 'রূপায়ান এ.কে.এম শামসুজ্জোহা বিশ্ববিদ্যালয়', 1, 2, '2023-10-23 23:28:25', '2023-10-23 23:28:25', NULL),
(198, 'সাহাবউদ্দিন মেডিকেল কলেজ ও হাসপাতাল', 1, 2, '2023-10-23 23:28:25', '2023-10-23 23:28:25', NULL),
(199, 'সমাজ ভিত্তিক মেডিকেল কলেজ, মিরজানগর, সাভার', 1, 2, '2023-10-23 23:28:25', '2023-10-23 23:28:25', NULL),
(200, 'সাতখিরা মেডিকেল কলেজ', 1, 2, '2023-10-23 23:28:25', '2023-10-23 23:28:25', NULL),
(201, 'শাহ মাখদুম ম্যানেজমেন্ট বিশ্ববিদ্যালয়, রাজশাহী', 1, 2, '2023-10-23 23:28:25', '2023-10-23 23:28:25', NULL),
(202, 'শাহাবউদ্দিন মেডিকেল কলেজ, ঢাকা ', 1, 2, '2023-10-23 23:28:25', '2023-10-23 23:28:25', NULL),
(203, 'শহীদ নাজরুল ইসলাম মেডিকেল কলেজ', 1, 2, '2023-10-23 23:28:25', '2023-10-23 23:28:25', NULL),
(204, 'শহীদ সুহরাওয়ার্দি মেডিকেল কলেজ', 1, 2, '2023-10-23 23:28:25', '2023-10-23 23:28:25', NULL),
(205, 'শহীদ জিয়াউর রহমান মেডিকেল কলেজ', 1, 2, '2023-10-23 23:28:25', '2023-10-23 23:28:25', NULL),
(206, 'শাহজালাল বিজ্ঞান ও প্রযুক্তি বিশ্ববিদ্যালয়', 1, 2, '2023-10-23 23:28:25', '2023-10-23 23:28:25', NULL),
(207, 'শান্তা মারিয়াম ক্রিয়েটিভ টেকনোলজি বিশ্ববিদ্যালয়', 1, 2, '2023-10-23 23:28:25', '2023-10-23 23:28:25', NULL),
(208, 'শেখ ফাজিলাতুনেসা মুজিব বিশ্ববিদ্যালয়', 1, 2, '2023-10-23 23:28:25', '2023-10-23 23:28:25', NULL),
(209, 'শেখ হাসিনা বিশ্ববিদ্যালয়', 1, 2, '2023-10-23 23:28:25', '2023-10-23 23:28:25', NULL),
(210, 'শেখ সায়েরা খাতুন মেডিকেল কলেজ, গোপালগঞ্জ', 1, 2, '2023-10-23 23:28:25', '2023-10-23 23:28:25', NULL),
(211, 'শের-ই-বাংলা কৃষি বিশ্ববিদ্যালয়', 1, 2, '2023-10-23 23:28:25', '2023-10-23 23:28:25', NULL),
(212, 'শের-ই-বাংলা মেডিকেল কলেজ', 1, 2, '2023-10-23 23:28:25', '2023-10-23 23:28:25', NULL),
(213, 'স্যার সালিমুল্লাহ মেডিকেল কলেজ', 1, 2, '2023-10-23 23:28:25', '2023-10-23 23:28:25', NULL),
(214, 'সোনারগাঁও বিশ্ববিদ্যালয়', 1, 2, '2023-10-23 23:28:25', '2023-10-23 23:28:25', NULL),
(215, 'দক্ষিণ এশীয় বিশ্ববিদ্যালয়', 1, 2, '2023-10-23 23:28:25', '2023-10-23 23:28:25', NULL),
(216, 'দক্ষিণ -পূর্ব বিশ্ববিদ্যালয়', 1, 2, '2023-10-23 23:28:25', '2023-10-23 23:28:25', NULL),
(217, 'দক্ষিন মেডিকেল কলেজ, চট্টগ্রাম', 1, 2, '2023-10-23 23:28:25', '2023-10-23 23:28:25', NULL),
(218, 'দক্ষিণ বিশ্ববিদ্যালয় বাংলাদেশ', 1, 2, '2023-10-23 23:28:25', '2023-10-23 23:28:25', NULL),
(219, 'বাংলাদেশের দক্ষিণ বিশ্ববিদ্যালয়, চট্টগ্রাম', 1, 2, '2023-10-23 23:28:25', '2023-10-23 23:28:25', NULL),
(220, 'স্ট্যামফোর্ড বিশ্ববিদ্যালয়, বাংলাদেশ', 1, 2, '2023-10-23 23:28:25', '2023-10-23 23:28:25', NULL),
(221, 'বাংলাদেশের রাজ্য বিশ্ববিদ্যালয়', 1, 2, '2023-10-23 23:28:25', '2023-10-23 23:28:25', NULL),
(222, 'স্টেট ইউনিভার্সিটি অফ বাংলাদেশ ', 1, 2, '2023-10-23 23:28:25', '2023-10-23 23:28:25', NULL),
(223, 'সিলেট ইঞ্জিনিয়ারিং কলেজ', 1, 2, '2023-10-23 23:28:25', '2023-10-23 23:28:25', NULL),
(224, 'সিলেট আন্তর্জাতিক বিশ্ববিদ্যালয়, সিলেট', 1, 2, '2023-10-23 23:28:25', '2023-10-23 23:28:25', NULL),
(225, 'সিলেট মেডিকেল বিশ্ববিদ্যালয়', 1, 2, '2023-10-23 23:28:25', '2023-10-23 23:28:25', NULL),
(226, 'সিলেট উইমেনস মেডিকেল কলেজ, সিলেট', 1, 2, '2023-10-23 23:28:25', '2023-10-23 23:28:25', NULL),
(227, 'ঠাকুর ক্রিয়েটিভ আর্টস, উত্তরা,ঢাকা, বাংলাদেশ ', 1, 2, '2023-10-23 23:28:25', '2023-10-23 23:28:25', NULL),
(228, 'টায়রুনেসা মেমোরিয়াল মেডিকেল কলেজ, গাজিপুর ', 1, 2, '2023-10-23 23:28:25', '2023-10-23 23:28:25', NULL),
(229, 'দি ইন্টারন্যাশনাল ইউনিভার্সিটি অফ স্কলার্স ', 1, 2, '2023-10-23 23:28:25', '2023-10-23 23:28:25', NULL),
(230, 'মিলেনিয়াম বিশ্ববিদ্যালয়', 1, 2, '2023-10-23 23:28:25', '2023-10-23 23:28:25', NULL),
(231, 'দি পিপলস ইউনিভার্সিটি অফ বাংলাদেশ', 1, 2, '2023-10-23 23:28:25', '2023-10-23 23:28:25', NULL),
(232, 'দি ইউনিভার্সিটি অফ এশিয়া প্যাসিফিক ', 1, 2, '2023-10-23 23:28:25', '2023-10-23 23:28:25', NULL),
(233, 'টাইমস বিশ্ববিদ্যালয়, বাংলাদেশ', 1, 2, '2023-10-23 23:28:25', '2023-10-23 23:28:25', NULL),
(234, 'টিএমএসএস মেডিকেল কলেজ, বগড়া', 1, 2, '2023-10-23 23:28:25', '2023-10-23 23:28:25', NULL),
(235, 'ট্রাস্ট বিশ্ববিদ্যালয়, বারিশাল', 1, 2, '2023-10-23 23:28:25', '2023-10-23 23:28:25', NULL),
(236, 'ইউনাইটেড ইন্টারন্যাশনাল ইউনিভার্সিটি ', 1, 2, '2023-10-23 23:28:25', '2023-10-23 23:28:25', NULL),
(237, 'ইউনিভার্সিটি অফ এশিয়া প্যাসিফিক ', 1, 2, '2023-10-23 23:28:25', '2023-10-23 23:28:25', NULL),
(238, 'বরিশাল বিশ্ববিদ্যালয়', 1, 2, '2023-10-23 23:28:25', '2023-10-23 23:28:25', NULL),
(239, 'ব্রাহ্মণবারিয়া বিশ্ববিদ্যালয়', 1, 2, '2023-10-23 23:28:25', '2023-10-23 23:28:25', NULL),
(240, 'চট্টগ্রাম বিশ্ববিদ্যালয়', 1, 2, '2023-10-23 23:28:25', '2023-10-23 23:28:25', NULL),
(241, 'ক্রিয়েটিভ টেকনোলজি বিশ্ববিদ্যালয়, চট্টগ্রাম', 1, 2, '2023-10-23 23:28:25', '2023-10-23 23:28:25', NULL),
(242, 'ইউনিভার্সিটি অফ ডেভেলপমেন্ট অল্টারনেটিভ ', 1, 2, '2023-10-23 23:28:25', '2023-10-23 23:28:25', NULL),
(243, 'ইউনিভার্সিটি অফ ঢাকা ', 1, 2, '2023-10-23 23:28:25', '2023-10-23 23:28:25', NULL),
(244, 'ইউনিভার্সিটি অফ গ্লোবাল ভিলেজ ', 1, 2, '2023-10-23 23:28:25', '2023-10-23 23:28:25', NULL),
(245, 'ইউনিভার্সিটি অফ ইনফরমেশন সাইন্স এন্ড ইঞ্জিনিয়ারিং ', 1, 2, '2023-10-23 23:28:25', '2023-10-23 23:28:25', NULL),
(246, 'ইউনিভার্সিটি অফ লিভারেল আর্টস বাংলাদেশ ', 1, 2, '2023-10-23 23:28:25', '2023-10-23 23:28:25', NULL),
(247, 'রাজশাহী বিশ্ববিদ্যালয়', 1, 2, '2023-10-23 23:28:25', '2023-10-23 23:28:25', NULL),
(248, 'ইউনিভার্সিটি অফ সাইন্স এন্ড টেকনোলজি ', 1, 2, '2023-10-23 23:28:25', '2023-10-23 23:28:25', NULL),
(249, 'ইউনিভার্সিটি অফ স্কিল এনরিচমেন্ট এন্ড টেকনোলজি  ', 1, 2, '2023-10-23 23:28:25', '2023-10-23 23:28:25', NULL),
(250, 'ইউনিভার্সিটি অফ সাউদ এশিয়া ', 1, 2, '2023-10-23 23:28:25', '2023-10-23 23:28:25', NULL),
(251, 'উত্তরা আধুনিক মেডিকেল কলেজ, ঢাকা ', 1, 2, '2023-10-23 23:28:25', '2023-10-23 23:28:25', NULL),
(252, 'উত্তরা বিশ্ববিদ্যালয়', 1, 2, '2023-10-23 23:28:25', '2023-10-23 23:28:25', NULL),
(253, 'ভারেন্দ্র বিশ্ববিদ্যালয়', 1, 2, '2023-10-23 23:28:25', '2023-10-23 23:28:25', NULL),
(254, 'ভিক্টোরিয়া ইউনিভার্সিটি অফ বাংলাদেশ', 1, 2, '2023-10-23 23:28:25', '2023-10-23 23:28:25', NULL),
(255, 'ওয়ার্ল্ড ইউনিভার্সিটি অফ বাংলাদেশ ', 1, 2, '2023-10-23 23:28:25', '2023-10-23 23:28:25', NULL),
(256, 'জেড এইচ সিকদার উইমেনস মেডিকেল কলেজ', 1, 2, '2023-10-23 23:28:25', '2023-10-23 23:28:25', NULL),
(257, 'জেড.এইচ সিকদার বিজ্ঞান ও প্রযুক্তি বিশ্ববিদ্যালয়', 1, 2, '2023-10-23 23:28:25', '2023-10-23 23:28:25', NULL),
(258, 'জেড.এন.আর.এফ. ইউনিভার্সিটি অফ ম্যানেজমেন্ট সাইন্স ', 1, 2, '2023-10-23 23:28:25', '2023-10-23 23:28:25', NULL),
(259, 'অন্যান্য', 1, 2, '2023-10-23 23:28:25', '2023-10-23 23:28:25', NULL);

-- --------------------------------------------------------

--
-- Table structure for table `jb18_certificates`
--

CREATE TABLE `jb18_certificates` (
  `id` int(11) NOT NULL,
  `name` varchar(200) NOT NULL,
  `status` int(11) NOT NULL DEFAULT 1,
  `created_at` timestamp NULL DEFAULT current_timestamp(),
  `updated_at` timestamp NULL DEFAULT NULL ON UPDATE current_timestamp(),
  `deleted_at` timestamp NULL DEFAULT NULL
) ENGINE=InnoDB DEFAULT CHARSET=utf8 COLLATE=utf8_general_ci;

--
-- Dumping data for table `jb18_certificates`
--

INSERT INTO `jb18_certificates` (`id`, `name`, `status`, `created_at`, `updated_at`, `deleted_at`) VALUES
(1, 'প্রথম শ্রেণীর ইনল্যান্ড মাষ্টার সার্টিফিকেট', 1, '2023-04-02 15:09:43', NULL, NULL),
(2, 'দ্বিতীয় শ্রেণীর ইনল্যান্ড মাষ্টার সার্টিফিকেট', 1, '2023-04-02 15:09:43', NULL, NULL);

-- --------------------------------------------------------

--
-- Table structure for table `jb18_district_upozilla`
--

CREATE TABLE `jb18_district_upozilla` (
  `id` int(11) NOT NULL,
  `zilla_name` varchar(255) DEFAULT NULL,
  `zilla_id` int(11) DEFAULT 0,
  `upozilla` varchar(255) DEFAULT NULL
) ENGINE=InnoDB DEFAULT CHARSET=utf8 COLLATE=utf8_general_ci;

--
-- Dumping data for table `jb18_district_upozilla`
--

INSERT INTO `jb18_district_upozilla` (`id`, `zilla_name`, `zilla_id`, `upozilla`) VALUES
(1, 'সিরাজগঞ্জ', 0, NULL),
(2, 'পাবনা', 0, NULL),
(3, 'বগুড়া', 0, NULL),
(4, 'রাজশাহী', 0, NULL),
(5, 'নাটোর', 0, NULL),
(6, 'জয়পুরহাট', 0, NULL),
(7, 'চাঁপাইনবাবগঞ্জ', 0, NULL),
(8, 'নওগাঁ', 0, NULL),
(9, 'নরসিংদী', 0, NULL),
(10, 'গাজীপুর', 0, NULL),
(11, 'শরীয়তপুর', 0, NULL),
(12, 'নারায়ণগঞ্জ', 0, NULL),
(13, 'টাঙ্গাইল', 0, NULL),
(14, 'কিশোরগঞ্জ', 0, NULL),
(15, 'মানিকগঞ্জ', 0, NULL),
(16, 'ঢাকা', 0, NULL),
(17, 'মুন্সিগঞ্জ', 0, NULL),
(18, 'রাজবাড়ী', 0, NULL),
(19, 'মাদারীপুর', 0, NULL),
(20, 'গোপালগঞ্জ', 0, NULL),
(21, 'ফরিদপুর', 0, NULL),
(22, 'পঞ্চগড়', 0, NULL),
(23, 'দিনাজপুর', 0, NULL),
(24, 'লালমনিরহাট', 0, NULL),
(25, 'নীলফামারী', 0, NULL),
(26, 'গাইবান্ধা', 0, NULL),
(27, 'ঠাকুরগাঁও', 0, NULL),
(28, 'রংপুর', 0, NULL),
(29, 'কুড়িগ্রাম', 0, NULL),
(30, 'শেরপুর', 0, NULL),
(31, 'ময়মনসিংহ', 0, NULL),
(32, 'জামালপুর', 0, NULL),
(33, 'নেত্রকোণা', 0, NULL),
(34, 'যশোর', 0, NULL),
(35, 'সাতক্ষীরা', 0, NULL),
(36, 'মেহেরপুর', 0, NULL),
(37, 'নড়াইল', 0, NULL),
(38, 'চুয়াডাঙ্গা', 0, NULL),
(39, 'কুষ্টিয়া', 0, NULL),
(40, 'মাগুরা', 0, NULL),
(41, 'খুলনা', 0, NULL),
(42, 'বাগেরহাট', 0, NULL),
(43, 'ঝিনাইদহ', 0, NULL),
(44, 'ঝালকাঠি', 0, NULL),
(45, 'পটুয়াখালী', 0, NULL),
(46, 'পিরোজপুর', 0, NULL),
(47, 'বরিশাল', 0, NULL),
(48, 'ভোলা', 0, NULL),
(49, 'বরগুনা', 0, NULL),
(50, 'সিলেট', 0, NULL),
(51, 'মৌলভীবাজার', 0, NULL),
(52, 'হবিগঞ্জ', 0, NULL),
(53, 'সুনামগঞ্জ', 0, NULL),
(54, 'কুমিল্লা', 0, NULL),
(55, 'ফেনী', 0, NULL),
(56, 'ব্রাহ্মণবাড়িয়া', 0, NULL),
(57, 'রাঙ্গামাটি', 0, NULL),
(58, 'নোয়াখালী', 0, NULL),
(59, 'চাঁদপুর', 0, NULL),
(60, 'লক্ষ্মীপুর', 0, NULL),
(61, 'চট্টগ্রাম', 0, NULL),
(62, 'কক্সবাজার', 0, NULL),
(63, 'খাগড়াছড়ি', 0, NULL),
(64, 'বান্দরবান', 0, NULL),
(65, 'সিরাজগঞ্জ', 1, 'বেলকুচি'),
(66, 'সিরাজগঞ্জ', 1, 'চৌহালি'),
(67, 'সিরাজগঞ্জ', 1, 'কামারখন্দ'),
(68, 'সিরাজগঞ্জ', 1, 'কাজীপুর'),
(69, 'সিরাজগঞ্জ', 1, 'রায়গঞ্জ'),
(70, 'সিরাজগঞ্জ', 1, 'শাহজাদপুর'),
(71, 'সিরাজগঞ্জ', 1, 'সিরাজগঞ্জ'),
(72, 'সিরাজগঞ্জ', 1, 'তাড়াশ'),
(73, 'সিরাজগঞ্জ', 1, 'উল্লাপাড়া'),
(74, 'পাবনা', 2, 'সুজানগর'),
(75, 'পাবনা', 2, 'ঈশ্বরদী'),
(76, 'পাবনা', 2, 'ভাঙ্গুড়া'),
(77, 'পাবনা', 2, 'পাবনা সদর'),
(78, 'পাবনা', 2, 'বেড়া'),
(79, 'পাবনা', 2, 'আটঘরিয়া'),
(80, 'পাবনা', 2, 'চাটমোহর'),
(81, 'পাবনা', 2, 'সাঁথিয়া'),
(82, 'পাবনা', 2, 'ফরিদপুর'),
(83, 'কিশোরগঞ্জ', 14, 'কিশোরগঞ্জ সদর'),
(84, 'কিশোরগঞ্জ', 14, 'ইটনা'),
(85, 'কিশোরগঞ্জ', 14, 'কটিয়াদী'),
(86, 'কিশোরগঞ্জ', 14, 'ভৈরব'),
(87, 'কিশোরগঞ্জ', 14, 'তাড়াইল'),
(88, 'কিশোরগঞ্জ', 14, 'হোসেনপুর'),
(89, 'কিশোরগঞ্জ', 14, 'পাকুন্দিয়া'),
(90, 'কিশোরগঞ্জ', 14, 'কুলিয়ারচর'),
(91, 'কিশোরগঞ্জ', 14, 'করিমগঞ্জ'),
(92, 'কিশোরগঞ্জ', 14, 'বাজিতপুর'),
(93, 'কিশোরগঞ্জ', 14, 'অষ্টগ্রাম'),
(94, 'কিশোরগঞ্জ', 14, 'মিঠামইন'),
(95, 'কিশোরগঞ্জ', 14, 'নিকলী'),
(96, 'কক্সবাজার', 62, 'কক্সবাজার সদর'),
(97, 'কক্সবাজার', 62, 'চকরিয়া'),
(98, 'কক্সবাজার', 62, 'কুতুবদিয়া'),
(99, 'কক্সবাজার', 62, 'উখিয়া'),
(100, 'কক্সবাজার', 62, 'মহেশখালী'),
(101, 'কক্সবাজার', 62, 'পেকুয়া'),
(102, 'কক্সবাজার', 62, 'রামু'),
(103, 'কক্সবাজার', 62, 'টেকনাফ'),
(104, 'কুমিল্লা', 54, 'দেবিদ্বার'),
(105, 'কুমিল্লা', 54, 'বরুড়া'),
(106, 'কুমিল্লা', 54, 'ব্রাহ্মণপাড়া'),
(107, 'কুমিল্লা', 54, 'চান্দিনা'),
(108, 'কুমিল্লা', 54, 'চৌদ্দগ্রাম'),
(109, 'কুমিল্লা', 54, 'দাউদকান্দি'),
(110, 'কুমিল্লা', 54, 'হোমনা'),
(111, 'কুমিল্লা', 54, 'লাকসাম'),
(112, 'কুমিল্লা', 54, 'মুরাদনগর'),
(113, 'কুমিল্লা', 54, 'নাঙ্গলকোট'),
(114, 'কুমিল্লা', 54, 'কুমিল্লা সদর'),
(115, 'কুমিল্লা', 54, 'মেঘনা'),
(116, 'কুমিল্লা', 54, 'মনোহরগঞ্জ'),
(117, 'কুমিল্লা', 54, 'সদর দক্ষিণ'),
(118, 'কুমিল্লা', 54, 'তিতাস'),
(119, 'কুমিল্লা', 54, 'বুড়িচং'),
(120, 'কুষ্টিয়া', 39, 'কুষ্টিয়া সদর '),
(121, 'কুষ্টিয়া', 39, 'কুমারখালী'),
(122, 'কুষ্টিয়া', 39, 'খোকসা'),
(123, 'কুষ্টিয়া', 39, 'মিরপুর'),
(124, 'কুষ্টিয়া', 39, 'দৌলতপুর'),
(125, 'কুষ্টিয়া', 39, 'ভেড়ামারা'),
(126, 'কুড়িগ্রাম', 29, 'কুড়িগ্রাম সদর'),
(127, 'কুড়িগ্রাম', 29, 'নাগেশ্বরী'),
(128, 'কুড়িগ্রাম', 29, 'ভুরুঙ্গামারী'),
(129, 'কুড়িগ্রাম', 29, 'ফুলবাড়ী'),
(130, 'কুড়িগ্রাম', 29, 'রাজারহাট'),
(131, 'কুড়িগ্রাম', 29, 'উলিপুর'),
(132, 'কুড়িগ্রাম', 29, 'চিলমারী'),
(133, 'কুড়িগ্রাম', 29, 'রৌমারী'),
(134, 'কুড়িগ্রাম', 29, 'চর রাজিবপুর'),
(135, 'খাগড়াছড়ি', 63, 'খাগড়াছড়ি সদর'),
(136, 'খাগড়াছড়ি', 63, 'দিঘীনালা'),
(137, 'খাগড়াছড়ি', 63, 'পানছড়ি'),
(138, 'খাগড়াছড়ি', 63, 'লক্ষীছড়ি'),
(139, 'খাগড়াছড়ি', 63, 'মহালছড়ি'),
(140, 'খাগড়াছড়ি', 63, 'মানিকছড়ি'),
(141, 'খাগড়াছড়ি', 63, 'রামগড়'),
(142, 'খাগড়াছড়ি', 63, 'মাটিরাঙ্গা'),
(143, 'খুলনা', 41, 'পাইকগাছা'),
(144, 'খুলনা', 41, 'ফুলতলা উপজেলা'),
(145, 'খুলনা', 41, 'দিঘলিয়া উপজেলা'),
(146, 'খুলনা', 41, 'রূপসা উপজেলা'),
(147, 'খুলনা', 41, 'তেরখাদা উপজেলা'),
(148, 'খুলনা', 41, 'ডুমুরিয়া উপজেলা'),
(149, 'খুলনা', 41, 'বটিয়াঘাটা'),
(150, 'খুলনা', 41, 'দাকোপ উপজেলা'),
(151, 'খুলনা', 41, 'কয়রা উপজেলা'),
(152, 'গাইবান্ধা', 26, 'সাদুল্লাপুর'),
(153, 'গাইবান্ধা', 26, 'গাইবান্ধা সদর'),
(154, 'গাইবান্ধা', 26, 'পলাশবাড়ী'),
(155, 'গাইবান্ধা', 26, 'সাঘাটা উপজেলা'),
(156, 'গাইবান্ধা', 26, 'গোবিন্দগঞ্জ উপজেলা'),
(157, 'গাইবান্ধা', 26, 'সুন্দরগঞ্জ'),
(158, 'গাইবান্ধা', 26, 'ফুলছড়ি'),
(159, 'গাজীপুর', 10, 'কালীগঞ্জ'),
(160, 'গাজীপুর', 10, ' কালিয়াকৈর'),
(161, 'গাজীপুর', 10, 'কাপাসিয়া'),
(162, 'গাজীপুর', 10, 'গাজীপুর সদর'),
(163, 'গাজীপুর', 10, 'শ্রীপুর'),
(164, 'গোপালগঞ্জ', 20, 'গোপালগঞ্জ সদর'),
(165, 'গোপালগঞ্জ', 20, 'কাশিয়ানী'),
(166, 'গোপালগঞ্জ', 20, 'টুংগীপাড়া'),
(167, 'গোপালগঞ্জ', 20, ' কোটালীপাড়া'),
(168, 'গোপালগঞ্জ', 20, 'মুকসুদপুর'),
(169, 'চট্টগ্রাম', 61, 'রাঙ্গুনিয়া'),
(170, 'চট্টগ্রাম', 61, 'সীতাকুন্ড উপজেলা'),
(171, 'চট্টগ্রাম', 61, 'মীরসরাই'),
(172, 'চট্টগ্রাম', 61, 'পটিয়া'),
(173, 'চট্টগ্রাম', 61, 'সন্দ্বীপ'),
(174, 'চট্টগ্রাম', 61, 'বাঁশখালী'),
(175, 'চট্টগ্রাম', 61, 'বোয়ালখালী'),
(176, 'চট্টগ্রাম', 61, 'আনোয়ারা'),
(177, 'চট্টগ্রাম', 61, 'চন্দনাইশ'),
(178, 'চট্টগ্রাম', 61, 'সাতকানিয়া'),
(179, 'চট্টগ্রাম', 61, 'লোহাগাড়া'),
(180, 'চট্টগ্রাম', 61, 'হাটহাজারী'),
(181, 'চট্টগ্রাম', 61, 'ফটিকছড়ি'),
(182, 'চট্টগ্রাম', 61, 'রাউজান'),
(183, 'চাঁদপুর', 59, 'হাইমচর'),
(184, 'চাঁদপুর', 59, 'কচুয়া'),
(185, 'চাঁদপুর', 59, 'শাহরাস্তি'),
(186, 'চাঁদপুর', 59, 'চাঁদপুর সদর'),
(187, 'চাঁদপুর', 59, 'মতলব দক্ষিণ'),
(188, 'চাঁদপুর', 59, 'হাজীগঞ্জ'),
(189, 'চাঁদপুর', 59, 'ফরিদগঞ্জ'),
(190, 'চাঁদপুর', 59, 'চাঁদপুর '),
(191, 'চাঁদপুর', 59, 'মতলব উত্তর'),
(192, 'চাঁপাইনবাবগঞ্জ', 7, 'চাঁপাইনবাবগঞ্জ সদর'),
(193, 'চাঁপাইনবাবগঞ্জ', 7, 'গোমস্তাপুর'),
(194, 'চাঁপাইনবাবগঞ্জ', 7, 'নাচোল '),
(195, 'চাঁপাইনবাবগঞ্জ', 7, 'ভোলাহাট'),
(196, 'চাঁপাইনবাবগঞ্জ', 7, 'শিবগঞ্জ'),
(197, 'চুয়াডাঙ্গা', 38, 'চুয়াডাঙ্গা সদর'),
(198, 'চুয়াডাঙ্গা', 38, 'আলমডাঙ্গা'),
(199, 'চুয়াডাঙ্গা', 38, 'দামুড়হুদা'),
(200, 'চুয়াডাঙ্গা', 38, 'জীবননগর'),
(201, 'জামালপুর', 32, 'জামালপুর সদর'),
(202, 'জামালপুর', 32, 'মেলান্দহ'),
(203, 'জামালপুর', 32, 'ইসলামপুর'),
(204, 'জামালপুর', 32, 'দেওয়ানগঞ্জ'),
(205, 'জামালপুর', 32, 'সরিষাবাড়ী'),
(206, 'জামালপুর', 32, 'মাদারগঞ্জ'),
(207, 'জামালপুর', 32, 'বকশীগঞ্জ'),
(208, 'জয়পুরহাট', 6, 'আক্কেলপুর উপজেলা'),
(209, 'জয়পুরহাট', 6, 'কালাই উপজেলা'),
(210, 'জয়পুরহাট', 6, 'ক্ষেতলাল উপজেলা'),
(211, 'জয়পুরহাট', 6, 'পাঁচবিবি উপজেলা'),
(212, 'জয়পুরহাট', 6, 'জয়পুরহাট সদর'),
(213, 'ঝালকাঠি', 44, 'ঝালকাঠি সদর'),
(214, 'ঝালকাঠি', 44, 'কাঠালিয়া'),
(215, 'ঝালকাঠি', 44, 'নলছিটি'),
(216, 'ঝিনাইদহ', 43, 'ঝিনাইদহ সদর'),
(217, 'ঝিনাইদহ', 43, 'শৈলকুপা'),
(218, 'ঝিনাইদহ', 43, 'হরিণাকুন্ডু'),
(219, 'ঝিনাইদহ', 43, 'কালীগঞ্জ'),
(220, 'ঝিনাইদহ', 43, 'কোটচাঁদপুর'),
(221, 'ঝিনাইদহ', 43, 'মহেশপুর'),
(222, 'টাঙ্গাইল', 13, 'বাসাইল'),
(223, 'টাঙ্গাইল', 13, 'ভুয়াপুর'),
(224, 'টাঙ্গাইল', 13, 'দেলদুয়ার'),
(225, 'টাঙ্গাইল', 13, 'ঘাটাইল'),
(226, 'টাঙ্গাইল', 13, 'গোপালপুর'),
(227, 'টাঙ্গাইল', 13, 'মধুপুর'),
(228, 'টাঙ্গাইল', 13, 'মির্জাপুর'),
(229, 'টাঙ্গাইল', 13, 'নাগরপুর'),
(230, 'টাঙ্গাইল', 13, 'সখিপুর'),
(231, 'টাঙ্গাইল', 13, 'টাঙ্গাইল সদর'),
(232, 'টাঙ্গাইল', 13, 'কালিহাতী'),
(233, 'টাঙ্গাইল', 13, 'ধনবাড়ী'),
(234, 'ঠাকুরগাঁও', 27, 'ঠাকুরগাঁও সদর'),
(235, 'ঠাকুরগাঁও', 27, 'পীরগঞ্জ উপজেলা'),
(236, 'ঠাকুরগাঁও', 27, 'রাণীশংকৈল উপজেলা'),
(237, 'ঠাকুরগাঁও', 27, 'হরিপুর উপজেলা'),
(238, 'ঠাকুরগাঁও', 27, 'বালিয়াডাঙ্গী উপজেলা'),
(239, 'ঢাকা', 16, 'সাভার'),
(240, 'ঢাকা', 16, 'ধামরাই'),
(241, 'ঢাকা', 16, 'কেরাণীগঞ্জ'),
(242, 'ঢাকা', 16, 'নবাবগঞ্জ'),
(243, 'ঢাকা', 16, 'দোহার'),
(244, 'দিনাজপুর', 23, 'নবাবগঞ্জ'),
(245, 'দিনাজপুর', 23, 'বীরগঞ্জ উপজেলা'),
(246, 'দিনাজপুর', 23, ' ঘোড়াঘাট'),
(247, 'দিনাজপুর', 23, 'বিরামপুর'),
(248, 'দিনাজপুর', 23, 'পার্বতীপুর উপজেলা'),
(249, 'দিনাজপুর', 23, 'বোচাগঞ্জ উপজেলা'),
(250, 'দিনাজপুর', 23, 'কাহারোল উপজেলা'),
(251, 'দিনাজপুর', 23, 'ফুলবাড়ী উপজেলা'),
(252, 'দিনাজপুর', 23, ' দিনাজপুর সদর'),
(253, 'দিনাজপুর', 23, 'হাকিমপুর উপজেলা'),
(254, 'দিনাজপুর', 23, 'খানসামা'),
(255, 'দিনাজপুর', 23, 'বিরল উপজেলা'),
(256, 'দিনাজপুর', 23, 'চিরিরবন্দর উপজেলা'),
(257, 'নওগাঁ', 8, 'মহাদেবপুর উপজেলা'),
(258, 'নওগাঁ', 8, 'বদলগাছী উপজেলা'),
(259, 'নওগাঁ', 8, 'পত্নিতলা উপজেলা'),
(260, 'নওগাঁ', 8, 'ধামইরহাট উপজেলা'),
(261, 'নওগাঁ', 8, 'নিয়ামতপুর উপজেলা'),
(262, 'নওগাঁ', 8, 'মান্দা উপজেলা'),
(263, 'নওগাঁ', 8, 'আত্রাই উপজেলা'),
(264, 'নওগাঁ', 8, 'রাণীনগর উপজেলা '),
(265, 'নওগাঁ', 8, 'নওগাঁ সদর'),
(266, 'নওগাঁ', 8, 'পোরশা উপজেলা'),
(267, 'নওগাঁ', 8, 'পোরশা '),
(268, 'নওগাঁ', 8, 'সাপাহার'),
(269, 'নড়াইল', 37, 'নড়াইল সদর'),
(270, 'নড়াইল', 37, 'লোহাগড়া'),
(271, 'নড়াইল', 37, 'কালিয়া'),
(272, 'নাটোর', 5, 'নাটোর সদর'),
(273, 'নাটোর', 5, 'সিংড়া'),
(274, 'নাটোর', 5, 'বড়াইগ্রাম'),
(275, 'নাটোর', 5, 'বাগাতিপাড়া'),
(276, 'নাটোর', 5, 'লালপুর'),
(277, 'নাটোর', 5, 'গুরুদাসপুর'),
(278, 'নারায়ণগঞ্জ', 12, 'আড়াইহাজার উপজেলা'),
(279, 'নারায়ণগঞ্জ', 12, 'নারায়নগঞ্জ সদর'),
(280, 'নারায়ণগঞ্জ', 12, 'রূপগঞ্জ উপজেলা'),
(281, 'নারায়ণগঞ্জ', 12, 'সোনারগাঁ উপজেলা'),
(282, 'নীলফামারী', 25, 'সৈয়দপুর উপজেলা'),
(283, 'নীলফামারী', 25, 'ডোমার উপজেলা'),
(284, 'নীলফামারী', 25, 'ডিমলা'),
(285, 'নীলফামারী', 25, 'জলঢাকা'),
(286, 'নীলফামারী', 25, 'কিশোরগঞ্জ'),
(287, 'নীলফামারী', 25, 'নীলফামারী সদর'),
(288, 'নরসিংদী', 9, 'বেলাবো'),
(289, 'নরসিংদী', 9, 'মনোহরদী'),
(290, 'নরসিংদী', 9, 'নরসিংদী'),
(291, 'নরসিংদী', 9, 'পলাশ'),
(292, 'নরসিংদী', 9, 'রায়পুরা'),
(293, 'নরসিংদী', 9, 'শিবপুর'),
(294, 'নেত্রকোণা', 33, 'বারহাট্টা'),
(295, 'নেত্রকোণা', 33, 'দুর্গাপুর'),
(296, 'নেত্রকোণা', 33, 'কেন্দুয়া'),
(297, 'নেত্রকোণা', 33, 'আটপাড়া'),
(298, 'নেত্রকোণা', 33, 'মদন'),
(299, 'নেত্রকোণা', 33, 'খালিয়াজুরী'),
(300, 'নেত্রকোণা', 33, 'কলমাকান্দা'),
(301, 'নেত্রকোণা', 33, 'মোহনগঞ্জ'),
(302, 'নেত্রকোণা', 33, 'নেত্রকোণা সদর'),
(303, 'নোয়াখালী', 58, 'নোয়াখালী'),
(304, 'নোয়াখালী', 58, 'কোম্পানীগঞ্জ'),
(305, 'নোয়াখালী', 58, 'বেগমগঞ্জ'),
(306, 'নোয়াখালী', 58, 'হাতিয়া'),
(307, 'নোয়াখালী', 58, 'সুবর্ণচর'),
(308, 'নোয়াখালী', 58, 'কবিরহাট'),
(309, 'নোয়াখালী', 58, 'সেনবাগ'),
(310, 'নোয়াখালী', 58, 'চাটখিল'),
(311, 'নোয়াখালী', 58, 'সোনাইমুড়ী'),
(312, 'পঞ্চগড়', 22, 'পঞ্চগড়'),
(313, 'পঞ্চগড়', 22, 'দেবীগঞ্জ'),
(314, 'পঞ্চগড়', 22, ' বোদা'),
(315, 'পঞ্চগড়', 22, 'আটোয়ারী'),
(316, 'পঞ্চগড়', 22, 'তেতুলিয়া'),
(317, 'পটুয়াখালী', 45, 'বাউফল'),
(318, 'পটুয়াখালী', 45, 'পটুয়াখালী সদর'),
(319, 'পটুয়াখালী', 45, 'দুমকি'),
(320, 'পটুয়াখালী', 45, 'দশমিনা'),
(321, 'পটুয়াখালী', 45, 'কলাপাড়া'),
(322, 'পটুয়াখালী', 45, 'মির্জাগঞ্জ'),
(323, 'পটুয়াখালী', 45, 'গলাচিপা'),
(324, 'পটুয়াখালী', 45, 'রাঙ্গাবালী'),
(325, 'পিরোজপুর', 46, 'পিরোজপুর সদর'),
(326, 'পিরোজপুর', 46, 'নাজিরপুর'),
(327, 'পিরোজপুর', 46, 'কাউখালী'),
(328, 'পিরোজপুর', 46, 'জিয়ানগর'),
(329, 'পিরোজপুর', 46, 'ভান্ডারিয়া'),
(330, 'পিরোজপুর', 46, 'মঠবাড়ীয়া'),
(331, 'পিরোজপুর', 46, 'নেছারাবাদ'),
(332, 'ফরিদপুর', 21, 'ফরিদপুর সদর'),
(333, 'ফরিদপুর', 21, 'আলফাডাঙ্গা'),
(334, 'ফরিদপুর', 21, 'বোয়ালমারী'),
(335, 'ফরিদপুর', 21, 'সদরপুর'),
(336, 'ফরিদপুর', 21, 'নগরকান্দা'),
(337, 'ফরিদপুর', 21, 'ভাঙ্গা'),
(338, 'ফরিদপুর', 21, 'চরভদ্রাসন'),
(339, 'ফরিদপুর', 21, 'মধুখালী'),
(340, 'ফরিদপুর', 21, 'সালথা'),
(341, 'ফেনী', 55, 'ছাগলনাইয়া উপজেলা'),
(342, 'ফেনী', 55, 'ফেনী সদর'),
(343, 'ফেনী', 55, 'সোনাগাজী উপজেলা'),
(344, 'ফেনী', 55, 'ফুলগাজী উপজেলা'),
(345, 'ফেনী', 55, 'পরশুরাম'),
(346, 'ফেনী', 55, 'দাগনভূঞা'),
(347, 'বগুড়া', 3, 'কাহালু উপজেলা'),
(348, 'বগুড়া', 3, 'বগুড়া সদর'),
(349, 'বগুড়া', 3, 'সারিয়াকান্দি'),
(350, 'বগুড়া', 3, 'শাজাহানপুর'),
(351, 'বগুড়া', 3, 'দুপচাচিঁয়া উপজেলা'),
(352, 'বগুড়া', 3, 'আদমদিঘি উপজেলা '),
(353, 'বগুড়া', 3, 'নন্দিগ্রাম'),
(354, 'বগুড়া', 3, 'সোনাতলা উপজেলা'),
(355, 'বগুড়া', 3, 'ধুনট উপজেলা'),
(356, 'বগুড়া', 3, 'গাবতলী'),
(357, 'বগুড়া', 3, 'শেরপুর উপজেলা'),
(358, 'বগুড়া', 3, 'শিবগঞ্জ'),
(359, 'বরগুনা', 49, 'আমতলী'),
(360, 'বরগুনা', 49, 'বরগুনা সদর'),
(361, 'বরগুনা', 49, 'বেতাগী উপজেলা'),
(362, 'বরগুনা', 49, 'বামনা'),
(363, 'বরগুনা', 49, 'পাথরঘাটা'),
(364, 'বরগুনা', 49, 'তালতলি'),
(365, 'বরিশাল', 47, 'বরিশাল সদর'),
(366, 'বরিশাল', 47, 'বাকেরগঞ্জ'),
(367, 'বরিশাল', 47, 'বাবুগঞ্জ'),
(368, 'বরিশাল', 47, 'উজিরপুর'),
(369, 'বরিশাল', 47, 'বানারীপাড়া'),
(370, 'বরিশাল', 47, 'গৌরনদী'),
(371, 'বরিশাল', 47, 'আগৈলঝাড়া'),
(372, 'বরিশাল', 47, 'মেহেন্দিগঞ্জ'),
(373, 'বরিশাল', 47, 'মুলাদী'),
(374, 'বরিশাল', 47, 'হিজলা'),
(375, 'বাগেরহাট', 42, 'ফকিরহাট'),
(376, 'বাগেরহাট', 42, 'বাগেরহাট সদর'),
(377, 'বাগেরহাট', 42, 'মোল্লাহাট'),
(378, 'বাগেরহাট', 42, 'শরণখোলা'),
(379, 'বাগেরহাট', 42, 'রামপাল'),
(380, 'বাগেরহাট', 42, 'মোড়েলগঞ্জ'),
(381, 'বাগেরহাট', 42, 'কচুয়া'),
(382, 'বাগেরহাট', 42, 'মোংলা'),
(383, 'বাগেরহাট', 42, 'চিতলমারী'),
(384, 'বান্দরবান', 64, 'বান্দরবান সদর'),
(385, 'বান্দরবান', 64, 'আলীকদম'),
(386, 'বান্দরবান', 64, 'নাইক্ষ্যংছড়ি'),
(387, 'বান্দরবান', 64, 'রোয়াংছড়ি'),
(388, 'বান্দরবান', 64, 'লামা'),
(389, 'বান্দরবান', 64, 'রুমা'),
(390, 'বান্দরবান', 64, 'থানচি'),
(391, 'ব্রাহ্মণবাড়িয়া', 56, 'ব্রাহ্মণবাড়িয়া সদর'),
(392, 'ব্রাহ্মণবাড়িয়া', 56, 'কসবা'),
(393, 'ব্রাহ্মণবাড়িয়া', 56, 'নাসিরনগর'),
(394, 'ব্রাহ্মণবাড়িয়া', 56, 'সরাইল উপজেলা'),
(395, 'ব্রাহ্মণবাড়িয়া', 56, 'আশুগঞ্জ'),
(396, 'ব্রাহ্মণবাড়িয়া', 56, 'আখাউড়া'),
(397, 'ব্রাহ্মণবাড়িয়া', 56, 'নবীনগর'),
(398, 'ব্রাহ্মণবাড়িয়া', 56, 'বাঞ্ছারামপুর '),
(399, 'ব্রাহ্মণবাড়িয়া', 56, 'বিজয়নগর'),
(400, 'ভোলা', 48, 'ভোলা সদর'),
(401, 'ভোলা', 48, 'বোরহান উদ্দিন'),
(402, 'ভোলা', 48, 'দৌলতখান'),
(403, 'ভোলা', 48, 'মনপুরা'),
(404, 'ভোলা', 48, 'তজুমদ্দিন'),
(405, 'ভোলা', 48, 'লালমোহন'),
(406, 'মাগুরা', 40, 'শালিখা'),
(407, 'মাগুরা', 40, 'শ্রীপুর'),
(408, 'মাগুরা', 40, 'মাগুরা সদর'),
(409, 'মাগুরা', 40, 'মহম্মদপুর'),
(410, 'মাদারীপুর', 19, 'মাদারীপুর সদর'),
(411, 'মাদারীপুর', 19, 'শিবচর'),
(412, 'মাদারীপুর', 19, 'কালকিনি'),
(413, 'মাদারীপুর', 19, ' রাজৈর'),
(414, 'মানিকগঞ্জ', 15, 'হরিরামপুর'),
(415, 'মানিকগঞ্জ', 15, 'সাটুরিয়া'),
(416, 'মানিকগঞ্জ', 15, 'মানিকগঞ্জ সদর'),
(417, 'মানিকগঞ্জ', 15, 'ঘিওর'),
(418, 'মানিকগঞ্জ', 15, 'শিবালয়'),
(419, 'মানিকগঞ্জ', 15, 'দৌলতপুর'),
(420, 'মানিকগঞ্জ', 15, 'সিংগাইর'),
(421, 'মুন্সিগঞ্জ', 17, 'মুন্সিগঞ্জ সদর'),
(422, 'মুন্সিগঞ্জ', 17, 'শ্রীনগর'),
(423, 'মুন্সিগঞ্জ', 17, 'সিরাজদিখান'),
(424, 'মুন্সিগঞ্জ', 17, 'লৌহজং'),
(425, 'মুন্সিগঞ্জ', 17, 'গজারিয়া'),
(426, 'মুন্সিগঞ্জ', 17, 'টংগীবাড়ি'),
(427, 'মেহেরপুর', 36, 'মুজিবনগর'),
(428, 'মেহেরপুর', 36, 'মেহেরপুর সদর'),
(429, 'মেহেরপুর', 36, 'গাংনী'),
(430, 'হবিগঞ্জ', 52, 'নবীগঞ্জ'),
(431, 'হবিগঞ্জ', 52, 'বাহুবল'),
(432, 'হবিগঞ্জ', 52, 'আজমিরীগঞ্জ'),
(433, 'হবিগঞ্জ', 52, 'বানিয়াচং'),
(434, 'হবিগঞ্জ', 52, 'লাখাই'),
(435, 'হবিগঞ্জ', 52, 'চুনারুঘাট'),
(436, 'হবিগঞ্জ', 52, 'হবিগঞ্জ সদর'),
(437, 'হবিগঞ্জ', 52, 'মাধবপুর উপজেলা'),
(438, 'ময়মনসিংহ', 31, 'ফুলবাড়ীয়া'),
(439, 'ময়মনসিংহ', 31, 'ত্রিশাল'),
(440, 'ময়মনসিংহ', 31, 'ভালুকা'),
(441, 'ময়মনসিংহ', 31, 'মুক্তাগাছা'),
(442, 'ময়মনসিংহ', 31, 'ময়মনসিংহ সদর'),
(443, 'ময়মনসিংহ', 31, 'ধোবাউড়া'),
(444, 'ময়মনসিংহ', 31, 'ফুলপুর'),
(445, 'ময়মনসিংহ', 31, 'হালুয়াঘাট'),
(446, 'ময়মনসিংহ', 31, 'গৌরীপুর'),
(447, 'ময়মনসিংহ', 31, 'গফরগাঁও'),
(448, 'ময়মনসিংহ', 31, 'ঈশ্বরগঞ্জ'),
(449, 'ময়মনসিংহ', 31, 'নান্দাইল`'),
(450, 'ময়মনসিংহ', 31, 'তারাকান্দা'),
(451, 'যশোর', 34, 'মণিরামপুর'),
(452, 'যশোর', 34, 'অভয়নগর'),
(453, 'যশোর', 34, 'বাঘারপাড়া'),
(454, 'যশোর', 34, 'চৌগাছা'),
(455, 'যশোর', 34, 'ঝিকরগাছা'),
(456, 'যশোর', 34, 'কেশবপুর'),
(457, 'যশোর', 34, 'যশোর সদর'),
(458, 'যশোর', 34, 'শার্শা'),
(459, 'রংপুর', 28, 'রংপুর সদর'),
(460, 'রংপুর', 28, 'গংগাচড়া'),
(461, 'রংপুর', 28, 'তারাগঞ্জ উপজেলা'),
(462, 'রংপুর', 28, 'বদরগঞ্জ উপজেলা'),
(463, 'রংপুর', 28, 'মিঠাপুকুর উপজেলা'),
(464, 'রংপুর', 28, 'পীরগঞ্জ উপজেলা'),
(465, 'রংপুর', 28, 'কাউনিয়া উপজেলা'),
(466, 'রংপুর', 28, 'পীরগাছা উপজেলা'),
(467, 'রাঙ্গামাটি', 57, 'রাঙ্গামাটি সদর'),
(468, 'রাঙ্গামাটি', 57, 'কাপ্তাই'),
(469, 'রাঙ্গামাটি', 57, 'কাউখালী'),
(470, 'রাঙ্গামাটি', 57, 'বাঘাইছড়ি'),
(471, 'রাঙ্গামাটি', 57, 'বরকল'),
(472, 'রাঙ্গামাটি', 57, 'লংগদু'),
(473, 'রাঙ্গামাটি', 57, 'রাজস্থলী'),
(474, 'রাঙ্গামাটি', 57, 'বিলাইছড়ি'),
(475, 'রাঙ্গামাটি', 57, 'জুরাছড়ি'),
(476, 'রাঙ্গামাটি', 57, 'নানিয়ারচর'),
(477, 'রাজবাড়ী', 18, 'রাজবাড়ী সদর'),
(478, 'রাজবাড়ী', 18, 'গোয়ালন্দ'),
(479, 'রাজবাড়ী', 18, 'কালুখালী'),
(480, 'রাজবাড়ী', 18, 'বালিয়াকান্দি'),
(481, 'রাজবাড়ী', 18, 'কালুখালী'),
(482, 'রাজশাহী', 4, 'পবা উপজেলা'),
(483, 'রাজশাহী', 4, 'দুর্গাপুর উপজেলা'),
(484, 'রাজশাহী', 4, 'মোহনপুর উপজেলা'),
(485, 'রাজশাহী', 4, 'চারঘাট উপজেলা'),
(486, 'রাজশাহী', 4, 'পুঠিয়া উপজেলা'),
(487, 'রাজশাহী', 4, 'বাঘা উপজেলা '),
(488, 'রাজশাহী', 4, 'গোদাগাড়ী উপজেলা'),
(489, 'রাজশাহী', 4, 'তানোর উপজেলা'),
(490, 'রাজশাহী', 4, 'বাগমারা উপজেলা'),
(491, 'শরীয়তপুর', 11, 'শরিয়তপুর সদর'),
(492, 'শরীয়তপুর', 11, 'নড়িয়া'),
(493, 'শরীয়তপুর', 11, 'জাজিরা'),
(494, 'শরীয়তপুর', 11, 'গোসাইরহাট'),
(495, 'শরীয়তপুর', 11, 'ভেদরগঞ্জ'),
(496, 'শরীয়তপুর', 11, 'ডামুড্যা'),
(497, 'লালমনিরহাট', 24, 'লালমনিরহাট সদর'),
(498, 'লালমনিরহাট', 24, ' কালীগঞ্জ'),
(499, 'লালমনিরহাট', 24, 'হাতীবান্ধা'),
(500, 'লালমনিরহাট', 24, 'পাটগ্রাম'),
(501, 'লালমনিরহাট', 24, 'আদিতমারী উপজেলা'),
(502, 'শেরপুর', 30, 'শেরপুর সদর'),
(503, 'শেরপুর', 30, 'নালিতাবাড়ী উপজেলা'),
(504, 'শেরপুর', 30, 'শ্রীবরদী উপজেলা'),
(505, 'শেরপুর', 30, 'নকলা উপজেলা '),
(506, 'শেরপুর', 30, 'ঝিনাইগাতী উপজেলা'),
(507, 'সাতক্ষীরা', 35, 'আশাশুনি'),
(508, 'সাতক্ষীরা', 35, 'দেবহাটা'),
(509, 'সাতক্ষীরা', 35, 'কলারোয়া'),
(510, 'সাতক্ষীরা', 35, 'সাতক্ষীরা সদর'),
(511, 'সাতক্ষীরা', 35, 'শ্যামনগর'),
(512, 'শরীয়তপুর', 11, 'তালা'),
(513, 'সাতক্ষীরা', 35, 'কালিগঞ্জ'),
(514, 'সাতক্ষীরা', 35, 'কালিগঞ্জ'),
(515, 'সিলেট', 50, 'বালাগঞ্জ'),
(516, 'সিলেট', 50, 'বিয়ানীবাজার'),
(517, 'সিলেট', 50, 'বিশ্বনাথ'),
(518, 'সিলেট', 50, 'কোম্পানীগঞ্জ'),
(519, 'সিলেট', 50, 'ফেঞ্চুগঞ্জ'),
(520, 'সিলেট', 50, 'গোলাপগঞ্জ'),
(521, 'সিলেট', 50, 'গোয়াইনঘাট'),
(522, 'সিলেট', 50, 'জৈন্তাপুর'),
(523, 'সিলেট', 50, 'কানাইঘাট'),
(524, 'সিলেট', 50, 'সিলেট সদর'),
(525, 'সিলেট', 50, 'জকিগঞ্জ'),
(526, 'সিলেট', 50, 'দক্ষিণ সুরমা'),
(527, 'সিলেট', 50, 'ওসমানী নগর'),
(528, 'সুনামগঞ্জ', 53, 'সুনামগঞ্জ সদর'),
(529, 'সুনামগঞ্জ', 53, 'দক্ষিণ সুনামগঞ্জ'),
(530, 'সুনামগঞ্জ', 53, 'বিশ্বম্ভরপুর'),
(531, 'সুনামগঞ্জ', 53, 'ছাতক'),
(532, 'সুনামগঞ্জ', 53, 'জগন্নাথপুর'),
(533, 'সুনামগঞ্জ', 53, 'দোয়ারাবাজার'),
(534, 'সুনামগঞ্জ', 53, 'তাহিরপুর'),
(535, 'সুনামগঞ্জ', 53, 'ধর্মপাশা'),
(536, 'সুনামগঞ্জ', 53, 'জামালগঞ্জ'),
(537, 'সুনামগঞ্জ', 53, 'শাল্লা'),
(538, 'সুনামগঞ্জ', 53, 'দিরাই'),
(539, 'লক্ষ্মীপুর', 60, 'লক্ষ্মীপুর সদর'),
(540, 'লক্ষ্মীপুর', 60, 'কমলনগর  '),
(541, 'লক্ষ্মীপুর', 60, 'রায়পুর'),
(542, 'লক্ষ্মীপুর', 60, 'রামগতি'),
(543, 'লক্ষ্মীপুর', 60, 'রামগঞ্জ'),
(544, 'মৌলভীবাজার', 51, 'বড়লেখা'),
(545, 'মৌলভীবাজার', 51, 'কমলগঞ্জ'),
(546, 'মৌলভীবাজার', 51, 'কুলাউড়া'),
(547, 'মৌলভীবাজার', 51, 'মৌলভীবাজার সদর'),
(548, 'মৌলভীবাজার', 51, 'রাজনগর'),
(549, 'মৌলভীবাজার', 51, 'শ্রীমঙ্গল'),
(550, 'মৌলভীবাজার', 51, 'জুড়ী');

-- --------------------------------------------------------

--
-- Table structure for table `jb18_examlevels`
--

CREATE TABLE `jb18_examlevels` (
  `id` int(11) NOT NULL,
  `name` varchar(150) NOT NULL,
  `status` tinyint(1) NOT NULL DEFAULT 1,
  `created_at` timestamp NULL DEFAULT current_timestamp(),
  `updated_at` timestamp NULL DEFAULT NULL ON UPDATE current_timestamp(),
  `deleted_at` timestamp NULL DEFAULT NULL
) ENGINE=InnoDB DEFAULT CHARSET=utf8 COLLATE=utf8_general_ci;

--
-- Dumping data for table `jb18_examlevels`
--

INSERT INTO `jb18_examlevels` (`id`, `name`, `status`, `created_at`, `updated_at`, `deleted_at`) VALUES
(1, 'জে এস সি', 1, '2023-10-23 23:32:41', '2023-10-24 05:45:32', NULL),
(2, 'এস এস সি', 1, '2023-10-23 23:32:41', '2023-10-24 05:45:36', NULL),
(3, 'এইচ এস সি', 1, '2023-10-23 23:32:41', '2023-10-24 05:45:38', NULL),
(4, 'স্নাতক ডিগ্রী', 1, '2023-10-23 23:32:41', '2023-10-23 23:32:41', NULL),
(5, 'মাস্টার্স / স্নাতকোত্তর', 1, '2023-10-23 23:32:41', '2023-10-23 23:32:41', NULL);

-- --------------------------------------------------------

--
-- Table structure for table `jb18_examlevel_groups`
--

CREATE TABLE `jb18_examlevel_groups` (
  `id` int(11) NOT NULL,
  `examlevel_id` int(11) NOT NULL,
  `name` varchar(150) NOT NULL,
  `status` tinyint(1) NOT NULL DEFAULT 1,
  `created_at` timestamp NOT NULL DEFAULT current_timestamp(),
  `updated_at` timestamp NULL DEFAULT NULL ON UPDATE current_timestamp(),
  `deleted_at` timestamp NULL DEFAULT NULL
) ENGINE=InnoDB DEFAULT CHARSET=utf8 COLLATE=utf8_general_ci;

--
-- Dumping data for table `jb18_examlevel_groups`
--

INSERT INTO `jb18_examlevel_groups` (`id`, `examlevel_id`, `name`, `status`, `created_at`, `updated_at`, `deleted_at`) VALUES
(1, 1, 'জে এস সি ', 1, '2023-10-23 23:58:38', '2023-10-23 23:58:38', NULL),
(2, 1, 'অষ্টম শ্রেণী পাস ', 1, '2023-10-23 23:58:38', '2023-10-23 23:58:38', NULL),
(3, 1, 'জে ডি সি ', 1, '2023-10-23 23:58:38', '2023-10-23 23:58:38', NULL),
(4, 1, 'জুনিয়র বৃত্তি ', 1, '2023-10-23 23:58:38', '2023-10-23 23:58:38', NULL),
(5, 1, 'অষ্টম শ্রেণী সমমান ', 1, '2023-10-23 23:58:38', '2023-10-24 06:03:34', NULL),
(6, 2, 'এস এস সি ', 1, '2023-10-23 23:58:38', '2023-10-24 05:59:24', NULL),
(7, 2, 'দাখিল ', 1, '2023-10-23 23:58:38', '2023-10-24 05:59:30', NULL),
(8, 2, 'এস এস সি  ভোকেশনাল ', 1, '2023-10-23 23:58:38', '2023-10-24 05:59:50', NULL),
(9, 2, 'ও লেভেল / ক্যামব্রিজ ', 1, '2023-10-23 23:58:38', '2023-10-24 05:59:48', NULL),
(10, 2, 'এস এস সি সমমান ', 1, '2023-10-23 23:58:38', '2023-10-24 05:59:46', NULL),
(11, 2, 'দাখিল  ভোকেশনাল ', 1, '2023-10-23 23:58:38', '2023-10-24 05:59:44', NULL),
(12, 3, 'এইচ এস সি ', 1, '2023-10-23 23:58:38', '2023-10-24 06:00:33', NULL),
(13, 3, 'আলিম ', 1, '2023-10-23 23:58:38', '2023-10-24 06:00:29', NULL),
(14, 3, 'ব্যবসা ব্যবস্থাপনা', 1, '2023-10-23 23:58:38', '2023-10-24 06:00:28', NULL),
(15, 3, 'ডিপ্লোমা ইন ইঞ্জিনিয়ারিং ', 1, '2023-10-23 23:58:38', '2023-10-24 06:00:25', NULL),
(16, 3, 'এ লেভেল / সিনিয়র ক্যামব্রিজ  ', 1, '2023-10-23 23:58:38', '2023-10-24 06:00:23', NULL),
(17, 3, 'এইচ এস সি সমমান ', 1, '2023-10-23 23:58:38', '2023-10-24 06:00:21', NULL),
(18, 3, 'ডিপ্লোমা ইন মেডিকেল টেকনোলজি ', 1, '2023-10-23 23:58:38', '2023-10-24 06:00:20', NULL),
(19, 3, 'এইচ এস সি  ভোকেশনাল ', 1, '2023-10-23 23:58:38', '2023-10-24 06:00:19', NULL),
(20, 4, 'বি এস সি ইঞ্জিনিয়ারিং ', 1, '2023-10-23 23:58:38', '2023-10-24 06:01:37', NULL),
(21, 4, 'বি এস সি ইন এগ্রিকালচারাল সায়েন্স  ', 1, '2023-10-23 23:58:38', '2023-10-24 06:01:35', NULL),
(22, 4, 'এম বি বি এস / বি ডি এস ', 1, '2023-10-23 23:58:38', '2023-10-24 06:01:34', NULL),
(23, 4, 'সম্মান ', 1, '2023-10-23 23:58:38', '2023-10-24 06:01:32', NULL),
(24, 4, 'পাস কোর্স ', 1, '2023-10-23 23:58:38', '2023-10-24 06:01:28', NULL),
(25, 4, 'ফাজিল ', 1, '2023-10-23 23:58:38', '2023-10-24 06:01:30', NULL),
(26, 4, 'বি বি এ ', 1, '2023-10-23 23:58:38', '2023-10-24 06:01:57', NULL),
(27, 4, 'স্নাতক সমমান ', 1, '2023-10-23 23:58:38', '2023-10-24 06:01:59', NULL),
(28, 5, 'এম এ ', 1, '2023-10-23 23:58:38', '2023-10-24 06:02:08', NULL),
(29, 5, 'এম এস এস ', 1, '2023-10-23 23:58:38', '2023-10-24 06:02:10', NULL),
(30, 5, 'এম এসসি ', 1, '2023-10-23 23:58:38', '2023-10-24 06:02:11', NULL),
(31, 5, 'এম কম ', 1, '2023-10-23 23:58:38', '2023-10-24 06:02:13', NULL),
(32, 5, 'এম. বি. এ ', 1, '2023-10-23 23:58:38', '2023-10-24 06:02:15', NULL),
(33, 5, 'এল এল এম ', 1, '2023-10-23 23:58:38', '2023-10-24 06:02:17', NULL),
(34, 5, 'এম. ফিল ', 1, '2023-10-23 23:58:38', '2023-10-24 06:02:18', NULL),
(35, 5, 'কামিল ', 1, '2023-10-23 23:58:38', '2023-10-24 06:02:20', NULL),
(36, 5, 'মাস্টার্স সমমান ', 1, '2023-10-23 23:58:38', '2023-10-24 06:02:22', NULL);

-- --------------------------------------------------------

--
-- Table structure for table `jb18_examlevel_subjects`
--

CREATE TABLE `jb18_examlevel_subjects` (
  `id` int(11) NOT NULL,
  `examlevel_id` int(11) NOT NULL,
  `examlevel_group_id` int(11) NOT NULL,
  `name` varchar(200) NOT NULL,
  `status` tinyint(4) NOT NULL,
  `created_at` timestamp NOT NULL DEFAULT current_timestamp(),
  `updated_at` timestamp NULL DEFAULT NULL ON UPDATE current_timestamp(),
  `deleted_at` timestamp NULL DEFAULT NULL
) ENGINE=InnoDB DEFAULT CHARSET=utf8 COLLATE=utf8_general_ci;

--
-- Dumping data for table `jb18_examlevel_subjects`
--

INSERT INTO `jb18_examlevel_subjects` (`id`, `examlevel_id`, `examlevel_group_id`, `name`, `status`, `created_at`, `updated_at`, `deleted_at`) VALUES
(1, 2, 6, 'সাধারণ', 1, '2023-10-24 00:24:16', '2023-10-24 00:24:16', NULL),
(2, 2, 6, 'মানবিক', 1, '2023-10-24 00:24:16', '2023-10-24 00:24:16', NULL),
(3, 2, 6, 'বিজ্ঞান', 1, '2023-10-24 00:24:16', '2023-10-24 00:24:16', NULL),
(4, 2, 6, 'অন্যান্য', 1, '2023-10-24 00:24:16', '2023-10-24 00:24:16', NULL),
(5, 2, 7, 'ব্যবসায় শিক্ষা ', 1, '2023-10-24 00:24:16', '2023-10-24 00:24:16', NULL),
(6, 2, 7, 'সাধারণ', 1, '2023-10-24 00:24:16', '2023-10-24 00:24:16', NULL),
(7, 2, 7, 'মানবিক', 1, '2023-10-24 00:24:16', '2023-10-24 00:24:16', NULL),
(8, 2, 7, 'বিজ্ঞান', 1, '2023-10-24 00:24:16', '2023-10-24 00:24:16', NULL),
(9, 2, 7, 'অন্যান্য', 1, '2023-10-24 00:24:16', '2023-10-24 00:24:16', NULL),
(10, 2, 8, 'কৃষি প্রযুক্তি', 1, '2023-10-24 00:24:16', '2023-10-24 00:24:16', NULL),
(11, 2, 8, 'কৃষিভিত্তিক খাদ্য', 1, '2023-10-24 00:24:16', '2023-10-24 00:24:16', NULL),
(12, 2, 8, 'আর্কিটেকচারাল ড্রাফটিং উইথ ক্যাড ', 1, '2023-10-24 00:24:16', '2023-10-24 00:24:16', NULL),
(13, 2, 8, 'আর্কিটেকচার এবং ইন্টেরিয়র ডিজাইন প্রযুক্তি', 1, '2023-10-24 00:24:16', '2023-10-24 00:24:16', NULL),
(14, 2, 8, 'অটোমোবাইল প্রযুক্তি', 1, '2023-10-24 00:24:16', '2023-10-24 00:24:16', NULL),
(15, 2, 8, 'অটোমোটিভ ', 1, '2023-10-24 00:24:16', '2023-10-24 00:24:16', NULL),
(16, 2, 8, 'ভবন রক্ষণাবেক্ষণ', 1, '2023-10-24 00:24:16', '2023-10-24 00:24:16', NULL),
(17, 2, 8, 'সিরামিক', 1, '2023-10-24 00:24:16', '2023-10-24 00:24:16', NULL),
(18, 2, 8, 'রাসায়নিক প্রযুক্তি', 1, '2023-10-24 00:24:16', '2023-10-24 00:24:16', NULL),
(19, 2, 8, 'নাগরিক নির্মাণ', 1, '2023-10-24 00:24:16', '2023-10-24 00:24:16', NULL),
(20, 2, 8, 'সিভিল ড্রাফটিং উইথ ক্যাড ', 1, '2023-10-24 00:24:16', '2023-10-24 00:24:16', NULL),
(21, 2, 8, 'সিভিল টেকনোলজি', 1, '2023-10-24 00:24:16', '2023-10-24 00:24:16', NULL),
(22, 2, 8, 'কম্পিউটার এবং তথ্য প্রযুক্তি', 1, '2023-10-24 00:24:16', '2023-10-24 00:24:16', NULL),
(23, 2, 8, 'কম্পিউটার বিজ্ঞান', 1, '2023-10-24 00:24:16', '2023-10-24 00:24:16', NULL),
(24, 2, 8, 'ডেটা টেলিকমিউনিকেশন এবং নেটওয়ার্ক প্রযুক্তি', 1, '2023-10-24 00:24:16', '2023-10-24 00:24:16', NULL),
(25, 2, 8, 'ড্রেস মেকিং', 1, '2023-10-24 00:24:16', '2023-10-24 00:24:16', NULL),
(26, 2, 8, 'ডাইং, প্রিন্টিং এবং ফিনিশিং', 1, '2023-10-24 00:24:16', '2023-10-24 00:24:16', NULL),
(27, 2, 8, 'ইলেকট্রিকাল এবং ইলেকট্রনিক্স প্রযুক্তি', 1, '2023-10-24 00:24:16', '2023-10-24 00:24:16', NULL),
(28, 2, 8, 'ইলেকট্রিকাল রক্ষণাবেক্ষণ কাজ', 1, '2023-10-24 00:24:16', '2023-10-24 00:24:16', NULL),
(29, 2, 8, 'ইলেকট্রিকাল প্রযুক্তি', 1, '2023-10-24 00:24:16', '2023-10-24 00:24:16', NULL),
(30, 2, 8, 'ইলেকট্রনিক্স প্রযুক্তি', 1, '2023-10-24 00:24:16', '2023-10-24 00:24:16', NULL),
(31, 2, 8, 'পরিবেশগত প্রযুক্তি', 1, '2023-10-24 00:24:16', '2023-10-24 00:24:16', NULL),
(32, 2, 8, 'খামারের যন্ত্রপাতি', 1, '2023-10-24 00:24:16', '2023-10-24 00:24:16', NULL),
(33, 2, 8, 'ফার্ম মেশিনারি ', 1, '2023-10-24 00:24:16', '2023-10-24 00:24:16', NULL),
(34, 2, 8, 'মৎস্য চাষ ও প্রজনন', 1, '2023-10-24 00:24:16', '2023-10-24 00:24:16', NULL),
(35, 2, 8, 'ফুল, ফল ও সবজি চাষ', 1, '2023-10-24 00:24:16', '2023-10-24 00:24:16', NULL),
(36, 2, 8, 'খাদ্য', 1, '2023-10-24 00:24:16', '2023-10-24 00:24:16', NULL),
(37, 2, 8, 'খাদ্য প্রক্রিয়াকরণ এবং সংরক্ষণ', 1, '2023-10-24 00:24:16', '2023-10-24 00:24:16', NULL),
(38, 2, 8, 'জেনারেল ইলেকট্রিকাল কাজ', 1, '2023-10-24 00:24:16', '2023-10-24 00:24:16', NULL),
(39, 2, 8, 'জেনারেল ইলেকট্রনিক্স', 1, '2023-10-24 00:24:16', '2023-10-24 00:24:16', NULL),
(40, 2, 8, 'জেনারেল মেকানিক্স', 1, '2023-10-24 00:24:16', '2023-10-24 00:24:16', NULL),
(41, 2, 8, 'গ্লাস', 1, '2023-10-24 00:24:16', '2023-10-24 00:24:16', NULL),
(42, 2, 8, 'গ্লাস এবং সিরামিক', 1, '2023-10-24 00:24:16', '2023-10-24 00:24:16', NULL),
(43, 2, 8, 'ইন্সট্রুমেন্টেশন এন্ড প্রোসেস কন্ট্রোল টেকনোলজি ', 1, '2023-10-24 00:24:16', '2023-10-24 00:24:16', NULL),
(44, 2, 8, 'নিটিং ', 1, '2023-10-24 00:24:16', '2023-10-24 00:24:16', NULL),
(45, 2, 8, 'গ্রন্থাগার বিজ্ঞান', 1, '2023-10-24 00:24:16', '2023-10-24 00:24:16', NULL),
(46, 2, 8, 'গবাদি পশু পালন ও চাষ', 1, '2023-10-24 00:24:16', '2023-10-24 00:24:16', NULL),
(47, 2, 8, 'মেশিন টুলস অপারেশন', 1, '2023-10-24 00:24:16', '2023-10-24 00:24:16', NULL),
(48, 2, 8, 'যান্ত্রিক খসড়া উইথ ক্যাড ', 1, '2023-10-24 00:24:16', '2023-10-24 00:24:16', NULL),
(49, 2, 8, 'যান্ত্রিক প্রযুক্তি', 1, '2023-10-24 00:24:16', '2023-10-24 00:24:16', NULL),
(50, 2, 8, 'মেকাট্রনিক্স প্রযুক্তি', 1, '2023-10-24 00:24:16', '2023-10-24 00:24:16', NULL),
(51, 2, 8, 'প্যাসেন্ট কেয়ার ', 1, '2023-10-24 00:24:16', '2023-10-24 00:24:16', NULL),
(52, 2, 8, 'প্লাম্বিং এবং পাইপ ফিটিং', 1, '2023-10-24 00:24:16', '2023-10-24 00:24:16', NULL),
(53, 2, 8, 'মুরগি পালন ও খামার', 1, '2023-10-24 00:24:16', '2023-10-24 00:24:16', NULL),
(54, 2, 8, 'পাওয়ার প্রযুক্তি', 1, '2023-10-24 00:24:16', '2023-10-24 00:24:16', NULL),
(55, 2, 8, 'রেফ্রিজারেশন এবং এয়ার কন্ডিশনিং প্রযুক্তি', 1, '2023-10-24 00:24:16', '2023-10-24 00:24:16', NULL),
(56, 2, 8, 'রেফ্রিজারেশন এবং এয়ার কন্ডিশনিং ', 1, '2023-10-24 00:24:16', '2023-10-24 00:24:16', NULL),
(57, 2, 8, 'শ্রিম্প কালচার এন্ড ব্রিডিং ', 1, '2023-10-24 00:24:16', '2023-10-24 00:24:16', NULL),
(58, 2, 8, 'জরিপ', 1, '2023-10-24 00:24:16', '2023-10-24 00:24:16', NULL),
(59, 2, 8, 'টেলিযোগাযোগ প্রযুক্তি', 1, '2023-10-24 00:24:16', '2023-10-24 00:24:16', NULL),
(60, 2, 8, 'টেক্সটাইল প্রযুক্তি', 1, '2023-10-24 00:24:16', '2023-10-24 00:24:16', NULL),
(61, 2, 8, 'ওয়েভিং ', 1, '2023-10-24 00:24:16', '2023-10-24 00:24:16', NULL),
(62, 2, 8, 'ওয়েল্ডিং এবং ফ্যাব্রিকেশন', 1, '2023-10-24 00:24:16', '2023-10-24 00:24:16', NULL),
(63, 2, 8, 'কাঠের কাজ', 1, '2023-10-24 00:24:16', '2023-10-24 00:24:16', NULL),
(64, 2, 8, 'অন্যান্য', 1, '2023-10-24 00:24:16', '2023-10-24 00:24:16', NULL),
(65, 2, 9, 'ব্যবসায় শিক্ষা ', 1, '2023-10-24 00:24:16', '2023-10-24 00:24:16', NULL),
(66, 2, 9, 'সাধারণ', 1, '2023-10-24 00:24:16', '2023-10-24 00:24:16', NULL),
(67, 2, 9, 'মানবিক', 1, '2023-10-24 00:24:16', '2023-10-24 00:24:16', NULL),
(68, 2, 9, 'বিজ্ঞান', 1, '2023-10-24 00:24:16', '2023-10-24 00:24:16', NULL),
(69, 2, 9, 'অন্যান্য', 1, '2023-10-24 00:24:16', '2023-10-24 00:24:16', NULL),
(70, 2, 10, 'ব্যবসায় শিক্ষা ', 1, '2023-10-24 00:24:16', '2023-10-24 00:24:16', NULL),
(71, 2, 10, 'সাধারণ', 1, '2023-10-24 00:24:16', '2023-10-24 00:24:16', NULL),
(72, 2, 10, 'মানবিক', 1, '2023-10-24 00:24:16', '2023-10-24 00:24:16', NULL),
(73, 2, 10, 'বিজ্ঞান', 1, '2023-10-24 00:24:16', '2023-10-24 00:24:16', NULL),
(74, 2, 10, 'অন্যান্য', 1, '2023-10-24 00:24:16', '2023-10-24 00:24:16', NULL),
(75, 2, 11, 'কৃষি প্রযুক্তি', 1, '2023-10-24 00:24:16', '2023-10-24 00:24:16', NULL),
(76, 2, 11, 'কৃষিভিত্তিক খাদ্য', 1, '2023-10-24 00:24:16', '2023-10-24 00:24:16', NULL),
(77, 2, 11, 'আর্কিটেকচারাল ড্রাফটিং উইথ ক্যাড ', 1, '2023-10-24 00:24:16', '2023-10-24 00:24:16', NULL),
(78, 2, 11, 'আর্কিটেকচার এবং ইন্টেরিয়র ডিজাইন প্রযুক্তি', 1, '2023-10-24 00:24:16', '2023-10-24 00:24:16', NULL),
(79, 2, 11, 'অটোমোবাইল প্রযুক্তি', 1, '2023-10-24 00:24:16', '2023-10-24 00:24:16', NULL),
(80, 2, 11, 'অটোমোটিভ ', 1, '2023-10-24 00:24:16', '2023-10-24 00:24:16', NULL),
(81, 2, 11, 'ভবন রক্ষণাবেক্ষণ', 1, '2023-10-24 00:24:16', '2023-10-24 00:24:16', NULL),
(82, 2, 11, 'সিরামিক', 1, '2023-10-24 00:24:16', '2023-10-24 00:24:16', NULL),
(83, 2, 11, 'রাসায়নিক প্রযুক্তি', 1, '2023-10-24 00:24:16', '2023-10-24 00:24:16', NULL),
(84, 2, 11, 'নাগরিক নির্মাণ', 1, '2023-10-24 00:24:16', '2023-10-24 00:24:16', NULL),
(85, 2, 11, 'সিভিল ড্রাফটিং উইথ ক্যাড ', 1, '2023-10-24 00:24:16', '2023-10-24 00:24:16', NULL),
(86, 2, 11, 'সিভিল টেকনোলজি', 1, '2023-10-24 00:24:16', '2023-10-24 00:24:16', NULL),
(87, 2, 11, 'কম্পিউটার এবং তথ্য প্রযুক্তি', 1, '2023-10-24 00:24:16', '2023-10-24 00:24:16', NULL),
(88, 2, 11, 'কম্পিউটার বিজ্ঞান', 1, '2023-10-24 00:24:16', '2023-10-24 00:24:16', NULL),
(89, 2, 11, 'ডেটা টেলিকমিউনিকেশন এবং নেটওয়ার্ক প্রযুক্তি', 1, '2023-10-24 00:24:16', '2023-10-24 00:24:16', NULL),
(90, 2, 11, 'ড্রেস মেকিং', 1, '2023-10-24 00:24:16', '2023-10-24 00:24:16', NULL),
(91, 2, 11, 'ডাইং, প্রিন্টিং এবং ফিনিশিং', 1, '2023-10-24 00:24:16', '2023-10-24 00:24:16', NULL),
(92, 2, 11, 'ইলেকট্রিকাল এবং ইলেকট্রনিক্স প্রযুক্তি', 1, '2023-10-24 00:24:16', '2023-10-24 00:24:16', NULL),
(93, 2, 11, 'ইলেকট্রিকাল রক্ষণাবেক্ষণ কাজ', 1, '2023-10-24 00:24:16', '2023-10-24 00:24:16', NULL),
(94, 2, 11, 'ইলেকট্রিকাল প্রযুক্তি', 1, '2023-10-24 00:24:16', '2023-10-24 00:24:16', NULL),
(95, 2, 11, 'ইলেকট্রনিক্স প্রযুক্তি', 1, '2023-10-24 00:24:16', '2023-10-24 00:24:16', NULL),
(96, 2, 11, 'পরিবেশগত প্রযুক্তি', 1, '2023-10-24 00:24:16', '2023-10-24 00:24:16', NULL),
(97, 2, 11, 'খামারের যন্ত্রপাতি', 1, '2023-10-24 00:24:16', '2023-10-24 00:24:16', NULL),
(98, 2, 11, 'ফার্ম মেশিনারি ', 1, '2023-10-24 00:24:16', '2023-10-24 00:24:16', NULL),
(99, 2, 11, 'মৎস্য চাষ ও প্রজনন', 1, '2023-10-24 00:24:16', '2023-10-24 00:24:16', NULL),
(100, 2, 11, 'ফুল, ফল ও সবজি চাষ', 1, '2023-10-24 00:24:16', '2023-10-24 00:24:16', NULL),
(101, 2, 11, 'খাদ্য', 1, '2023-10-24 00:24:16', '2023-10-24 00:24:16', NULL),
(102, 2, 11, 'খাদ্য প্রক্রিয়াকরণ এবং সংরক্ষণ', 1, '2023-10-24 00:24:16', '2023-10-24 00:24:16', NULL),
(103, 2, 11, 'জেনারেল ইলেকট্রিকাল কাজ', 1, '2023-10-24 00:24:16', '2023-10-24 00:24:16', NULL),
(104, 2, 11, 'জেনারেল ইলেকট্রনিক্স', 1, '2023-10-24 00:24:16', '2023-10-24 00:24:16', NULL),
(105, 2, 11, 'জেনারেল মেকানিক্স', 1, '2023-10-24 00:24:16', '2023-10-24 00:24:16', NULL),
(106, 2, 11, 'গ্লাস', 1, '2023-10-24 00:24:16', '2023-10-24 00:24:16', NULL),
(107, 2, 11, 'গ্লাস এবং সিরামিক', 1, '2023-10-24 00:24:16', '2023-10-24 00:24:16', NULL),
(108, 2, 11, 'ইন্সট্রুমেন্টেশন এন্ড প্রোসেস কন্ট্রোল টেকনোলজি ', 1, '2023-10-24 00:24:16', '2023-10-24 00:24:16', NULL),
(109, 2, 11, 'নিটিং ', 1, '2023-10-24 00:24:16', '2023-10-24 00:24:16', NULL),
(110, 2, 11, 'গ্রন্থাগার বিজ্ঞান', 1, '2023-10-24 00:24:16', '2023-10-24 00:24:16', NULL),
(111, 2, 11, 'গবাদি পশু পালন ও চাষ', 1, '2023-10-24 00:24:16', '2023-10-24 00:24:16', NULL),
(112, 2, 11, 'মেশিন টুলস অপারেশন', 1, '2023-10-24 00:24:16', '2023-10-24 00:24:16', NULL),
(113, 2, 11, 'যান্ত্রিক খসড়া উইথ ক্যাড ', 1, '2023-10-24 00:24:16', '2023-10-24 00:24:16', NULL),
(114, 2, 11, 'যান্ত্রিক প্রযুক্তি', 1, '2023-10-24 00:24:16', '2023-10-24 00:24:16', NULL),
(115, 2, 11, 'মেকাট্রনিক্স প্রযুক্তি', 1, '2023-10-24 00:24:16', '2023-10-24 00:24:16', NULL),
(116, 2, 11, 'প্যাসেন্ট কেয়ার ', 1, '2023-10-24 00:24:16', '2023-10-24 00:24:16', NULL),
(117, 2, 11, 'প্লাম্বিং এবং পাইপ ফিটিং', 1, '2023-10-24 00:24:16', '2023-10-24 00:24:16', NULL),
(118, 2, 11, 'মুরগি পালন ও খামার', 1, '2023-10-24 00:24:16', '2023-10-24 00:24:16', NULL),
(119, 2, 11, 'পাওয়ার প্রযুক্তি', 1, '2023-10-24 00:24:16', '2023-10-24 00:24:16', NULL),
(120, 2, 11, 'রেফ্রিজারেশন এবং এয়ার কন্ডিশনিং প্রযুক্তি', 1, '2023-10-24 00:24:16', '2023-10-24 00:24:16', NULL),
(121, 2, 11, 'রেফ্রিজারেশন এবং এয়ার কন্ডিশনিং ', 1, '2023-10-24 00:24:16', '2023-10-24 00:24:16', NULL),
(122, 2, 11, 'শ্রিম্প কালচার এন্ড ব্রিডিং ', 1, '2023-10-24 00:24:16', '2023-10-24 00:24:16', NULL),
(123, 2, 11, 'জরিপ', 1, '2023-10-24 00:24:16', '2023-10-24 00:24:16', NULL),
(124, 2, 11, 'টেলিযোগাযোগ প্রযুক্তি', 1, '2023-10-24 00:24:16', '2023-10-24 00:24:16', NULL),
(125, 2, 11, 'টেক্সটাইল প্রযুক্তি', 1, '2023-10-24 00:24:16', '2023-10-24 00:24:16', NULL),
(126, 2, 11, 'ওয়েভিং ', 1, '2023-10-24 00:24:16', '2023-10-24 00:24:16', NULL),
(127, 2, 11, 'ওয়েল্ডিং এবং ফ্যাব্রিকেশন', 1, '2023-10-24 00:24:16', '2023-10-24 00:24:16', NULL),
(128, 2, 11, 'কাঠের কাজ', 1, '2023-10-24 00:24:16', '2023-10-24 00:24:16', NULL),
(129, 2, 11, 'অন্যান্য', 1, '2023-10-24 00:24:16', '2023-10-24 00:24:16', NULL),
(130, 3, 12, 'ব্যবসায় শিক্ষা ', 1, '2023-10-24 03:09:42', '2023-10-24 03:09:42', NULL),
(131, 3, 12, 'সাধারণ', 1, '2023-10-24 03:09:42', '2023-10-24 03:09:42', NULL),
(132, 3, 12, 'মানবিক', 1, '2023-10-24 03:09:42', '2023-10-24 03:09:42', NULL),
(133, 3, 12, 'বিজ্ঞান', 1, '2023-10-24 03:09:42', '2023-10-24 03:09:42', NULL),
(134, 3, 12, 'অন্যান্য', 1, '2023-10-24 03:09:42', '2023-10-24 03:09:42', NULL),
(135, 3, 18, 'ডেন্টাল', 1, '2023-10-24 03:09:42', '2023-10-24 03:09:42', NULL),
(136, 3, 18, 'ল্যাবরেটরি', 1, '2023-10-24 03:09:42', '2023-10-24 03:09:42', NULL),
(137, 3, 18, 'ফার্মেসি', 1, '2023-10-24 03:09:42', '2023-10-24 03:09:42', NULL),
(138, 3, 18, 'ফিজিওথেরাপি', 1, '2023-10-24 03:09:42', '2023-10-24 03:09:42', NULL),
(139, 3, 18, 'রেডিওগ্রাফি', 1, '2023-10-24 03:09:42', '2023-10-24 03:09:42', NULL),
(140, 3, 18, 'রেডিওথেরাপি', 1, '2023-10-24 03:09:42', '2023-10-24 03:09:42', NULL),
(141, 3, 18, 'অন্যান্য', 1, '2023-10-24 03:09:42', '2023-10-24 03:09:42', NULL),
(142, 3, 19, 'অটোমোবাইল', 1, '2023-10-24 03:09:42', '2023-10-24 03:09:42', NULL),
(143, 3, 19, 'বিল্ডিং রক্ষণাবেক্ষণ এবং নির্মাণ', 1, '2023-10-24 03:09:42', '2023-10-24 03:09:42', NULL),
(144, 3, 19, 'পোশাক এবং গার্মেন্টস ফিনিশিং', 1, '2023-10-24 03:09:42', '2023-10-24 03:09:42', NULL),
(145, 3, 19, 'কম্পিউটার অপারেশন এবং রক্ষণাবেক্ষণ', 1, '2023-10-24 03:09:42', '2023-10-24 03:09:42', NULL),
(146, 3, 19, 'সিভিল খসড়া', 1, '2023-10-24 03:09:42', '2023-10-24 03:09:42', NULL),
(147, 3, 19, 'ইলেকট্রিকাল কাজ এবং রক্ষণাবেক্ষণ', 1, '2023-10-24 03:09:42', '2023-10-24 03:09:42', NULL),
(148, 3, 19, 'ইলেকট্রনিক কন্ট্রোল এবং কমিউনিকেশন', 1, '2023-10-24 03:09:42', '2023-10-24 03:09:42', NULL),
(149, 3, 19, 'মৎস্য চাষ ও প্রজনন', 1, '2023-10-24 03:09:42', '2023-10-24 03:09:42', NULL),
(150, 3, 19, 'খাদ্য', 1, '2023-10-24 03:09:42', '2023-10-24 03:09:42', NULL),
(151, 3, 19, 'ইন্ডাস্ট্রিয়াল উড ওয়ার্কিং ', 1, '2023-10-24 03:09:42', '2023-10-24 03:09:42', NULL),
(152, 3, 19, 'মেশিন টুলস অপারেশন এবং রক্ষণাবেক্ষণ', 1, '2023-10-24 03:09:42', '2023-10-24 03:09:42', NULL),
(153, 3, 19, 'মেকাট্রনিক্স', 1, '2023-10-24 03:09:42', '2023-10-24 03:09:42', NULL),
(154, 3, 19, 'মুরগি পালন ও খামার', 1, '2023-10-24 03:09:42', '2023-10-24 03:09:42', NULL),
(155, 3, 19, 'রেফ্রিজারেশন এবং এয়ার কন্ডিশনার', 1, '2023-10-24 03:09:42', '2023-10-24 03:09:42', NULL),
(156, 3, 19, 'ওয়েল্ডিং এবং ফ্যাব্রিকেশন', 1, '2023-10-24 03:09:42', '2023-10-24 03:09:42', NULL),
(157, 3, 19, 'অন্যান্য', 1, '2023-10-24 03:09:42', '2023-10-24 03:09:42', NULL),
(459, 4, 20, 'বৈমানিক প্রকৌশল', 1, '2023-10-24 03:23:31', '2023-10-24 03:23:31', NULL),
(460, 4, 20, 'আর্কিটেকচার', 1, '2023-10-24 03:23:31', '2023-10-24 03:23:31', NULL),
(461, 4, 20, 'রাসায়নিক প্রকৌশল', 1, '2023-10-24 03:23:31', '2023-10-24 03:23:31', NULL),
(462, 4, 20, 'সিভিল ইঞ্জিনিয়ারিং', 1, '2023-10-24 03:23:31', '2023-10-24 03:23:31', NULL),
(463, 4, 20, 'কম্পিউটার প্রকৌশল', 1, '2023-10-24 03:23:31', '2023-10-24 03:23:31', NULL),
(464, 4, 20, 'কম্পিউটার বিজ্ঞান', 1, '2023-10-24 03:23:31', '2023-10-24 03:23:31', NULL),
(465, 4, 20, 'কম্পিউটার বিজ্ঞান ও প্রকৌশল', 1, '2023-10-24 03:23:31', '2023-10-24 03:23:31', NULL),
(466, 4, 20, 'কম্পিউটার বিজ্ঞান এন্ড তথ্য প্রযুক্তি', 1, '2023-10-24 03:23:31', '2023-10-24 03:23:31', NULL),
(467, 4, 20, 'ইলেকট্রিকাল এন্ড ইলেকট্রনিক্স ইঞ্জিনিয়ারিং', 1, '2023-10-24 03:23:31', '2023-10-24 03:23:31', NULL),
(468, 4, 20, 'ইলেকট্রিকাল প্রকৌশল', 1, '2023-10-24 03:23:31', '2023-10-24 03:23:31', NULL),
(469, 4, 20, 'ইলেকট্রনিক প্রকৌশল', 1, '2023-10-24 03:23:31', '2023-10-24 03:23:31', NULL),
(470, 4, 20, 'ইলেকট্রনিক্স এন্ড যোগাযোগ প্রকৌশল', 1, '2023-10-24 03:23:31', '2023-10-24 03:23:31', NULL),
(471, 4, 20, 'ইলেকট্রনিক্স এন্ড টেলিযোগাযোগ ইঞ্জিনিয়ারিং', 1, '2023-10-24 03:23:31', '2023-10-24 03:23:31', NULL),
(472, 4, 20, 'পরিবেশ প্রকৌশল', 1, '2023-10-24 03:23:31', '2023-10-24 03:23:31', NULL),
(473, 4, 20, 'খাদ্য ও প্রক্রিয়া প্রকৌশল', 1, '2023-10-24 03:23:31', '2023-10-24 03:23:31', NULL),
(474, 4, 20, 'জীনতত্ত্ব প্রকৌশল', 1, '2023-10-24 03:23:31', '2023-10-24 03:23:31', NULL),
(475, 4, 20, 'শিল্প প্রকৌশল', 1, '2023-10-24 03:23:31', '2023-10-24 03:23:31', NULL),
(476, 4, 20, 'তথ্য ও যোগাযোগ প্রকৌশল', 1, '2023-10-24 03:23:31', '2023-10-24 03:23:31', NULL),
(477, 4, 20, 'তথ্য ও যোগাযোগ প্রযুক্তি', 1, '2023-10-24 03:23:31', '2023-10-24 03:23:31', NULL),
(478, 4, 20, 'লেদার ইঞ্জিনিয়ারিং ', 1, '2023-10-24 03:23:31', '2023-10-24 03:23:31', NULL),
(479, 4, 20, 'মেরিন ইঞ্জিনিয়ারিং ', 1, '2023-10-24 03:23:31', '2023-10-24 03:23:31', NULL),
(480, 4, 20, 'ম্যাটেরিয়ালস সাইন্স এন্ড প্রকৌশল', 1, '2023-10-24 03:23:31', '2023-10-24 03:23:31', NULL),
(481, 4, 20, 'যন্ত্র প্রকৌশল', 1, '2023-10-24 03:23:31', '2023-10-24 03:23:31', NULL),
(482, 4, 20, 'মেডিকেল ফিজিক্স এবং বায়োমেডিকাল ইঞ্জিনিয়ারিং', 1, '2023-10-24 03:23:31', '2023-10-24 03:23:31', NULL),
(483, 4, 20, 'মেটাল্লুরজিক্যাল ইঞ্জিনিয়ারিং ', 1, '2023-10-24 03:23:31', '2023-10-24 03:23:31', NULL),
(484, 4, 20, 'মাইক্রোওয়েভ ইঞ্জিনিয়ারিং', 1, '2023-10-24 03:23:31', '2023-10-24 03:23:31', NULL),
(485, 4, 20, 'খনিজ প্রকৌশল', 1, '2023-10-24 03:23:31', '2023-10-24 03:23:31', NULL),
(486, 4, 20, 'মাইনিং ইঞ্জিনিয়ারিং ', 1, '2023-10-24 03:23:31', '2023-10-24 03:23:31', NULL),
(487, 4, 20, 'নেভাল আর্কিটেকচার এন্ড মেরিন ইঞ্জিনিয়ারিং ', 1, '2023-10-24 03:23:31', '2023-10-24 03:23:31', NULL),
(488, 4, 20, 'শারীরিক পরিকল্পনা', 1, '2023-10-24 03:23:31', '2023-10-24 03:23:31', NULL),
(489, 4, 20, 'আঞ্চলিক পরিকল্পনা', 1, '2023-10-24 03:23:31', '2023-10-24 03:23:31', NULL),
(490, 4, 20, 'সফ্টওয়্যার প্রকৌশল', 1, '2023-10-24 03:23:31', '2023-10-24 03:23:31', NULL),
(491, 4, 20, 'স্ট্রাকচারাল ইঞ্জিনিয়ারিং ', 1, '2023-10-24 03:23:31', '2023-10-24 03:23:31', NULL),
(492, 4, 20, 'টেলিযোগাযোগ ইঞ্জিনিয়ারিং', 1, '2023-10-24 03:23:31', '2023-10-24 03:23:31', NULL),
(493, 4, 20, 'টেক্সটাইল ইঞ্জিনিয়ারিং', 1, '2023-10-24 03:23:31', '2023-10-24 03:23:31', NULL),
(494, 4, 20, 'টাউন প্ল্যানিং ', 1, '2023-10-24 03:23:31', '2023-10-24 03:23:31', NULL),
(495, 4, 20, 'নগর এন্ড আঞ্চলিক পরিকল্পনা', 1, '2023-10-24 03:23:31', '2023-10-24 03:23:31', NULL),
(496, 4, 20, 'ওয়াটার রিসোর্স ইঞ্জিনিয়ারিং ', 1, '2023-10-24 03:23:31', '2023-10-24 03:23:31', NULL),
(497, 4, 20, 'অন্যান্য', 1, '2023-10-24 03:23:31', '2023-10-24 03:23:31', NULL),
(498, 4, 21, 'আগ্রো কোঅপারেটিভ এন্ড মার্কেটিং ', 1, '2023-10-24 03:23:31', '2023-10-24 03:23:31', NULL),
(499, 4, 21, 'কৃষি রসায়ন', 1, '2023-10-24 03:23:31', '2023-10-24 03:23:31', NULL),
(500, 4, 21, 'আগ্রো কো-অপারেটিভস ', 1, '2023-10-24 03:23:31', '2023-10-24 03:23:31', NULL),
(501, 4, 21, 'কৃষি অর্থনীতি', 1, '2023-10-24 03:23:31', '2023-10-24 03:23:31', NULL),
(502, 4, 21, 'কৃষি প্রকৌশল', 1, '2023-10-24 03:23:31', '2023-10-24 03:23:31', NULL),
(503, 4, 21, 'কৃষি সম্প্রসারণ', 1, '2023-10-24 03:23:31', '2023-10-24 03:23:31', NULL),
(504, 4, 21, 'কৃষি ফিনান্স', 1, '2023-10-24 03:23:31', '2023-10-24 03:23:31', NULL),
(505, 4, 21, 'কৃষি মার্কেটিং ', 1, '2023-10-24 03:23:31', '2023-10-24 03:23:31', NULL),
(506, 4, 21, 'কৃষি বিজ্ঞান', 1, '2023-10-24 03:23:31', '2023-10-24 03:23:31', NULL),
(507, 4, 21, 'এগ্রেসিয়ালচার সয়েল সাইন্স ', 1, '2023-10-24 03:23:31', '2023-10-24 03:23:31', NULL),
(508, 4, 21, 'কৃষির পরিসংখ্যান', 1, '2023-10-24 03:23:31', '2023-10-24 03:23:31', NULL),
(509, 4, 21, 'কৃষি জল ব্যবস্থাপনা', 1, '2023-10-24 03:23:31', '2023-10-24 03:23:31', NULL),
(510, 4, 21, 'কৃষি বনজ', 1, '2023-10-24 03:23:31', '2023-10-24 03:23:31', NULL),
(511, 4, 21, 'এগ্রোনমি', 1, '2023-10-24 03:23:31', '2023-10-24 03:23:31', NULL),
(512, 4, 21, 'এগ্রোনোমি এন্ড জলজ চাষ', 1, '2023-10-24 03:23:31', '2023-10-24 03:23:31', NULL),
(513, 4, 21, 'এগ্রোনোমি এন্ড জলজ এক্সটেনশন', 1, '2023-10-24 03:23:31', '2023-10-24 03:23:31', NULL),
(514, 4, 21, 'অ্যানাটমোলজি', 1, '2023-10-24 03:23:32', '2023-10-24 03:23:32', NULL),
(515, 4, 21, 'এনাটমি এন্ড হিস্টোলজি', 1, '2023-10-24 03:23:32', '2023-10-24 03:23:32', NULL),
(516, 4, 21, 'প্রাণী প্রজনন এন্ড জেনেটিক', 1, '2023-10-24 03:23:32', '2023-10-24 03:23:32', NULL),
(517, 4, 21, 'পশুপালন', 1, '2023-10-24 03:23:32', '2023-10-24 03:23:32', NULL),
(518, 4, 21, 'প্রাণী পুষ্টি', 1, '2023-10-24 03:23:32', '2023-10-24 03:23:32', NULL),
(519, 4, 21, 'প্রাণী বিজ্ঞান', 1, '2023-10-24 03:23:32', '2023-10-24 03:23:32', NULL),
(520, 4, 21, 'বায়ো-টেকনোলজি', 1, '2023-10-24 03:23:32', '2023-10-24 03:23:32', NULL),
(521, 4, 21, 'ব্যবসায় শিক্ষা ', 1, '2023-10-24 03:23:32', '2023-10-24 03:23:32', NULL),
(522, 4, 21, 'কর্প বোটানি ', 1, '2023-10-24 03:23:32', '2023-10-24 03:23:32', NULL),
(523, 4, 21, 'দুগ্ধ বিজ্ঞান', 1, '2023-10-24 03:23:32', '2023-10-24 03:23:32', NULL),
(524, 4, 21, 'ডক অফ ভেটেরিনারি বিজ্ঞান', 1, '2023-10-24 03:23:32', '2023-10-24 03:23:32', NULL),
(525, 4, 21, 'খামার পাওয়ার এন্ড যন্ত্রপাতি', 1, '2023-10-24 03:23:32', '2023-10-24 03:23:32', NULL),
(526, 4, 21, 'খামার কাঠামো', 1, '2023-10-24 03:23:32', '2023-10-24 03:23:32', NULL),
(527, 4, 21, 'ফিশারি', 1, '2023-10-24 03:23:32', '2023-10-24 03:23:32', NULL),
(528, 4, 21, 'ফিশারি এন্ড জলজ চাষ', 1, '2023-10-24 03:23:32', '2023-10-24 03:23:32', NULL),
(529, 4, 21, 'ফিশারি জীববিজ্ঞান', 1, '2023-10-24 03:23:32', '2023-10-24 03:23:32', NULL),
(530, 4, 21, 'ফিশারি ম্যানেজমেন্ট', 1, '2023-10-24 03:23:32', '2023-10-24 03:23:32', NULL),
(531, 4, 21, 'ফিশারি প্রযুক্তি', 1, '2023-10-24 03:23:32', '2023-10-24 03:23:32', NULL),
(532, 4, 21, 'খাদ্য কারিগরি এন্ড গ্রামীণ শিল্প', 1, '2023-10-24 03:23:32', '2023-10-24 03:23:32', NULL),
(533, 4, 21, 'বনজ', 1, '2023-10-24 03:23:32', '2023-10-24 03:23:32', NULL),
(534, 4, 21, 'উদ্যানতত্ত্ব', 1, '2023-10-24 03:23:32', '2023-10-24 03:23:32', NULL),
(535, 4, 21, 'পশুসম্পত্তি', 1, '2023-10-24 03:23:32', '2023-10-24 03:23:32', NULL),
(536, 4, 21, 'মাইক্রোবায়োলজিএন্ড হাইজেনিক', 1, '2023-10-24 03:23:32', '2023-10-24 03:23:32', NULL),
(537, 4, 21, 'প্যারাট্রোলজি', 1, '2023-10-24 03:23:32', '2023-10-24 03:23:32', NULL),
(538, 4, 21, 'উদ্ভিদ প্যাথলজি', 1, '2023-10-24 03:23:32', '2023-10-24 03:23:32', NULL),
(539, 4, 21, 'পোল্ট্রি বিজ্ঞান', 1, '2023-10-24 03:23:32', '2023-10-24 03:23:32', NULL),
(540, 4, 21, 'প্রোডাকশন ইকোনমিক্স ', 1, '2023-10-24 03:23:32', '2023-10-24 03:23:32', NULL),
(541, 4, 21, 'গ্রামীণ সমাজবিজ্ঞান', 1, '2023-10-24 03:23:32', '2023-10-24 03:23:32', NULL),
(542, 4, 21, 'সার্জারি এন্ড অবস্টেড ', 1, '2023-10-24 03:23:32', '2023-10-24 03:23:32', NULL),
(543, 4, 21, 'অন্যান্য', 1, '2023-10-24 03:23:32', '2023-10-24 03:23:32', NULL),
(544, 4, 22, 'ডেন্টাল সার্জারি ', 1, '2023-10-24 03:23:32', '2023-10-24 03:23:32', NULL),
(545, 4, 22, 'মেডিসিন এন্ড সার্জারি', 1, '2023-10-24 03:23:32', '2023-10-24 03:23:32', NULL),
(546, 4, 23, 'অ্যাকাউন্টিং', 1, '2023-10-24 03:23:32', '2023-10-24 03:23:32', NULL),
(547, 4, 23, 'কৃষি', 1, '2023-10-24 03:23:32', '2023-10-24 03:23:32', NULL),
(548, 4, 23, 'নৃবিজ্ঞান', 1, '2023-10-24 03:23:32', '2023-10-24 03:23:32', NULL),
(549, 4, 23, 'ফলিত রসায়ন', 1, '2023-10-24 03:23:32', '2023-10-24 03:23:32', NULL),
(550, 4, 23, 'ফলিত গণিত', 1, '2023-10-24 03:23:32', '2023-10-24 03:23:32', NULL),
(551, 4, 23, 'ফলিত পদার্থ বিজ্ঞান', 1, '2023-10-24 03:23:32', '2023-10-24 03:23:32', NULL),
(552, 4, 23, 'প্রত্নতত্ত্ব', 1, '2023-10-24 03:23:32', '2023-10-24 03:23:32', NULL),
(553, 4, 23, 'বাংলা', 1, '2023-10-24 03:23:32', '2023-10-24 03:23:32', NULL),
(554, 4, 23, 'ব্যাংকিং', 1, '2023-10-24 03:23:32', '2023-10-24 03:23:32', NULL),
(555, 4, 23, 'বায়োকেমিস্ট্রি', 1, '2023-10-24 03:23:32', '2023-10-24 03:23:32', NULL),
(556, 4, 23, 'উদ্ভিদবিজ্ঞান', 1, '2023-10-24 03:23:32', '2023-10-24 03:23:32', NULL),
(557, 4, 23, 'ব্যবসা প্রশাসন', 1, '2023-10-24 03:23:32', '2023-10-24 03:23:32', NULL),
(558, 4, 23, 'রসায়ন', 1, '2023-10-24 03:23:32', '2023-10-24 03:23:32', NULL),
(559, 4, 23, 'ক্লিনিক্যাল সাইকোলজি', 1, '2023-10-24 03:23:32', '2023-10-24 03:23:32', NULL),
(560, 4, 23, 'কমিউনিকেশন ডিসঅর্ডার ', 1, '2023-10-24 03:23:32', '2023-10-24 03:23:32', NULL),
(561, 4, 23, 'কম্পিউটার প্রকৌশল', 1, '2023-10-24 03:23:32', '2023-10-24 03:23:32', NULL),
(562, 4, 23, 'কম্পিউটার বিজ্ঞান', 1, '2023-10-24 03:23:32', '2023-10-24 03:23:32', NULL),
(563, 4, 23, 'কম্পিউটার বিজ্ঞান এন্ড প্রকৌশল', 1, '2023-10-24 03:23:32', '2023-10-24 03:23:32', NULL),
(564, 4, 23, 'কম্পিউটার বিজ্ঞান এন্ড তথ্য প্রযুক্তি', 1, '2023-10-24 03:23:32', '2023-10-24 03:23:32', NULL),
(565, 4, 23, 'ক্রিমিনোলজি', 1, '2023-10-24 03:23:32', '2023-10-24 03:23:32', NULL),
(566, 4, 23, 'ক্রিমিনোলজি এন্ড পুলিশ বিজ্ঞান', 1, '2023-10-24 03:23:32', '2023-10-24 03:23:32', NULL),
(567, 4, 23, 'উন্নয়ন অধ্যয়ন', 1, '2023-10-24 03:23:32', '2023-10-24 03:23:32', NULL),
(568, 4, 23, 'দুর্যোগ বিজ্ঞান ও পরিচালনা', 1, '2023-10-24 03:23:32', '2023-10-24 03:23:32', NULL),
(569, 4, 23, 'নাটক এন্ড সংগীত', 1, '2023-10-24 03:23:32', '2023-10-24 03:23:32', NULL),
(570, 4, 23, 'অঙ্কন এবং মুদ্রণ', 1, '2023-10-24 03:23:32', '2023-10-24 03:23:32', NULL),
(571, 4, 23, 'অর্থনীতি', 1, '2023-10-24 03:23:32', '2023-10-24 03:23:32', NULL),
(572, 4, 23, 'শিক্ষা', 1, '2023-10-24 03:23:32', '2023-10-24 03:23:32', NULL),
(573, 4, 23, 'ইংরেজি', 1, '2023-10-24 03:23:32', '2023-10-24 03:23:32', NULL),
(574, 4, 23, 'পরিবেশ বিজ্ঞান', 1, '2023-10-24 03:23:32', '2023-10-24 03:23:32', NULL),
(575, 4, 23, 'নীতিশাস্ত্র', 1, '2023-10-24 03:23:32', '2023-10-24 03:23:32', NULL),
(576, 4, 23, 'অর্থায়ন', 1, '2023-10-24 03:23:32', '2023-10-24 03:23:32', NULL),
(577, 4, 23, 'ফিনান্স এবং ব্যাংকিং', 1, '2023-10-24 03:23:32', '2023-10-24 03:23:32', NULL),
(578, 4, 23, 'চারুকলা', 1, '2023-10-24 03:23:32', '2023-10-24 03:23:32', NULL),
(579, 4, 23, 'লোককাহিনী', 1, '2023-10-24 03:23:32', '2023-10-24 03:23:32', NULL),
(580, 4, 23, 'বনজ', 1, '2023-10-24 03:23:32', '2023-10-24 03:23:32', NULL),
(581, 4, 23, 'জেনেটিক এবং প্রজনন', 1, '2023-10-24 03:23:32', '2023-10-24 03:23:32', NULL),
(582, 4, 23, 'জেনেটিক ইঞ্জিনিয়ারিং এবং বায়োটেকনোলজি', 1, '2023-10-24 03:23:32', '2023-10-24 03:23:32', NULL),
(583, 4, 23, 'ভূগোল', 1, '2023-10-24 03:23:32', '2023-10-24 03:23:32', NULL),
(584, 4, 23, 'ভূগোল ও পরিবেশ বিজ্ঞান', 1, '2023-10-24 03:23:32', '2023-10-24 03:23:32', NULL),
(585, 4, 23, 'ভূতত্ত্ব/ভূতত্ত্ব এবং খনির', 1, '2023-10-24 03:23:32', '2023-10-24 03:23:32', NULL),
(586, 4, 23, 'সরকার এবং রাজনীতি', 1, '2023-10-24 03:23:32', '2023-10-24 03:23:32', NULL),
(587, 4, 23, 'গ্রাফিক্স', 1, '2023-10-24 03:23:32', '2023-10-24 03:23:32', NULL),
(588, 4, 23, 'স্বাস্থ্য অর্থনীতি', 1, '2023-10-24 03:23:32', '2023-10-24 03:23:32', NULL),
(589, 4, 23, 'ইতিহাস', 1, '2023-10-24 03:23:32', '2023-10-24 03:23:32', NULL),
(590, 4, 23, 'সংগীতের ইতিহাস', 1, '2023-10-24 03:23:32', '2023-10-24 03:23:32', NULL),
(591, 4, 23, 'গার্হস্থ অর্থনীতি', 1, '2023-10-24 03:23:32', '2023-10-24 03:23:32', NULL),
(592, 4, 23, 'শিল্প শিল্প', 1, '2023-10-24 03:23:32', '2023-10-24 03:23:32', NULL),
(593, 4, 23, 'তথ্য ও যোগাযোগ প্রযুক্তি', 1, '2023-10-24 03:23:32', '2023-10-24 03:23:32', NULL),
(594, 4, 23, 'তথ্য বিজ্ঞান এবং গ্রন্থাগার পরিচালনা', 1, '2023-10-24 03:23:32', '2023-10-24 03:23:32', NULL),
(595, 4, 23, 'তথ্য প্রযুক্তি', 1, '2023-10-24 03:23:32', '2023-10-24 03:23:32', NULL),
(596, 4, 23, 'আন্তর্জাতিক আইন', 1, '2023-10-24 03:23:32', '2023-10-24 03:23:32', NULL),
(597, 4, 23, 'আন্তর্জাতিক সম্পর্ক', 1, '2023-10-24 03:23:32', '2023-10-24 03:23:32', NULL),
(598, 4, 23, 'ইসলামী ইতিহাস ও সংস্কৃতি', 1, '2023-10-24 03:23:32', '2023-10-24 03:23:32', NULL),
(599, 4, 23, 'ইসলামিক স্টাডিজ', 1, '2023-10-24 03:23:32', '2023-10-24 03:23:32', NULL),
(600, 4, 23, 'ভাষা/ভাষাগত', 1, '2023-10-24 03:23:32', '2023-10-24 03:23:32', NULL),
(601, 4, 23, 'আইন/আইনশাস্ত্র', 1, '2023-10-24 03:23:32', '2023-10-24 03:23:32', NULL),
(602, 4, 23, 'গ্রন্থাগার বিজ্ঞান', 1, '2023-10-24 03:23:32', '2023-10-24 03:23:32', NULL),
(603, 4, 23, 'পরিচালনা', 1, '2023-10-24 03:23:32', '2023-10-24 03:23:32', NULL),
(604, 4, 23, 'মেরিন  বিজ্ঞান', 1, '2023-10-24 03:23:32', '2023-10-24 03:23:32', NULL),
(605, 4, 23, 'মার্কেটিং ', 1, '2023-10-24 03:23:32', '2023-10-24 03:23:32', NULL),
(606, 4, 23, 'মাস কম এন্ড সাংবাদিকতা', 1, '2023-10-24 03:23:32', '2023-10-24 03:23:32', NULL),
(607, 4, 23, 'ম্যাটেরিয়ালস সাইন্স এন্ড প্রকৌশল', 1, '2023-10-24 03:23:32', '2023-10-24 03:23:32', NULL),
(608, 4, 23, 'অংক', 1, '2023-10-24 03:23:32', '2023-10-24 03:23:32', NULL),
(609, 4, 23, 'চিকিৎসা প্রযুক্তি', 1, '2023-10-24 03:23:32', '2023-10-24 03:23:32', NULL),
(610, 4, 23, 'মাইক্রোবায়োলজি', 1, '2023-10-24 03:23:32', '2023-10-24 03:23:32', NULL),
(611, 4, 23, 'পালি', 1, '2023-10-24 03:23:32', '2023-10-24 03:23:32', NULL),
(612, 4, 23, 'শান্তি এন্ড সংঘাত', 1, '2023-10-24 03:23:32', '2023-10-24 03:23:32', NULL),
(613, 4, 23, 'পার্সিয়ান', 1, '2023-10-24 03:23:32', '2023-10-24 03:23:32', NULL),
(614, 4, 23, 'ফার্মাসিউটিক্যাল কেমিস্ট্রি', 1, '2023-10-24 03:23:32', '2023-10-24 03:23:32', NULL),
(615, 4, 23, 'ফার্মাসি', 1, '2023-10-24 03:23:32', '2023-10-24 03:23:32', NULL),
(616, 4, 23, 'দর্শন', 1, '2023-10-24 03:23:32', '2023-10-24 03:23:32', NULL),
(617, 4, 23, 'পদার্থবিজ্ঞান', 1, '2023-10-24 03:23:32', '2023-10-24 03:23:32', NULL),
(618, 4, 23, 'রাষ্ট্রবিজ্ঞান', 1, '2023-10-24 03:23:32', '2023-10-24 03:23:32', NULL),
(619, 4, 23, 'জনসংখ্যা বিজ্ঞান', 1, '2023-10-24 03:23:32', '2023-10-24 03:23:32', NULL),
(620, 4, 23, 'জনসংখ্যা বিজ্ঞান এবং মানবসম্পদ উন্নয়ন (আরইউ)', 1, '2023-10-24 03:23:32', '2023-10-24 03:23:32', NULL),
(621, 4, 23, 'মুদ্রণ ও প্রকাশনা অধ্যয়ন', 1, '2023-10-24 03:23:32', '2023-10-24 03:23:32', NULL),
(622, 4, 23, 'মনোবিজ্ঞান', 1, '2023-10-24 03:23:32', '2023-10-24 03:23:32', NULL),
(623, 4, 23, 'পাবলিক অ্যাডমিনিস্ট্রেশন  ', 1, '2023-10-24 03:23:32', '2023-10-24 03:23:32', NULL),
(624, 4, 23, 'পাবলিক ফিনান্স ', 1, '2023-10-24 03:23:32', '2023-10-24 03:23:32', NULL),
(625, 4, 23, 'সংস্কৃত', 1, '2023-10-24 03:23:32', '2023-10-24 03:23:32', NULL),
(626, 4, 23, 'সামাজিক কল্যাণ/সামাজিক কাজ', 1, '2023-10-24 03:23:32', '2023-10-24 03:23:32', NULL),
(627, 4, 23, 'সামাজিক কাজ', 1, '2023-10-24 03:23:32', '2023-10-24 03:23:32', NULL),
(628, 4, 23, 'সমাজবিজ্ঞান', 1, '2023-10-24 03:23:32', '2023-10-24 03:23:32', NULL),
(629, 4, 23, 'মাটির জল এবং পরিবেশ বিজ্ঞান', 1, '2023-10-24 03:23:32', '2023-10-24 03:23:32', NULL),
(630, 4, 23, 'পরিসংখ্যান', 1, '2023-10-24 03:23:32', '2023-10-24 03:23:32', NULL),
(631, 4, 23, 'টেলিভিশন, ফিল্ম এবং ফটোগ্রাফি', 1, '2023-10-24 03:23:32', '2023-10-24 03:23:32', NULL),
(632, 4, 23, 'নগর উন্নয়ন', 1, '2023-10-24 03:23:32', '2023-10-24 03:23:32', NULL),
(633, 4, 23, 'উর্দু', 1, '2023-10-24 03:23:32', '2023-10-24 03:23:32', NULL),
(634, 4, 23, 'ওমেন এন্ড জেন্ডার স্টাডিস ', 1, '2023-10-24 03:23:32', '2023-10-24 03:23:32', NULL),
(635, 4, 23, 'ওমেন স্টাডিস ', 1, '2023-10-24 03:23:32', '2023-10-24 03:23:32', NULL),
(636, 4, 23, 'বিশ্ব ধর্ম', 1, '2023-10-24 03:23:32', '2023-10-24 03:23:32', NULL),
(637, 4, 23, 'প্রাণিবিদ্যা', 1, '2023-10-24 03:23:32', '2023-10-24 03:23:32', NULL),
(638, 4, 23, 'অন্যান্য', 1, '2023-10-24 03:23:32', '2023-10-24 03:23:32', NULL),
(639, 4, 24, 'বি.এ', 1, '2023-10-24 03:23:32', '2023-10-24 03:23:32', NULL),
(640, 4, 24, 'বি.কম', 1, '2023-10-24 03:23:32', '2023-10-24 03:23:32', NULL),
(641, 4, 24, 'বি.এস.এস.', 1, '2023-10-24 03:23:32', '2023-10-24 03:23:32', NULL),
(642, 4, 24, 'বি.এস.সি', 1, '2023-10-24 03:23:32', '2023-10-24 03:23:32', NULL),
(643, 4, 24, 'এল.এল.বি.', 1, '2023-10-24 03:23:32', '2023-10-24 03:23:32', NULL),
(644, 4, 25, 'আকাইদ ', 1, '2023-10-24 03:23:32', '2023-10-24 03:23:32', NULL),
(645, 4, 25, 'আরবি', 1, '2023-10-24 03:23:32', '2023-10-24 03:23:32', NULL),
(646, 4, 25, 'ফিখা', 1, '2023-10-24 03:23:32', '2023-10-24 03:23:32', NULL),
(647, 4, 25, 'হাদীস', 1, '2023-10-24 03:23:32', '2023-10-24 03:23:32', NULL),
(648, 4, 25, 'ইসলামিক স্টাডিজ', 1, '2023-10-24 03:23:32', '2023-10-24 03:23:32', NULL),
(649, 4, 25, 'আধুনিক আরবি', 1, '2023-10-24 03:23:32', '2023-10-24 03:23:32', NULL),
(650, 4, 25, 'তাফসির', 1, '2023-10-24 03:23:32', '2023-10-24 03:23:32', NULL),
(651, 4, 25, 'অন্যান্য', 1, '2023-10-24 03:23:32', '2023-10-24 03:23:32', NULL),
(652, 4, 26, 'অ্যাকাউন্টিং', 1, '2023-10-24 03:23:32', '2023-10-24 03:23:32', NULL),
(653, 4, 26, 'অ্যাকাউন্টিং এবং তথ্য সিস্টেম', 1, '2023-10-24 03:23:32', '2023-10-24 03:23:32', NULL),
(654, 4, 26, 'ব্যাংকিং', 1, '2023-10-24 03:23:32', '2023-10-24 03:23:32', NULL),
(655, 4, 26, 'ব্যাংকিং এবং বীমা', 1, '2023-10-24 03:23:32', '2023-10-24 03:23:32', NULL),
(656, 4, 26, 'ব্যবসা প্রশাসন', 1, '2023-10-24 03:23:32', '2023-10-24 03:23:32', NULL),
(657, 4, 26, 'অর্থ', 1, '2023-10-24 03:23:32', '2023-10-24 03:23:32', NULL),
(658, 4, 26, 'ফিনান্স এবং ব্যাংকিং', 1, '2023-10-24 03:23:32', '2023-10-24 03:23:32', NULL),
(659, 4, 26, 'মানব সম্পদ ব্যবস্থাপনা', 1, '2023-10-24 03:23:32', '2023-10-24 03:23:32', NULL),
(660, 4, 26, 'আন্তর্জাতিক ব্যবসা', 1, '2023-10-24 03:23:32', '2023-10-24 03:23:32', NULL),
(661, 4, 26, 'পরিচালনা', 1, '2023-10-24 03:23:32', '2023-10-24 03:23:32', NULL),
(662, 4, 26, 'ম্যানেজমেন্ট ইনফরমেশন সিস্টেম ', 1, '2023-10-24 03:23:32', '2023-10-24 03:23:32', NULL),
(663, 4, 26, 'মার্কেটিং ', 1, '2023-10-24 03:23:32', '2023-10-24 03:23:32', NULL),
(664, 4, 26, 'অর্গানাইজেশন স্ট্রাটেজি এন্ড লিডারশিপ ', 1, '2023-10-24 03:23:32', '2023-10-24 03:23:32', NULL),
(665, 4, 26, 'টুরিজম এন্ড হসপিটালিটি ম্যানেজমেন্ট ', 1, '2023-10-24 03:23:32', '2023-10-24 03:23:32', NULL),
(666, 4, 26, 'অন্যান্য', 1, '2023-10-24 03:23:32', '2023-10-24 03:23:32', NULL),
(667, 4, 27, 'অ্যাকাউন্টিং', 1, '2023-10-24 03:23:32', '2023-10-24 03:23:32', NULL),
(668, 4, 27, 'কৃষি', 1, '2023-10-24 03:23:32', '2023-10-24 03:23:32', NULL),
(669, 4, 27, 'নৃবিজ্ঞান', 1, '2023-10-24 03:23:32', '2023-10-24 03:23:32', NULL),
(670, 4, 27, 'ফলিত রসায়ন', 1, '2023-10-24 03:23:32', '2023-10-24 03:23:32', NULL),
(671, 4, 27, 'ফলিত গণিত', 1, '2023-10-24 03:23:32', '2023-10-24 03:23:32', NULL),
(672, 4, 27, 'ফলিত পদার্থ বিজ্ঞান', 1, '2023-10-24 03:23:32', '2023-10-24 03:23:32', NULL),
(673, 4, 27, 'প্রত্নতত্ত্ব', 1, '2023-10-24 03:23:32', '2023-10-24 03:23:32', NULL),
(674, 4, 27, 'বাংলা', 1, '2023-10-24 03:23:32', '2023-10-24 03:23:32', NULL),
(675, 4, 27, 'ব্যাংকিং', 1, '2023-10-24 03:23:32', '2023-10-24 03:23:32', NULL),
(676, 4, 27, 'বায়োকেমিস্ট্রি', 1, '2023-10-24 03:23:32', '2023-10-24 03:23:32', NULL),
(677, 4, 27, 'উদ্ভিদবিজ্ঞান', 1, '2023-10-24 03:23:32', '2023-10-24 03:23:32', NULL),
(678, 4, 27, 'ব্যবসা প্রশাসন', 1, '2023-10-24 03:23:32', '2023-10-24 03:23:32', NULL),
(679, 4, 27, 'রসায়ন', 1, '2023-10-24 03:23:32', '2023-10-24 03:23:32', NULL),
(680, 4, 27, 'ক্লিনিক্যাল সাইকোলজি', 1, '2023-10-24 03:23:32', '2023-10-24 03:23:32', NULL),
(681, 4, 27, 'কমিউনিকেশন ডিসর্ডারস ', 1, '2023-10-24 03:23:32', '2023-10-24 03:23:32', NULL),
(682, 4, 27, 'কম্পিউটার প্রকৌশল', 1, '2023-10-24 03:23:32', '2023-10-24 03:23:32', NULL),
(683, 4, 27, 'কম্পিউটার বিজ্ঞান', 1, '2023-10-24 03:23:32', '2023-10-24 03:23:32', NULL),
(684, 4, 27, 'কম্পিউটার বিজ্ঞান এন্ড প্রকৌশল', 1, '2023-10-24 03:23:32', '2023-10-24 03:23:32', NULL),
(685, 4, 27, 'কম্পিউটার বিজ্ঞান এন্ড তথ্য প্রযুক্তি', 1, '2023-10-24 03:23:32', '2023-10-24 03:23:32', NULL),
(686, 4, 27, 'ক্রিমিনোলজি', 1, '2023-10-24 03:23:32', '2023-10-24 03:23:32', NULL),
(687, 4, 27, 'ক্রিমিনোলজি এন্ড পুলিশ বিজ্ঞান', 1, '2023-10-24 03:23:32', '2023-10-24 03:23:32', NULL),
(688, 4, 27, 'উন্নয়ন অধ্যয়ন', 1, '2023-10-24 03:23:32', '2023-10-24 03:23:32', NULL),
(689, 4, 27, 'দুর্যোগ বিজ্ঞান ও পরিচালনা', 1, '2023-10-24 03:23:32', '2023-10-24 03:23:32', NULL),
(690, 4, 27, 'নাটক এন্ড সংগীত', 1, '2023-10-24 03:23:32', '2023-10-24 03:23:32', NULL),
(691, 4, 27, 'অঙ্কন এবং মুদ্রণ', 1, '2023-10-24 03:23:32', '2023-10-24 03:23:32', NULL),
(692, 4, 27, 'অর্থনীতি', 1, '2023-10-24 03:23:32', '2023-10-24 03:23:32', NULL),
(693, 4, 27, 'শিক্ষা', 1, '2023-10-24 03:23:32', '2023-10-24 03:23:32', NULL),
(694, 4, 27, 'ইংরেজি', 1, '2023-10-24 03:23:32', '2023-10-24 03:23:32', NULL),
(695, 4, 27, 'পরিবেশ বিজ্ঞান', 1, '2023-10-24 03:23:32', '2023-10-24 03:23:32', NULL),
(696, 4, 27, 'নীতিশাস্ত্র', 1, '2023-10-24 03:23:32', '2023-10-24 03:23:32', NULL),
(697, 4, 27, 'অর্থ', 1, '2023-10-24 03:23:32', '2023-10-24 03:23:32', NULL),
(698, 4, 27, 'ফিনান্স এবং ব্যাংকিং', 1, '2023-10-24 03:23:32', '2023-10-24 03:23:32', NULL),
(699, 4, 27, 'চারুকলা', 1, '2023-10-24 03:23:32', '2023-10-24 03:23:32', NULL),
(700, 4, 27, 'লোককাহিনী', 1, '2023-10-24 03:23:32', '2023-10-24 03:23:32', NULL),
(701, 4, 27, 'বনজ', 1, '2023-10-24 03:23:32', '2023-10-24 03:23:32', NULL),
(702, 4, 27, 'জেনেটিক এবং প্রজনন', 1, '2023-10-24 03:23:32', '2023-10-24 03:23:32', NULL),
(703, 4, 27, 'জেনেটিক ইঞ্জিনিয়ারিং এবং বায়োটেকনোলজি', 1, '2023-10-24 03:23:32', '2023-10-24 03:23:32', NULL),
(704, 4, 27, 'ভূগোল', 1, '2023-10-24 03:23:32', '2023-10-24 03:23:32', NULL),
(705, 4, 27, 'ভূগোল ও পরিবেশ বিজ্ঞান', 1, '2023-10-24 03:23:32', '2023-10-24 03:23:32', NULL),
(706, 4, 27, 'ভূতত্ত্ব/ভূতত্ত্ব এবং খনির', 1, '2023-10-24 03:23:32', '2023-10-24 03:23:32', NULL),
(707, 4, 27, 'সরকার এবং রাজনীতি', 1, '2023-10-24 03:23:32', '2023-10-24 03:23:32', NULL),
(708, 4, 27, 'গ্রাফিক্স', 1, '2023-10-24 03:23:32', '2023-10-24 03:23:32', NULL),
(709, 4, 27, 'স্বাস্থ্য অর্থনীতি', 1, '2023-10-24 03:23:32', '2023-10-24 03:23:32', NULL),
(710, 4, 27, 'ইতিহাস', 1, '2023-10-24 03:23:32', '2023-10-24 03:23:32', NULL),
(711, 4, 27, 'সংগীতের ইতিহাস', 1, '2023-10-24 03:23:32', '2023-10-24 03:23:32', NULL),
(712, 4, 27, 'গার্হস্থ অর্থনীতি', 1, '2023-10-24 03:23:32', '2023-10-24 03:23:32', NULL),
(713, 4, 27, 'শিল্প শিল্প', 1, '2023-10-24 03:23:32', '2023-10-24 03:23:32', NULL),
(714, 4, 27, 'তথ্য ও যোগাযোগ প্রযুক্তি', 1, '2023-10-24 03:23:32', '2023-10-24 03:23:32', NULL),
(715, 4, 27, 'তথ্য বিজ্ঞান এবং গ্রন্থাগার পরিচালনা', 1, '2023-10-24 03:23:32', '2023-10-24 03:23:32', NULL),
(716, 4, 27, 'তথ্য প্রযুক্তি', 1, '2023-10-24 03:23:32', '2023-10-24 03:23:32', NULL),
(717, 4, 27, 'আন্তর্জাতিক আইন', 1, '2023-10-24 03:23:32', '2023-10-24 03:23:32', NULL),
(718, 4, 27, 'আন্তর্জাতিক সম্পর্ক', 1, '2023-10-24 03:23:32', '2023-10-24 03:23:32', NULL),
(719, 4, 27, 'ইসলামী ইতিহাস ও সংস্কৃতি', 1, '2023-10-24 03:23:32', '2023-10-24 03:23:32', NULL),
(720, 4, 27, 'ইসলামিক স্টাডিজ', 1, '2023-10-24 03:23:32', '2023-10-24 03:23:32', NULL),
(721, 4, 27, 'ভাষা/ভাষাগত', 1, '2023-10-24 03:23:32', '2023-10-24 03:23:32', NULL),
(722, 4, 27, 'আইন/আইনশাস্ত্র', 1, '2023-10-24 03:23:32', '2023-10-24 03:23:32', NULL),
(723, 4, 27, 'গ্রন্থাগার বিজ্ঞান', 1, '2023-10-24 03:23:32', '2023-10-24 03:23:32', NULL),
(724, 4, 27, 'পরিচালনা', 1, '2023-10-24 03:23:32', '2023-10-24 03:23:32', NULL),
(725, 4, 27, 'মেরিন  বিজ্ঞান', 1, '2023-10-24 03:23:32', '2023-10-24 03:23:32', NULL),
(726, 4, 27, 'মার্কেটিং ', 1, '2023-10-24 03:23:32', '2023-10-24 03:23:32', NULL),
(727, 4, 27, 'মাস কম এন্ড সাংবাদিকতা', 1, '2023-10-24 03:23:32', '2023-10-24 03:23:32', NULL),
(728, 4, 27, 'ম্যাটেরিয়ালস সাইন্স এন্ড প্রকৌশল', 1, '2023-10-24 03:23:32', '2023-10-24 03:23:32', NULL),
(729, 4, 27, 'অংক', 1, '2023-10-24 03:23:32', '2023-10-24 03:23:32', NULL),
(730, 4, 27, 'চিকিৎসা প্রযুক্তি', 1, '2023-10-24 03:23:32', '2023-10-24 03:23:32', NULL),
(731, 4, 27, 'মাইক্রোবায়োলজি', 1, '2023-10-24 03:23:32', '2023-10-24 03:23:32', NULL),
(732, 4, 27, 'পালি', 1, '2023-10-24 03:23:32', '2023-10-24 03:23:32', NULL),
(733, 4, 27, 'শান্তি এন্ড সংঘাত', 1, '2023-10-24 03:23:32', '2023-10-24 03:23:32', NULL),
(734, 4, 27, 'পার্সিয়ান', 1, '2023-10-24 03:23:32', '2023-10-24 03:23:32', NULL),
(735, 4, 27, 'ফার্মাসিউটিক্যাল কেমিস্ট্রি', 1, '2023-10-24 03:23:32', '2023-10-24 03:23:32', NULL),
(736, 4, 27, 'ফার্মাসি', 1, '2023-10-24 03:23:32', '2023-10-24 03:23:32', NULL),
(737, 4, 27, 'দর্শন', 1, '2023-10-24 03:23:32', '2023-10-24 03:23:32', NULL),
(738, 4, 27, 'পদার্থবিজ্ঞান', 1, '2023-10-24 03:23:32', '2023-10-24 03:23:32', NULL),
(739, 4, 27, 'রাষ্ট্রবিজ্ঞান', 1, '2023-10-24 03:23:32', '2023-10-24 03:23:32', NULL),
(740, 4, 27, 'জনসংখ্যা বিজ্ঞান', 1, '2023-10-24 03:23:32', '2023-10-24 03:23:32', NULL),
(741, 4, 27, 'জনসংখ্যা বিজ্ঞান এবং মানবসম্পদ উন্নয়ন (আরইউ)', 1, '2023-10-24 03:23:32', '2023-10-24 03:23:32', NULL),
(742, 4, 27, 'মুদ্রণ ও প্রকাশনা অধ্যয়ন', 1, '2023-10-24 03:23:32', '2023-10-24 03:23:32', NULL),
(743, 4, 27, 'মনোবিজ্ঞান', 1, '2023-10-24 03:23:32', '2023-10-24 03:23:32', NULL),
(744, 4, 27, 'পাবলিক প্রশাসন', 1, '2023-10-24 03:23:32', '2023-10-24 03:23:32', NULL),
(745, 4, 27, 'পাবলিক অর্থ', 1, '2023-10-24 03:23:32', '2023-10-24 03:23:32', NULL),
(746, 4, 27, 'সংস্কৃত', 1, '2023-10-24 03:23:32', '2023-10-24 03:23:32', NULL),
(747, 4, 27, 'সামাজিক কল্যাণ/সামাজিক কাজ', 1, '2023-10-24 03:23:32', '2023-10-24 03:23:32', NULL),
(748, 4, 27, 'সামাজিক কাজ', 1, '2023-10-24 03:23:32', '2023-10-24 03:23:32', NULL),
(749, 4, 27, 'সমাজবিজ্ঞান', 1, '2023-10-24 03:23:32', '2023-10-24 03:23:32', NULL),
(750, 4, 27, 'মাটির জল এবং পরিবেশ বিজ্ঞান', 1, '2023-10-24 03:23:32', '2023-10-24 03:23:32', NULL),
(751, 4, 27, 'পরিসংখ্যান', 1, '2023-10-24 03:23:32', '2023-10-24 03:23:32', NULL),
(752, 4, 27, 'টেলিভিশন, ফিল্ম এবং ফটোগ্রাফি', 1, '2023-10-24 03:23:32', '2023-10-24 03:23:32', NULL),
(753, 4, 27, 'নগর উন্নয়ন', 1, '2023-10-24 03:23:32', '2023-10-24 03:23:32', NULL),
(754, 4, 27, 'উর্দু', 1, '2023-10-24 03:23:32', '2023-10-24 03:23:32', NULL),
(755, 4, 27, 'ওমেন এন্ড জেন্ডার স্টাডিস ', 1, '2023-10-24 03:23:32', '2023-10-24 03:23:32', NULL),
(756, 4, 27, 'ওমেন স্টাডিস ', 1, '2023-10-24 03:23:32', '2023-10-24 03:23:32', NULL),
(757, 4, 27, 'বিশ্ব ধর্ম', 1, '2023-10-24 03:23:32', '2023-10-24 03:23:32', NULL),
(758, 4, 27, 'প্রাণিবিদ্যা', 1, '2023-10-24 03:23:32', '2023-10-24 03:23:32', NULL),
(759, 4, 27, 'অন্যান্য', 1, '2023-10-24 03:23:32', '2023-10-24 03:23:32', NULL),
(760, 5, 28, 'অ্যাকাউন্টিং', 1, '2023-10-24 03:28:23', '2023-10-24 03:28:23', NULL),
(761, 5, 28, 'অ্যাকাউন্টিং এবং তথ্য সিস্টেম', 1, '2023-10-24 03:28:23', '2023-10-24 03:28:23', NULL),
(762, 5, 28, 'বৈমানিক প্রকৌশল', 1, '2023-10-24 03:28:23', '2023-10-24 03:28:23', NULL),
(763, 5, 28, 'আগ্রো কোঅপারেটিভ এন্ড মার্কেটিং ', 1, '2023-10-24 03:28:23', '2023-10-24 03:28:23', NULL),
(764, 5, 28, 'কৃষি', 1, '2023-10-24 03:28:23', '2023-10-24 03:28:23', NULL),
(765, 5, 28, 'কৃষি রসায়ন', 1, '2023-10-24 03:28:23', '2023-10-24 03:28:23', NULL),
(766, 5, 28, 'আগ্রো কো-অপারেটিভস ', 1, '2023-10-24 03:28:23', '2023-10-24 03:28:23', NULL),
(767, 5, 28, 'কৃষি অর্থনীতি', 1, '2023-10-24 03:28:23', '2023-10-24 03:28:23', NULL),
(768, 5, 28, 'কৃষি প্রকৌশল', 1, '2023-10-24 03:28:23', '2023-10-24 03:28:23', NULL),
(769, 5, 28, 'কৃষি সম্প্রসারণ', 1, '2023-10-24 03:28:23', '2023-10-24 03:28:23', NULL),
(770, 5, 28, 'কৃষি ফিনান্স', 1, '2023-10-24 03:28:23', '2023-10-24 03:28:23', NULL),
(771, 5, 28, 'কৃষি মার্কেটিং ', 1, '2023-10-24 03:28:23', '2023-10-24 03:28:23', NULL),
(772, 5, 28, 'কৃষি বিজ্ঞান', 1, '2023-10-24 03:28:23', '2023-10-24 03:28:23', NULL),
(773, 5, 28, 'এগ্রেসিয়ালচার সয়েল সাইন্স ', 1, '2023-10-24 03:28:23', '2023-10-24 03:28:23', NULL),
(774, 5, 28, 'কৃষির পরিসংখ্যান', 1, '2023-10-24 03:28:23', '2023-10-24 03:28:23', NULL),
(775, 5, 28, 'কৃষি জল ব্যবস্থাপনা', 1, '2023-10-24 03:28:23', '2023-10-24 03:28:23', NULL),
(776, 5, 28, 'কৃষি বনজ', 1, '2023-10-24 03:28:23', '2023-10-24 03:28:23', NULL),
(777, 5, 28, 'এগ্রোনমি', 1, '2023-10-24 03:28:23', '2023-10-24 03:28:23', NULL),
(778, 5, 28, 'কৃষি  এন্ড জলজ চাষ', 1, '2023-10-24 03:28:23', '2023-10-24 03:28:23', NULL),
(779, 5, 28, 'কৃষি এন্ড জলজ এক্সটেনশন', 1, '2023-10-24 03:28:23', '2023-10-24 03:28:23', NULL),
(780, 5, 28, 'আকাইদ ', 1, '2023-10-24 03:28:23', '2023-10-24 03:28:23', NULL),
(781, 5, 28, 'অ্যানাটমোলজি', 1, '2023-10-24 03:28:23', '2023-10-24 03:28:23', NULL),
(782, 5, 28, 'এনাটমি এন্ড হিস্টোলজি', 1, '2023-10-24 03:28:23', '2023-10-24 03:28:23', NULL),
(783, 5, 28, 'প্রাণী প্রজনন  এন্ড জেনেটিক', 1, '2023-10-24 03:28:23', '2023-10-24 03:28:23', NULL),
(784, 5, 28, 'পশুপালন', 1, '2023-10-24 03:28:23', '2023-10-24 03:28:23', NULL),
(785, 5, 28, 'প্রাণী পুষ্টি', 1, '2023-10-24 03:28:23', '2023-10-24 03:28:23', NULL),
(786, 5, 28, 'প্রাণী বিজ্ঞান', 1, '2023-10-24 03:28:23', '2023-10-24 03:28:23', NULL),
(787, 5, 28, 'নৃবিজ্ঞান', 1, '2023-10-24 03:28:23', '2023-10-24 03:28:23', NULL),
(788, 5, 28, 'ফলিত রসায়ন', 1, '2023-10-24 03:28:23', '2023-10-24 03:28:23', NULL),
(789, 5, 28, 'ফলিত গণিত', 1, '2023-10-24 03:28:23', '2023-10-24 03:28:23', NULL),
(790, 5, 28, 'ফলিত পদার্থ বিজ্ঞান', 1, '2023-10-24 03:28:23', '2023-10-24 03:28:23', NULL),
(791, 5, 28, 'আরবি', 1, '2023-10-24 03:28:23', '2023-10-24 03:28:23', NULL),
(792, 5, 28, 'প্রত্নতত্ত্ব', 1, '2023-10-24 03:28:23', '2023-10-24 03:28:23', NULL),
(793, 5, 28, 'আর্কিটেকচার', 1, '2023-10-24 03:28:23', '2023-10-24 03:28:23', NULL),
(794, 5, 28, 'বাংলা', 1, '2023-10-24 03:28:23', '2023-10-24 03:28:23', NULL),
(795, 5, 28, 'ব্যাংকিং', 1, '2023-10-24 03:28:23', '2023-10-24 03:28:23', NULL),
(796, 5, 28, 'ব্যাংকিং এবং বীমা', 1, '2023-10-24 03:28:23', '2023-10-24 03:28:23', NULL),
(797, 5, 28, 'বায়ো-টেকনোলজি', 1, '2023-10-24 03:28:23', '2023-10-24 03:28:23', NULL),
(798, 5, 28, 'বায়োকেমিস্ট্রি', 1, '2023-10-24 03:28:23', '2023-10-24 03:28:23', NULL),
(799, 5, 28, 'উদ্ভিদবিজ্ঞান', 1, '2023-10-24 03:28:23', '2023-10-24 03:28:23', NULL),
(800, 5, 28, 'ব্যবসা প্রশাসন', 1, '2023-10-24 03:28:23', '2023-10-24 03:28:23', NULL),
(801, 5, 28, 'ব্যবসায় শিক্ষা ', 1, '2023-10-24 03:28:23', '2023-10-24 03:28:23', NULL),
(802, 5, 28, 'রাসায়নিক প্রকৌশল', 1, '2023-10-24 03:28:23', '2023-10-24 03:28:23', NULL),
(803, 5, 28, 'রসায়ন', 1, '2023-10-24 03:28:23', '2023-10-24 03:28:23', NULL),
(804, 5, 28, 'সিভিল ইঞ্জিনিয়ারিং', 1, '2023-10-24 03:28:23', '2023-10-24 03:28:23', NULL),
(805, 5, 28, 'ক্লিনিক্যাল সাইকোলজি', 1, '2023-10-24 03:28:23', '2023-10-24 03:28:23', NULL),
(806, 5, 28, 'যোগাযোগ ব্যাধি', 1, '2023-10-24 03:28:23', '2023-10-24 03:28:23', NULL),
(807, 5, 28, 'কম্পিউটার প্রকৌশল', 1, '2023-10-24 03:28:23', '2023-10-24 03:28:23', NULL),
(808, 5, 28, 'কম্পিউটার বিজ্ঞান', 1, '2023-10-24 03:28:23', '2023-10-24 03:28:23', NULL),
(809, 5, 28, 'কম্পিউটার বিজ্ঞান  এন্ড প্রকৌশল', 1, '2023-10-24 03:28:23', '2023-10-24 03:28:23', NULL),
(810, 5, 28, 'কম্পিউটার বিজ্ঞান  এন্ড তথ্য প্রযুক্তি', 1, '2023-10-24 03:28:23', '2023-10-24 03:28:23', NULL),
(811, 5, 28, 'কর্প কর্পোরেশন', 1, '2023-10-24 03:28:23', '2023-10-24 03:28:23', NULL),
(812, 5, 28, 'ক্রিমিনোলজি', 1, '2023-10-24 03:28:23', '2023-10-24 03:28:23', NULL),
(813, 5, 28, 'ক্রিমিনোলজি এন্ড পুলিশ বিজ্ঞান', 1, '2023-10-24 03:28:23', '2023-10-24 03:28:23', NULL),
(814, 5, 28, 'দুগ্ধ বিজ্ঞান', 1, '2023-10-24 03:28:23', '2023-10-24 03:28:23', NULL),
(815, 5, 28, 'উন্নয়ন অধ্যয়ন', 1, '2023-10-24 03:28:23', '2023-10-24 03:28:23', NULL),
(816, 5, 28, 'নাটক  এন্ড সংগীত', 1, '2023-10-24 03:28:23', '2023-10-24 03:28:23', NULL),
(817, 5, 28, 'অঙ্কন এবং মুদ্রণ', 1, '2023-10-24 03:28:23', '2023-10-24 03:28:23', NULL),
(818, 5, 28, 'অর্থনীতি', 1, '2023-10-24 03:28:23', '2023-10-24 03:28:23', NULL),
(819, 5, 28, 'শিক্ষা', 1, '2023-10-24 03:28:23', '2023-10-24 03:28:23', NULL),
(820, 5, 28, 'ইলেকট্রিকাল  এন্ড ইলেকট্রনিক্স ইঞ্জিনিয়ারিং', 1, '2023-10-24 03:28:23', '2023-10-24 03:28:23', NULL),
(821, 5, 28, 'ইলেকট্রিকাল প্রকৌশল', 1, '2023-10-24 03:28:23', '2023-10-24 03:28:23', NULL),
(822, 5, 28, 'ইলেকট্রনিক প্রকৌশল', 1, '2023-10-24 03:28:23', '2023-10-24 03:28:23', NULL),
(823, 5, 28, 'ইলেকট্রনিক্স এন্ড যোগাযোগ প্রকৌশল', 1, '2023-10-24 03:28:23', '2023-10-24 03:28:23', NULL),
(824, 5, 28, 'ইলেকট্রনিক্স এন্ড টেলিযোগাযোগ ইঞ্জিনিয়ারিং', 1, '2023-10-24 03:28:23', '2023-10-24 03:28:23', NULL),
(825, 5, 28, 'ইংরেজি', 1, '2023-10-24 03:28:23', '2023-10-24 03:28:23', NULL),
(826, 5, 28, 'পরিবেশ প্রকৌশল', 1, '2023-10-24 03:28:23', '2023-10-24 03:28:23', NULL),
(827, 5, 28, 'পরিবেশ বিজ্ঞান', 1, '2023-10-24 03:28:23', '2023-10-24 03:28:23', NULL),
(828, 5, 28, 'নীতিশাস্ত্র', 1, '2023-10-24 03:28:23', '2023-10-24 03:28:23', NULL),
(829, 5, 28, 'খামার পাওয়ার এন্ড যন্ত্রপাতি', 1, '2023-10-24 03:28:23', '2023-10-24 03:28:23', NULL),
(830, 5, 28, 'খামার কাঠামো', 1, '2023-10-24 03:28:23', '2023-10-24 03:28:23', NULL),
(831, 5, 28, 'ফিখা', 1, '2023-10-24 03:28:23', '2023-10-24 03:28:23', NULL),
(832, 5, 28, 'অর্থ', 1, '2023-10-24 03:28:23', '2023-10-24 03:28:23', NULL),
(833, 5, 28, 'ফিনান্স এবং ব্যাংকিং', 1, '2023-10-24 03:28:23', '2023-10-24 03:28:23', NULL),
(834, 5, 28, 'চারুকলা', 1, '2023-10-24 03:28:23', '2023-10-24 03:28:23', NULL),
(835, 5, 28, 'ফিশারি', 1, '2023-10-24 03:28:23', '2023-10-24 03:28:23', NULL),
(836, 5, 28, 'ফিশারি এন্ড জলজ চাষ', 1, '2023-10-24 03:28:23', '2023-10-24 03:28:23', NULL),
(837, 5, 28, 'ফিশারি জীববিজ্ঞান', 1, '2023-10-24 03:28:23', '2023-10-24 03:28:23', NULL),
(838, 5, 28, 'ফিশারি ম্যানেজমেন্ট', 1, '2023-10-24 03:28:23', '2023-10-24 03:28:23', NULL),
(839, 5, 28, 'ফিশারি প্রযুক্তি', 1, '2023-10-24 03:28:23', '2023-10-24 03:28:23', NULL),
(840, 5, 28, 'লোককাহিনী', 1, '2023-10-24 03:28:23', '2023-10-24 03:28:23', NULL),
(841, 5, 28, 'খাদ্য ও প্রক্রিয়া প্রকৌশল', 1, '2023-10-24 03:28:23', '2023-10-24 03:28:23', NULL),
(842, 5, 28, 'খাদ্য কারিগরি এন্ড গ্রামীণ শিল্প', 1, '2023-10-24 03:28:23', '2023-10-24 03:28:23', NULL),
(843, 5, 28, 'বনজ', 1, '2023-10-24 03:28:23', '2023-10-24 03:28:23', NULL),
(844, 5, 28, 'জেনেটিক এবং প্রজনন', 1, '2023-10-24 03:28:23', '2023-10-24 03:28:23', NULL),
(845, 5, 28, 'জীনতত্ত্ব প্রকৌশল', 1, '2023-10-24 03:28:23', '2023-10-24 03:28:23', NULL),
(846, 5, 28, 'জেনেটিক ইঞ্জিনিয়ারিং এবং বায়োটেকনোলজি', 1, '2023-10-24 03:28:23', '2023-10-24 03:28:23', NULL),
(847, 5, 28, 'ভূগোল', 1, '2023-10-24 03:28:23', '2023-10-24 03:28:23', NULL),
(848, 5, 28, 'ভূগোল ও পরিবেশ বিজ্ঞান', 1, '2023-10-24 03:28:23', '2023-10-24 03:28:23', NULL),
(849, 5, 28, 'ভূতত্ত্ব/ভূতত্ত্ব এবং খনির', 1, '2023-10-24 03:28:23', '2023-10-24 03:28:23', NULL),
(850, 5, 28, 'সরকার এবং রাজনীতি', 1, '2023-10-24 03:28:23', '2023-10-24 03:28:23', NULL),
(851, 5, 28, 'গ্রাফিক্স', 1, '2023-10-24 03:28:23', '2023-10-24 03:28:23', NULL),
(852, 5, 28, 'হাদীস', 1, '2023-10-24 03:28:23', '2023-10-24 03:28:23', NULL),
(853, 5, 28, 'ইতিহাস', 1, '2023-10-24 03:28:23', '2023-10-24 03:28:23', NULL),
(854, 5, 28, 'সংগীতের ইতিহাস', 1, '2023-10-24 03:28:23', '2023-10-24 03:28:23', NULL),
(855, 5, 28, 'গার্হস্থ অর্থনীতি', 1, '2023-10-24 03:28:23', '2023-10-24 03:28:23', NULL),
(856, 5, 28, 'উদ্যানতত্ত্ব', 1, '2023-10-24 03:28:23', '2023-10-24 03:28:23', NULL),
(857, 5, 28, 'মানব সম্পদ ব্যবস্থাপনা', 1, '2023-10-24 03:28:23', '2023-10-24 03:28:23', NULL),
(858, 5, 28, 'ইন্ডাস্ট্রিয়াল আর্টস ', 1, '2023-10-24 03:28:23', '2023-10-24 03:28:23', NULL),
(859, 5, 28, 'শিল্প প্রকৌশল', 1, '2023-10-24 03:28:23', '2023-10-24 03:28:23', NULL),
(860, 5, 28, 'তথ্য ও যোগাযোগ প্রকৌশল', 1, '2023-10-24 03:28:23', '2023-10-24 03:28:23', NULL),
(861, 5, 28, 'তথ্য ও যোগাযোগ প্রযুক্তি', 1, '2023-10-24 03:28:23', '2023-10-24 03:28:23', NULL),
(862, 5, 28, 'তথ্য বিজ্ঞান এবং গ্রন্থাগার পরিচালনা', 1, '2023-10-24 03:28:23', '2023-10-24 03:28:23', NULL),
(863, 5, 28, 'তথ্য প্রযুক্তি', 1, '2023-10-24 03:28:23', '2023-10-24 03:28:23', NULL),
(864, 5, 28, 'আন্তর্জাতিক ব্যবসা', 1, '2023-10-24 03:28:23', '2023-10-24 03:28:23', NULL),
(865, 5, 28, 'আন্তর্জাতিক আইন', 1, '2023-10-24 03:28:23', '2023-10-24 03:28:23', NULL),
(866, 5, 28, 'আন্তর্জাতিক সম্পর্ক', 1, '2023-10-24 03:28:23', '2023-10-24 03:28:23', NULL),
(867, 5, 28, 'ইসলামী ইতিহাস ও সংস্কৃতি', 1, '2023-10-24 03:28:23', '2023-10-24 03:28:23', NULL),
(868, 5, 28, 'ইসলামিক স্টাডিজ', 1, '2023-10-24 03:28:23', '2023-10-24 03:28:23', NULL),
(869, 5, 28, 'ভাষা/ভাষাগত', 1, '2023-10-24 03:28:23', '2023-10-24 03:28:23', NULL),
(870, 5, 28, 'আইন/আইনশাস্ত্র', 1, '2023-10-24 03:28:23', '2023-10-24 03:28:23', NULL);
INSERT INTO `jb18_examlevel_subjects` (`id`, `examlevel_id`, `examlevel_group_id`, `name`, `status`, `created_at`, `updated_at`, `deleted_at`) VALUES
(871, 5, 28, 'লেদার ইঞ্জিনিয়ারিং ', 1, '2023-10-24 03:28:23', '2023-10-24 03:28:23', NULL),
(872, 5, 28, 'লাইভস্টক ', 1, '2023-10-24 03:28:23', '2023-10-24 03:28:23', NULL),
(873, 5, 28, 'ম্যানেজমেন্ট ', 1, '2023-10-24 03:28:23', '2023-10-24 03:28:23', NULL),
(874, 5, 28, 'ম্যানেজমেন্ট ইনফরমেশন সিস্টেম ', 1, '2023-10-24 03:28:23', '2023-10-24 03:28:23', NULL),
(875, 5, 28, 'মেরিন  প্রকৌশল', 1, '2023-10-24 03:28:23', '2023-10-24 03:28:23', NULL),
(876, 5, 28, 'মেরিন  বিজ্ঞান', 1, '2023-10-24 03:28:23', '2023-10-24 03:28:23', NULL),
(877, 5, 28, 'মার্কেটিং ', 1, '2023-10-24 03:28:23', '2023-10-24 03:28:23', NULL),
(878, 5, 28, 'মাস কম এন্ড সাংবাদিকতা', 1, '2023-10-24 03:28:23', '2023-10-24 03:28:23', NULL),
(879, 5, 28, 'ম্যাটেরিয়ালস সাইন্স এন্ড প্রকৌশল', 1, '2023-10-24 03:28:23', '2023-10-24 03:28:23', NULL),
(880, 5, 28, 'অংক', 1, '2023-10-24 03:28:23', '2023-10-24 03:28:23', NULL),
(881, 5, 28, 'যন্ত্র প্রকৌশল', 1, '2023-10-24 03:28:23', '2023-10-24 03:28:23', NULL),
(882, 5, 28, 'চিকিত্সা পদার্থবিজ্ঞান এবং বায়োমেডিকাল ইঞ্জিনিয়ারিং', 1, '2023-10-24 03:28:23', '2023-10-24 03:28:23', NULL),
(883, 5, 28, 'চিকিৎসা প্রযুক্তি', 1, '2023-10-24 03:28:23', '2023-10-24 03:28:23', NULL),
(884, 5, 28, 'মেটাল্লুরজিক্যাল ইঞ্জিনিয়ারিং', 1, '2023-10-24 03:28:23', '2023-10-24 03:28:23', NULL),
(885, 5, 28, 'মেটেওরোলোজি ', 1, '2023-10-24 03:28:23', '2023-10-24 03:28:23', NULL),
(886, 5, 28, 'মাইক্রোবায়োলজি', 1, '2023-10-24 03:28:23', '2023-10-24 03:28:23', NULL),
(887, 5, 28, 'মাইক্রোবায়োলজি এন্ড হাইজেনিক', 1, '2023-10-24 03:28:23', '2023-10-24 03:28:23', NULL),
(888, 5, 28, 'মাইক্রোওয়েভ ইঞ্জিনিয়ারিং', 1, '2023-10-24 03:28:23', '2023-10-24 03:28:23', NULL),
(889, 5, 28, 'খনিজ প্রকৌশল', 1, '2023-10-24 03:28:23', '2023-10-24 03:28:23', NULL),
(890, 5, 28, 'মাইনিং ইঞ্জিনিয়ারিং ', 1, '2023-10-24 03:28:23', '2023-10-24 03:28:23', NULL),
(891, 5, 28, 'আধুনিক আরবি', 1, '2023-10-24 03:28:23', '2023-10-24 03:28:23', NULL),
(892, 5, 28, 'নেভাল আর্কিটেকচার এন্ড মেরিন ইঞ্জিনিয়ারিং ', 1, '2023-10-24 03:28:23', '2023-10-24 03:28:23', NULL),
(893, 5, 28, 'অর্গানাইজেশন স্ট্রাটেজি এন্ড লিডারশিপ ', 1, '2023-10-24 03:28:23', '2023-10-24 03:28:23', NULL),
(894, 5, 28, 'প্যারাট্রোলজি', 1, '2023-10-24 03:28:23', '2023-10-24 03:28:23', NULL),
(895, 5, 28, 'শান্তি এন্ড সংঘাত', 1, '2023-10-24 03:28:23', '2023-10-24 03:28:23', NULL),
(896, 5, 28, 'পার্সিয়ান', 1, '2023-10-24 03:28:23', '2023-10-24 03:28:23', NULL),
(897, 5, 28, 'ফার্মাসিউটিক্যাল কেমিস্ট্রি', 1, '2023-10-24 03:28:23', '2023-10-24 03:28:23', NULL),
(898, 5, 28, 'ফার্মাসি', 1, '2023-10-24 03:28:23', '2023-10-24 03:28:23', NULL),
(899, 5, 28, 'দর্শন', 1, '2023-10-24 03:28:23', '2023-10-24 03:28:23', NULL),
(900, 5, 28, 'শারীরিক পরিকল্পনা', 1, '2023-10-24 03:28:23', '2023-10-24 03:28:23', NULL),
(901, 5, 28, 'পদার্থবিজ্ঞান', 1, '2023-10-24 03:28:23', '2023-10-24 03:28:23', NULL),
(902, 5, 28, 'উদ্ভিদ প্যাথলজি', 1, '2023-10-24 03:28:23', '2023-10-24 03:28:23', NULL),
(903, 5, 28, 'রাষ্ট্রবিজ্ঞান', 1, '2023-10-24 03:28:23', '2023-10-24 03:28:23', NULL),
(904, 5, 28, 'জনসংখ্যা বিজ্ঞান', 1, '2023-10-24 03:28:23', '2023-10-24 03:28:23', NULL),
(905, 5, 28, 'জনসংখ্যা বিজ্ঞান এবং মানবসম্পদ উন্নয়ন (আরইউ)', 1, '2023-10-24 03:28:23', '2023-10-24 03:28:23', NULL),
(906, 5, 28, 'পোল্ট্রি বিজ্ঞান', 1, '2023-10-24 03:28:23', '2023-10-24 03:28:23', NULL),
(907, 5, 28, 'মুদ্রণ ও প্রকাশনা অধ্যয়ন', 1, '2023-10-24 03:28:23', '2023-10-24 03:28:23', NULL),
(908, 5, 28, 'প্রোডাকশন ইকোনমিক্স ', 1, '2023-10-24 03:28:23', '2023-10-24 03:28:23', NULL),
(909, 5, 28, 'মনোবিজ্ঞান', 1, '2023-10-24 03:28:23', '2023-10-24 03:28:23', NULL),
(910, 5, 28, 'পাবলিক প্রশাসন', 1, '2023-10-24 03:28:23', '2023-10-24 03:28:23', NULL),
(911, 5, 28, 'পাবলিক অর্থ', 1, '2023-10-24 03:28:23', '2023-10-24 03:28:23', NULL),
(912, 5, 28, 'আঞ্চলিক পরিকল্পনা', 1, '2023-10-24 03:28:23', '2023-10-24 03:28:23', NULL),
(913, 5, 28, 'গ্রামীণ সমাজবিজ্ঞান', 1, '2023-10-24 03:28:23', '2023-10-24 03:28:23', NULL),
(914, 5, 28, 'সংস্কৃত', 1, '2023-10-24 03:28:23', '2023-10-24 03:28:23', NULL),
(915, 5, 28, 'সামাজিক কল্যাণ/সামাজিক কাজ', 1, '2023-10-24 03:28:23', '2023-10-24 03:28:23', NULL),
(916, 5, 28, 'সামাজিক কাজ', 1, '2023-10-24 03:28:23', '2023-10-24 03:28:23', NULL),
(917, 5, 28, 'সমাজবিজ্ঞান', 1, '2023-10-24 03:28:23', '2023-10-24 03:28:23', NULL),
(918, 5, 28, 'সফ্টওয়্যার প্রকৌশল', 1, '2023-10-24 03:28:23', '2023-10-24 03:28:23', NULL),
(919, 5, 28, 'মাটির জল এবং পরিবেশ বিজ্ঞান', 1, '2023-10-24 03:28:23', '2023-10-24 03:28:23', NULL),
(920, 5, 28, 'পরিসংখ্যান', 1, '2023-10-24 03:28:23', '2023-10-24 03:28:23', NULL),
(921, 5, 28, 'স্ট্রাকচারাল ইঞ্জিনিয়ারিং ', 1, '2023-10-24 03:28:23', '2023-10-24 03:28:23', NULL),
(922, 5, 28, 'সার্জারি এন্ড অবস্টেড ', 1, '2023-10-24 03:28:23', '2023-10-24 03:28:23', NULL),
(923, 5, 28, 'তাফসির', 1, '2023-10-24 03:28:23', '2023-10-24 03:28:23', NULL),
(924, 5, 28, 'টেলিযোগাযোগ ইঞ্জিনিয়ারিং', 1, '2023-10-24 03:28:23', '2023-10-24 03:28:23', NULL),
(925, 5, 28, 'টেলিভিশন, ফিল্ম এবং ফটোগ্রাফি', 1, '2023-10-24 03:28:23', '2023-10-24 03:28:23', NULL),
(926, 5, 28, 'টেক্সটাইল ইঞ্জিনিয়ারিং', 1, '2023-10-24 03:28:23', '2023-10-24 03:28:23', NULL),
(927, 5, 28, 'টুরিজম এন্ড হসপিটালিটি ম্যানেজমেন্ট ', 1, '2023-10-24 03:28:23', '2023-10-24 03:28:23', NULL),
(928, 5, 28, 'টাউন প্ল্যানিং ', 1, '2023-10-24 03:28:23', '2023-10-24 03:28:23', NULL),
(929, 5, 28, 'নগর এন্ড আঞ্চলিক পরিকল্পনা', 1, '2023-10-24 03:28:23', '2023-10-24 03:28:23', NULL),
(930, 5, 28, 'নগর উন্নয়ন', 1, '2023-10-24 03:28:23', '2023-10-24 03:28:23', NULL),
(931, 5, 28, 'উর্দু', 1, '2023-10-24 03:28:23', '2023-10-24 03:28:23', NULL),
(932, 5, 28, 'ভেটেরিনারি বিজ্ঞান', 1, '2023-10-24 03:28:23', '2023-10-24 03:28:23', NULL),
(933, 5, 28, 'ওয়াটার এন্ড এনভায়রনমেন্টাল সাইন্স ', 1, '2023-10-24 03:28:23', '2023-10-24 03:28:23', NULL),
(934, 5, 28, 'ওয়াটার রিসোর্স ইঞ্জিনিয়ারিং ', 1, '2023-10-24 03:28:23', '2023-10-24 03:28:23', NULL),
(935, 5, 28, 'ওমেন এন্ড জেন্ডার স্টাডিস ', 1, '2023-10-24 03:28:23', '2023-10-24 03:28:23', NULL),
(936, 5, 28, 'ওমেন স্টাডিস ', 1, '2023-10-24 03:28:23', '2023-10-24 03:28:23', NULL),
(937, 5, 28, 'বিশ্ব ধর্ম', 1, '2023-10-24 03:28:23', '2023-10-24 03:28:23', NULL),
(938, 5, 28, 'প্রাণিবিদ্যা', 1, '2023-10-24 03:28:23', '2023-10-24 03:28:23', NULL),
(939, 5, 28, 'অন্যান্য', 1, '2023-10-24 03:28:23', '2023-10-24 03:28:23', NULL);

-- --------------------------------------------------------

--
-- Table structure for table `jb18_failed_jobs`
--

CREATE TABLE `jb18_failed_jobs` (
  `id` bigint(20) UNSIGNED NOT NULL,
  `uuid` varchar(255) NOT NULL,
  `connection` text NOT NULL,
  `queue` text NOT NULL,
  `payload` longtext NOT NULL,
  `exception` longtext NOT NULL,
  `failed_at` timestamp NOT NULL DEFAULT current_timestamp()
) ENGINE=InnoDB DEFAULT CHARSET=utf8mb4 COLLATE=utf8mb4_unicode_ci;

-- --------------------------------------------------------

--
-- Table structure for table `jb18_jobs`
--

CREATE TABLE `jb18_jobs` (
  `id` int(11) NOT NULL,
  `uuid` varchar(100) DEFAULT NULL,
  `title` varchar(250) NOT NULL,
  `description` text NOT NULL,
  `vacancies` int(11) NOT NULL,
  `job_id` varchar(100) NOT NULL,
  `circular_no` varchar(200) DEFAULT NULL,
  `age_calculation` date NOT NULL,
  `apply_fee` int(11) NOT NULL,
  `application_deadline` timestamp NULL DEFAULT NULL,
  `job_experience` int(11) DEFAULT NULL,
  `job_location` varchar(250) DEFAULT NULL,
  `freedom_age` float DEFAULT NULL,
  `handicapped_age` float DEFAULT NULL,
  `divisioncaplicant_age` float DEFAULT NULL,
  `max_age` float DEFAULT NULL,
  `min_age` float DEFAULT NULL,
  `freedom_fighter` float DEFAULT 0,
  `petition_age` float DEFAULT NULL,
  `salary_range` varchar(250) DEFAULT NULL,
  `min_education` varchar(150) DEFAULT NULL,
  `min_education_con` varchar(20) DEFAULT NULL,
  `min_education_with` varchar(20) DEFAULT NULL,
  `jsc` tinyint(1) NOT NULL DEFAULT 0,
  `ssc` tinyint(1) NOT NULL DEFAULT 0,
  `hsc` tinyint(1) NOT NULL DEFAULT 0,
  `graduation` tinyint(1) NOT NULL DEFAULT 0,
  `masters` tinyint(1) NOT NULL DEFAULT 0,
  `status` tinyint(4) NOT NULL DEFAULT 0,
  `jobcurbday` date DEFAULT NULL,
  `certificate` varchar(10) NOT NULL DEFAULT 'NO',
  `certificate_text` varchar(150) DEFAULT NULL,
  `certificate_isrequired` tinyint(1) NOT NULL DEFAULT 0,
  `related_experience_text` varchar(150) DEFAULT NULL,
  `related_experience` varchar(150) DEFAULT NULL,
  `repetition` varchar(150) DEFAULT NULL,
  `minimum_job_experience` int(11) DEFAULT NULL,
  `quota` varchar(150) DEFAULT NULL,
  `graduation_result` varchar(500) DEFAULT NULL,
  `masters_result` varchar(500) DEFAULT NULL,
  `created_at` timestamp NULL DEFAULT current_timestamp(),
  `updated_at` timestamp NULL DEFAULT NULL ON UPDATE current_timestamp(),
  `deleted_at` timestamp NULL DEFAULT NULL
) ENGINE=InnoDB DEFAULT CHARSET=utf8 COLLATE=utf8_general_ci;

--
-- Dumping data for table `jb18_jobs`
--

INSERT INTO `jb18_jobs` (`id`, `uuid`, `title`, `description`, `vacancies`, `job_id`, `circular_no`, `age_calculation`, `apply_fee`, `application_deadline`, `job_experience`, `job_location`, `freedom_age`, `handicapped_age`, `divisioncaplicant_age`, `max_age`, `min_age`, `freedom_fighter`, `petition_age`, `salary_range`, `min_education`, `min_education_con`, `min_education_with`, `jsc`, `ssc`, `hsc`, `graduation`, `masters`, `status`, `jobcurbday`, `certificate`, `certificate_text`, `certificate_isrequired`, `related_experience_text`, `related_experience`, `repetition`, `minimum_job_experience`, `quota`, `graduation_result`, `masters_result`, `created_at`, `updated_at`, `deleted_at`) VALUES
(1, '985540ba-2a64-4069-8a17-553d0bb8379c', 'tewetrt', '<p>rtrt</p>', 100, 'wertrt', NULL, '2023-01-21', 200, '2023-02-27 18:00:00', 10, NULL, NULL, 34, 23, 30, 22, 23, 23, NULL, '', NULL, NULL, 0, 0, 0, 0, 0, 0, NULL, 'NO', NULL, 0, NULL, NULL, NULL, 0, NULL, NULL, NULL, '2023-01-21 00:46:27', '2023-03-11 09:41:51', NULL),
(2, '98467443-cdec-4229-b6a0-5fd39e52e9fb', 'gfhfh', '<p>ghffghg</p>', 100, 'wertrt', NULL, '2023-01-26', 200, '2023-02-27 18:00:00', 10, NULL, NULL, 34, 23, 30, 22, 23, 23, NULL, '', NULL, NULL, 0, 0, 0, 0, 0, 1, NULL, 'NO', NULL, 0, NULL, NULL, NULL, 0, NULL, NULL, NULL, '2023-01-21 00:47:37', '2023-02-03 13:18:24', NULL),
(3, '985533d2-726f-43e9-a455-faf4850a7a39', 'egg', '<p>gfhgfh</p>', 12, 'wertrtggh', NULL, '2023-01-29', 200, '2023-02-28 13:18:25', 10, NULL, NULL, 34, 23, 30, 22, 23, 23, NULL, NULL, NULL, NULL, 0, 0, 0, 0, 0, 1, NULL, 'NO', NULL, 0, NULL, NULL, NULL, 0, NULL, NULL, NULL, '2023-01-28 08:44:50', '2023-02-03 13:18:30', NULL),
(4, '985534af-602c-48a6-88e1-32319e95a36a', 'egg', '<p>gfhgfh</p>', 12, 'wertrtggh', NULL, '2023-01-22', 200, '2023-03-30 18:00:00', 10, NULL, NULL, 34, 23, 30, 22, 23, 23, NULL, NULL, NULL, NULL, 1, 1, 1, 0, 0, 1, NULL, 'NO', NULL, 0, NULL, NULL, NULL, 0, NULL, NULL, NULL, '2023-01-28 08:47:15', '2023-02-04 14:39:56', NULL),
(8, '985540ba-2a64-4069-8a17-553d0bb8370e', 'hnh', '<p>nhn</p>', 100, 'wertrtggh', NULL, '2023-01-22', 200, '2023-02-27 18:00:00', NULL, NULL, NULL, NULL, NULL, NULL, NULL, NULL, NULL, NULL, NULL, NULL, NULL, 1, 0, 0, 0, 0, 1, NULL, 'NO', NULL, 0, NULL, NULL, NULL, 0, NULL, NULL, NULL, '2023-01-28 09:20:55', '2023-02-04 14:39:52', NULL),
(9, '985541d0-7270-4a25-8249-3b33e88620e3', 'gbfghf', '<p>ghfhjhj</p>', 100, 'wertrtggh', NULL, '2023-01-01', 200, '2023-04-30 16:05:40', NULL, NULL, NULL, NULL, NULL, NULL, NULL, NULL, NULL, NULL, NULL, NULL, NULL, 1, 1, 1, 1, 1, 1, NULL, 'NO', NULL, 0, NULL, NULL, NULL, 0, NULL, NULL, NULL, '2023-01-28 09:23:58', '2023-04-01 06:28:01', NULL),
(10, '98d19f36-e4c5-482a-803e-2f2cc8adaf93', 'test 12', '<p>fsddgdgh</p>', 100, '34343', NULL, '2023-03-30', 300, '2023-05-30 18:00:00', 10, NULL, NULL, 44, 44, 40, 22, 44, 44, NULL, 'HSC', 'OR', 'Graduation', 1, 1, 1, 1, 0, 1, NULL, 'NO', NULL, 0, NULL, NULL, NULL, 0, NULL, NULL, NULL, '2023-03-31 05:07:47', '2023-04-01 06:28:12', NULL),
(11, '98d1afed-d144-4593-b204-c9d9b2b7f670', 'test 12', '<p>fsddgdgh</p>', 100, '34343', NULL, '2023-03-30', 300, '2023-07-30 18:00:00', 10, NULL, NULL, 44, 44, 40, 22, 44, 44, NULL, 'HSC', 'OR', 'Graduation', 1, 1, 1, 1, 0, 1, NULL, 'NO', NULL, 0, NULL, NULL, NULL, 0, NULL, NULL, NULL, '2023-03-31 05:54:31', '2023-06-09 00:25:56', NULL),
(12, '98da0619-30da-4a7e-8cc6-3cae1f8c5c8b', 'test-----1', '<p>dvdggfh</p>', 20, 'JOB_1223', '1234321', '2023-04-03', 200, '2023-08-30 18:00:00', NULL, NULL, NULL, 32, 32, 30, 20, 32, 32, NULL, 'HSC', 'OR', 'Graduation', 0, 1, 1, 1, 1, 1, '2023-04-06', 'YES', NULL, 1, NULL, NULL, NULL, 0, NULL, NULL, NULL, '2023-04-04 09:22:06', '2023-10-18 16:45:44', NULL),
(13, '99891cc0-0f29-4076-bd1e-8ee2ff13d692', 'সহকারী নৌ-প্রকৌশলী, সহকারী যান্ত্রিক প্রকৌশলী, জেনারেল ফোরম্যান এবং ইঞ্জিনিয়ারিং সুপারভাইজার (ডিজেল)', '<h1>সহকারী নৌ-প্রকৌশলী, সহকারী যান্ত্রিক প্রকৌশলী, জেনারেল ফোরম্যান এবং ইঞ্জিনিয়ারিং সুপারভাইজার (ডিজেল)</h1>', 5, '2123233', '০৪/২০২৩', '2023-06-01', 320, '2023-10-30 18:00:00', NULL, NULL, NULL, 33.3, 32.5, 30.5, 18.5, 33.6, 32.5, NULL, 'এইচ এস সি', 'OR', 'স্নাতক ডিগ্রী', 0, 1, 1, 1, 1, 1, '2023-07-01', 'YES', 'Certificate Text Heading rrrrrr', 1, 'সংশ্লিষ্ট ক্ষেত্রে অভিজ্ঞতা', '[\"\\u0986\\u099b\\u09c7\",\"\\u09a8\\u09be\\u0987\",\"\\u09aa\\u09cd\\u09b0\\u09af\\u09cb\\u099c\\u09cd\\u09af \\u09a8\\u09af\\u09bc\"]', 'রীট পিটিশন নং ৬৯৫৩/২০১৯ এর বাদী  কিনা', 6, NULL, '[\"\\u09aa\\u09cd\\u09b0\\u09a5\\u09ae \\u09ac\\u09bf\\u09ad\\u09be\\u0997\",\"\\u09a6\\u09cd\\u09ac\\u09bf\\u09a4\\u09c0\\u09af\\u09bc \\u09ac\\u09bf\\u09ad\\u09be\\u0997\",\"\\u099c\\u09bf\\u09aa\\u09bf\\u098f\\/\\u09b8\\u09bf\\u099c\\u09bf\\u09aa\\u09bf\\u098f(\\u0986\\u0989\\u099f \\u0985\\u09ab \\u09ea)\",\"\\u099c\\u09bf\\u09aa\\u09bf\\u098f\\/\\u09b8\\u09bf\\u099c\\u09bf\\u09aa\\u09bf\\u098f(\\u0986\\u0989\\u099f \\u0985\\u09ab \\u09eb)\"]', '[\"\\u09aa\\u09cd\\u09b0\\u09a5\\u09ae \\u09ac\\u09bf\\u09ad\\u09be\\u0997\",\"\\u09a6\\u09cd\\u09ac\\u09bf\\u09a4\\u09c0\\u09af\\u09bc \\u09ac\\u09bf\\u09ad\\u09be\\u0997\",\"\\u099c\\u09bf\\u09aa\\u09bf\\u098f\\/\\u09b8\\u09bf\\u099c\\u09bf\\u09aa\\u09bf\\u098f(\\u0986\\u0989\\u099f \\u0985\\u09ab \\u09ea)\",\"\\u099c\\u09bf\\u09aa\\u09bf\\u098f\\/\\u09b8\\u09bf\\u099c\\u09bf\\u09aa\\u09bf\\u098f(\\u0986\\u0989\\u099f \\u0985\\u09ab \\u09eb)\"]', '2023-06-30 10:15:19', '2023-10-23 23:39:22', NULL),
(14, '99c29552-c43e-4d82-a33d-88e27ea988fd', 'dfdf', '<p>gfgfg</p>', 12, 'JOB_1223', '2123233w', '2023-07-01', 200, '2025-02-11 18:00:00', NULL, NULL, NULL, 32, 35, 30, 18, 32, 32, NULL, 'SSC', 'OR', 'Masters', 0, 1, 1, 1, 1, 1, '2023-07-28', 'YES', 'Certificate Text Heading rrrrrr', 1, 'Experience in related field Text', '[\"\\u0986\\u099b\\u09c7\",\"\\u09a8\\u09be\\u0987\",\"\\u09aa\\u09cd\\u09b0\\u09af\\u09cb\\u099c\\u09cd\\u09af \\u09a8\\u09af\\u09bc\"]', 'dgfgfg', 2, NULL, '[\"\\u09aa\\u09cd\\u09b0\\u09a5\\u09ae \\u09ac\\u09bf\\u09ad\\u09be\\u0997\",\"\\u09a6\\u09cd\\u09ac\\u09bf\\u09a4\\u09c0\\u09af\\u09bc \\u09ac\\u09bf\\u09ad\\u09be\\u0997\",\"\\u09a4\\u09c3\\u09a4\\u09c0\\u09af\\u09bc \\u09ac\\u09bf\\u09ad\\u09be\\u0997\"]', '[\"\\u09aa\\u09cd\\u09b0\\u09a5\\u09ae \\u09ac\\u09bf\\u09ad\\u09be\\u0997\",\"\\u09a6\\u09cd\\u09ac\\u09bf\\u09a4\\u09c0\\u09af\\u09bc \\u09ac\\u09bf\\u09ad\\u09be\\u0997\",\"\\u09a4\\u09c3\\u09a4\\u09c0\\u09af\\u09bc \\u09ac\\u09bf\\u09ad\\u09be\\u0997\",\"\\u099c\\u09bf\\u09aa\\u09bf\\u098f\\/\\u09b8\\u09bf\\u099c\\u09bf\\u09aa\\u09bf\\u098f(\\u0986\\u0989\\u099f \\u0985\\u09ab \\u09ea)\",\"\\u099c\\u09bf\\u09aa\\u09bf\\u098f\\/\\u09b8\\u09bf\\u099c\\u09bf\\u09aa\\u09bf\\u098f(\\u0986\\u0989\\u099f \\u0985\\u09ab \\u09eb)\"]', '2023-07-28 23:54:39', '2023-10-20 12:32:17', NULL);

-- --------------------------------------------------------

--
-- Table structure for table `jb18_job_applies`
--

CREATE TABLE `jb18_job_applies` (
  `id` int(11) NOT NULL,
  `job_id` int(11) NOT NULL,
  `applicants_id` int(11) NOT NULL,
  `token` varchar(20) NOT NULL,
  `bd_tk` int(11) NOT NULL,
  `received` int(11) NOT NULL,
  `txnid` varchar(100) DEFAULT NULL,
  `txndate` varchar(100) DEFAULT NULL,
  `roll` int(11) DEFAULT NULL,
  `exam_hall` varchar(255) DEFAULT NULL,
  `exam_date` varchar(255) DEFAULT NULL,
  `exam_time` varchar(255) DEFAULT NULL,
  `apply_date` varchar(200) NOT NULL,
  `created_at` timestamp NULL DEFAULT current_timestamp(),
  `updated_at` timestamp NULL DEFAULT NULL ON UPDATE current_timestamp(),
  `deleted_at` timestamp NULL DEFAULT NULL
) ENGINE=InnoDB DEFAULT CHARSET=utf8 COLLATE=utf8_general_ci;

--
-- Dumping data for table `jb18_job_applies`
--

INSERT INTO `jb18_job_applies` (`id`, `job_id`, `applicants_id`, `token`, `bd_tk`, `received`, `txnid`, `txndate`, `roll`, `exam_hall`, `exam_date`, `exam_time`, `apply_date`, `created_at`, `updated_at`, `deleted_at`) VALUES
(1, 14, 1, '1697826970604', 200, 2, NULL, NULL, 1000, 'Dhaka University', '01/06/2023', '10.30 AM', '2023-10-20 18:36:10', '2023-10-20 12:36:10', '2023-10-20 23:48:19', NULL),
(2, 14, 2, '1697906666310', 200, 2, NULL, NULL, NULL, NULL, NULL, NULL, '2023-10-21 16:44:26', '2023-10-21 10:44:26', '2023-10-21 10:44:26', NULL),
(3, 14, 3, '1698035464647', 200, 2, NULL, NULL, NULL, NULL, NULL, NULL, '2023-10-23 04:31:04', '2023-10-22 22:31:04', '2023-10-22 22:31:04', NULL),
(4, 13, 4, '1698121609378', 320, 2, NULL, NULL, NULL, NULL, NULL, NULL, '2023-10-24 04:26:49', '2023-10-23 22:26:49', '2023-10-23 22:26:49', NULL);

-- --------------------------------------------------------

--
-- Table structure for table `jb18_job_certificates`
--

CREATE TABLE `jb18_job_certificates` (
  `id` int(11) NOT NULL,
  `job_id` int(11) NOT NULL,
  `certificate_id` int(11) NOT NULL,
  `created_at` timestamp NULL DEFAULT current_timestamp(),
  `updated_at` timestamp NULL DEFAULT NULL ON UPDATE current_timestamp(),
  `deleted_at` timestamp NULL DEFAULT NULL
) ENGINE=InnoDB DEFAULT CHARSET=utf8 COLLATE=utf8_general_ci;

--
-- Dumping data for table `jb18_job_certificates`
--

INSERT INTO `jb18_job_certificates` (`id`, `job_id`, `certificate_id`, `created_at`, `updated_at`, `deleted_at`) VALUES
(1, 12, 2, '2023-04-04 09:22:06', '2023-04-04 09:22:06', NULL),
(2, 12, 1, '2023-04-04 09:22:06', '2023-04-04 09:22:06', NULL),
(3, 13, 2, '2023-06-30 10:15:19', '2023-06-30 10:15:19', NULL),
(4, 13, 1, '2023-06-30 10:15:19', '2023-06-30 10:15:19', NULL),
(5, 14, 2, '2023-10-20 12:32:17', '2023-10-20 12:32:17', NULL),
(6, 14, 1, '2023-10-20 12:32:17', '2023-10-20 12:32:17', NULL);

-- --------------------------------------------------------

--
-- Table structure for table `jb18_job_exams`
--

CREATE TABLE `jb18_job_exams` (
  `id` int(11) NOT NULL,
  `job_id` int(11) NOT NULL,
  `examlevel_group_id` int(11) NOT NULL,
  `type` varchar(20) NOT NULL,
  `created_at` timestamp NOT NULL DEFAULT current_timestamp(),
  `updated_at` timestamp NULL DEFAULT NULL ON UPDATE current_timestamp()
) ENGINE=InnoDB DEFAULT CHARSET=utf8 COLLATE=utf8_general_ci;

--
-- Dumping data for table `jb18_job_exams`
--

INSERT INTO `jb18_job_exams` (`id`, `job_id`, `examlevel_group_id`, `type`, `created_at`, `updated_at`) VALUES
(1, 8, 1, 'jsc', '2023-01-28 09:20:55', '2023-01-28 09:20:55'),
(2, 8, 2, 'jsc', '2023-01-28 09:20:55', '2023-01-28 09:20:55'),
(3, 8, 3, 'jsc', '2023-01-28 09:20:55', '2023-01-28 09:20:55'),
(4, 8, 4, 'jsc', '2023-01-28 09:20:55', '2023-01-28 09:20:55'),
(5, 8, 5, 'jsc', '2023-01-28 09:20:55', '2023-01-28 09:20:55'),
(6, 9, 1, 'jsc', '2023-01-28 09:23:58', '2023-01-28 09:23:58'),
(7, 9, 4, 'jsc', '2023-01-28 09:23:58', '2023-01-28 09:23:58'),
(8, 9, 5, 'jsc', '2023-01-28 09:23:58', '2023-01-28 09:23:58'),
(9, 9, 6, 'ssc', '2023-01-28 09:23:58', '2023-01-28 09:23:58'),
(10, 9, 7, 'ssc', '2023-01-28 09:23:58', '2023-01-28 09:23:58'),
(11, 9, 8, 'ssc', '2023-01-28 09:23:58', '2023-01-28 09:23:58'),
(12, 9, 9, 'ssc', '2023-01-28 09:23:58', '2023-01-28 09:23:58'),
(13, 9, 10, 'ssc', '2023-01-28 09:23:58', '2023-01-28 09:23:58'),
(14, 9, 11, 'ssc', '2023-01-28 09:23:58', '2023-01-28 09:23:58');

-- --------------------------------------------------------

--
-- Table structure for table `jb18_job_exam_subjects`
--

CREATE TABLE `jb18_job_exam_subjects` (
  `id` int(11) NOT NULL,
  `job_id` int(11) NOT NULL,
  `examlevel_group_id` int(11) NOT NULL,
  `examlevel_subject_id` int(11) NOT NULL,
  `type` varchar(20) NOT NULL,
  `created_at` timestamp NULL DEFAULT current_timestamp(),
  `updated_at` timestamp NULL DEFAULT NULL ON UPDATE current_timestamp()
) ENGINE=InnoDB DEFAULT CHARSET=utf8 COLLATE=utf8_general_ci;

--
-- Dumping data for table `jb18_job_exam_subjects`
--

INSERT INTO `jb18_job_exam_subjects` (`id`, `job_id`, `examlevel_group_id`, `examlevel_subject_id`, `type`, `created_at`, `updated_at`) VALUES
(3, 9, 6, 1, 'ssc', '2023-03-28 08:42:37', '2023-03-28 08:42:37'),
(4, 9, 6, 2, 'ssc', '2023-03-28 08:42:37', '2023-03-28 08:42:37'),
(5, 9, 6, 3, 'ssc', '2023-03-28 08:42:37', '2023-03-28 08:42:37'),
(6, 9, 6, 4, 'ssc', '2023-03-28 08:42:37', '2023-03-28 08:42:37'),
(7, 9, 28, 17, 'masters', '2023-03-28 08:54:54', '2023-03-28 08:54:54'),
(8, 9, 28, 19, 'masters', '2023-03-28 08:54:54', '2023-03-28 08:54:54'),
(9, 9, 20, 14, 'graduation', '2023-03-28 08:55:14', '2023-03-28 08:55:14'),
(10, 9, 20, 15, 'graduation', '2023-03-28 08:55:14', '2023-03-28 08:55:14'),
(11, 9, 12, 9, 'hsc', '2023-03-28 08:55:33', '2023-03-28 08:55:33'),
(12, 9, 12, 10, 'hsc', '2023-03-28 08:55:33', '2023-03-28 08:55:33'),
(28, 12, 28, 17, 'masters', '2023-04-08 09:04:27', '2023-04-08 09:04:27'),
(29, 12, 28, 18, 'masters', '2023-04-08 09:04:27', '2023-04-08 09:04:27'),
(30, 12, 28, 19, 'masters', '2023-04-08 09:04:27', '2023-04-08 09:04:27'),
(31, 12, 28, 20, 'masters', '2023-04-08 09:04:27', '2023-04-08 09:04:27'),
(51, 12, 6, 1, 'ssc', '2023-04-08 09:41:57', '2023-04-08 09:41:57'),
(52, 12, 6, 3, 'ssc', '2023-04-08 09:41:57', '2023-04-08 09:41:57'),
(53, 12, 6, 4, 'ssc', '2023-04-08 09:41:57', '2023-04-08 09:41:57'),
(54, 12, 12, 9, 'hsc', '2023-04-08 09:42:07', '2023-04-08 09:42:07'),
(55, 12, 12, 10, 'hsc', '2023-04-08 09:42:07', '2023-04-08 09:42:07'),
(56, 12, 12, 11, 'hsc', '2023-04-08 09:42:07', '2023-04-08 09:42:07'),
(57, 12, 12, 12, 'hsc', '2023-04-08 09:42:07', '2023-04-08 09:42:07'),
(58, 12, 20, 13, 'graduation', '2023-04-08 09:42:13', '2023-04-08 09:42:13'),
(59, 12, 20, 14, 'graduation', '2023-04-08 09:42:13', '2023-04-08 09:42:13'),
(60, 12, 20, 15, 'graduation', '2023-04-08 09:42:13', '2023-04-08 09:42:13'),
(61, 12, 20, 16, 'graduation', '2023-04-08 09:42:13', '2023-04-08 09:42:13'),
(85, 13, 6, 1, 'ssc', '2023-07-28 08:32:17', '2023-07-28 08:32:17'),
(86, 13, 6, 2, 'ssc', '2023-07-28 08:32:17', '2023-07-28 08:32:17'),
(87, 13, 6, 3, 'ssc', '2023-07-28 08:32:17', '2023-07-28 08:32:17'),
(88, 13, 6, 4, 'ssc', '2023-07-28 08:32:17', '2023-07-28 08:32:17'),
(89, 13, 6, 22, 'ssc', '2023-07-28 08:32:17', '2023-07-28 08:32:17'),
(103, 14, 6, 1, 'ssc', '2023-09-30 04:39:13', '2023-09-30 04:39:13'),
(104, 14, 6, 2, 'ssc', '2023-09-30 04:39:13', '2023-09-30 04:39:13'),
(105, 14, 6, 3, 'ssc', '2023-09-30 04:39:13', '2023-09-30 04:39:13'),
(106, 14, 6, 4, 'ssc', '2023-09-30 04:39:13', '2023-09-30 04:39:13'),
(107, 14, 6, 22, 'ssc', '2023-09-30 04:39:13', '2023-09-30 04:39:13'),
(113, 14, 20, 13, 'graduation', '2023-09-30 05:52:25', '2023-09-30 05:52:25'),
(114, 14, 20, 14, 'graduation', '2023-09-30 05:52:25', '2023-09-30 05:52:25'),
(115, 14, 20, 15, 'graduation', '2023-09-30 05:52:25', '2023-09-30 05:52:25'),
(116, 14, 20, 24, 'graduation', '2023-09-30 05:52:25', '2023-09-30 05:52:25'),
(117, 14, 28, 17, 'masters', '2023-09-30 05:52:53', '2023-09-30 05:52:53'),
(118, 14, 28, 18, 'masters', '2023-09-30 05:52:53', '2023-09-30 05:52:53'),
(119, 14, 12, 9, 'hsc', '2023-10-20 12:31:00', '2023-10-20 12:31:00'),
(120, 14, 12, 10, 'hsc', '2023-10-20 12:31:00', '2023-10-20 12:31:00'),
(121, 14, 12, 11, 'hsc', '2023-10-20 12:31:00', '2023-10-20 12:31:00'),
(122, 14, 12, 12, 'hsc', '2023-10-20 12:31:00', '2023-10-20 12:31:00'),
(123, 14, 12, 23, 'hsc', '2023-10-20 12:31:00', '2023-10-20 12:31:00'),
(124, 13, 7, 1, 'ssc', '2023-10-24 00:25:58', '2023-10-24 00:25:58'),
(125, 13, 7, 2, 'ssc', '2023-10-24 00:25:58', '2023-10-24 00:25:58'),
(126, 13, 7, 3, 'ssc', '2023-10-24 00:25:58', '2023-10-24 00:25:58'),
(127, 13, 7, 4, 'ssc', '2023-10-24 00:25:58', '2023-10-24 00:25:58'),
(128, 13, 7, 5, 'ssc', '2023-10-24 00:25:58', '2023-10-24 00:25:58'),
(129, 13, 7, 6, 'ssc', '2023-10-24 00:25:58', '2023-10-24 00:25:58'),
(130, 13, 7, 7, 'ssc', '2023-10-24 00:25:58', '2023-10-24 00:25:58'),
(131, 13, 7, 8, 'ssc', '2023-10-24 00:25:58', '2023-10-24 00:25:58'),
(132, 13, 7, 9, 'ssc', '2023-10-24 00:25:58', '2023-10-24 00:25:58'),
(133, 13, 8, 1, 'ssc', '2023-10-24 00:26:08', '2023-10-24 00:26:08'),
(134, 13, 8, 2, 'ssc', '2023-10-24 00:26:08', '2023-10-24 00:26:08'),
(135, 13, 8, 3, 'ssc', '2023-10-24 00:26:08', '2023-10-24 00:26:08'),
(136, 13, 8, 4, 'ssc', '2023-10-24 00:26:08', '2023-10-24 00:26:08'),
(137, 13, 8, 5, 'ssc', '2023-10-24 00:26:08', '2023-10-24 00:26:08'),
(138, 13, 8, 6, 'ssc', '2023-10-24 00:26:08', '2023-10-24 00:26:08'),
(139, 13, 8, 7, 'ssc', '2023-10-24 00:26:08', '2023-10-24 00:26:08'),
(140, 13, 8, 8, 'ssc', '2023-10-24 00:26:08', '2023-10-24 00:26:08'),
(141, 13, 8, 9, 'ssc', '2023-10-24 00:26:08', '2023-10-24 00:26:08'),
(142, 13, 8, 10, 'ssc', '2023-10-24 00:26:08', '2023-10-24 00:26:08'),
(143, 13, 8, 11, 'ssc', '2023-10-24 00:26:08', '2023-10-24 00:26:08'),
(144, 13, 8, 12, 'ssc', '2023-10-24 00:26:08', '2023-10-24 00:26:08'),
(145, 13, 8, 13, 'ssc', '2023-10-24 00:26:08', '2023-10-24 00:26:08'),
(146, 13, 8, 14, 'ssc', '2023-10-24 00:26:08', '2023-10-24 00:26:08'),
(147, 13, 8, 15, 'ssc', '2023-10-24 00:26:08', '2023-10-24 00:26:08'),
(148, 13, 8, 16, 'ssc', '2023-10-24 00:26:08', '2023-10-24 00:26:08'),
(149, 13, 8, 17, 'ssc', '2023-10-24 00:26:08', '2023-10-24 00:26:08'),
(150, 13, 8, 18, 'ssc', '2023-10-24 00:26:08', '2023-10-24 00:26:08'),
(151, 13, 8, 19, 'ssc', '2023-10-24 00:26:08', '2023-10-24 00:26:08'),
(152, 13, 8, 20, 'ssc', '2023-10-24 00:26:08', '2023-10-24 00:26:08'),
(153, 13, 8, 21, 'ssc', '2023-10-24 00:26:08', '2023-10-24 00:26:08'),
(154, 13, 8, 22, 'ssc', '2023-10-24 00:26:08', '2023-10-24 00:26:08'),
(155, 13, 8, 23, 'ssc', '2023-10-24 00:26:08', '2023-10-24 00:26:08'),
(156, 13, 8, 24, 'ssc', '2023-10-24 00:26:08', '2023-10-24 00:26:08'),
(157, 13, 8, 25, 'ssc', '2023-10-24 00:26:08', '2023-10-24 00:26:08'),
(158, 13, 8, 26, 'ssc', '2023-10-24 00:26:08', '2023-10-24 00:26:08'),
(159, 13, 8, 27, 'ssc', '2023-10-24 00:26:08', '2023-10-24 00:26:08'),
(160, 13, 8, 28, 'ssc', '2023-10-24 00:26:08', '2023-10-24 00:26:08'),
(161, 13, 8, 29, 'ssc', '2023-10-24 00:26:08', '2023-10-24 00:26:08'),
(162, 13, 8, 30, 'ssc', '2023-10-24 00:26:08', '2023-10-24 00:26:08'),
(163, 13, 8, 31, 'ssc', '2023-10-24 00:26:08', '2023-10-24 00:26:08'),
(164, 13, 8, 32, 'ssc', '2023-10-24 00:26:08', '2023-10-24 00:26:08'),
(165, 13, 8, 33, 'ssc', '2023-10-24 00:26:08', '2023-10-24 00:26:08'),
(166, 13, 8, 34, 'ssc', '2023-10-24 00:26:08', '2023-10-24 00:26:08'),
(167, 13, 8, 35, 'ssc', '2023-10-24 00:26:08', '2023-10-24 00:26:08'),
(168, 13, 8, 36, 'ssc', '2023-10-24 00:26:08', '2023-10-24 00:26:08'),
(169, 13, 8, 37, 'ssc', '2023-10-24 00:26:08', '2023-10-24 00:26:08'),
(170, 13, 8, 38, 'ssc', '2023-10-24 00:26:08', '2023-10-24 00:26:08'),
(171, 13, 8, 39, 'ssc', '2023-10-24 00:26:08', '2023-10-24 00:26:08'),
(172, 13, 8, 40, 'ssc', '2023-10-24 00:26:08', '2023-10-24 00:26:08'),
(173, 13, 8, 41, 'ssc', '2023-10-24 00:26:08', '2023-10-24 00:26:08'),
(174, 13, 8, 42, 'ssc', '2023-10-24 00:26:08', '2023-10-24 00:26:08'),
(175, 13, 8, 43, 'ssc', '2023-10-24 00:26:08', '2023-10-24 00:26:08'),
(176, 13, 8, 44, 'ssc', '2023-10-24 00:26:08', '2023-10-24 00:26:08'),
(177, 13, 8, 45, 'ssc', '2023-10-24 00:26:08', '2023-10-24 00:26:08'),
(178, 13, 8, 46, 'ssc', '2023-10-24 00:26:08', '2023-10-24 00:26:08'),
(179, 13, 8, 47, 'ssc', '2023-10-24 00:26:08', '2023-10-24 00:26:08'),
(180, 13, 8, 48, 'ssc', '2023-10-24 00:26:08', '2023-10-24 00:26:08'),
(181, 13, 8, 49, 'ssc', '2023-10-24 00:26:08', '2023-10-24 00:26:08'),
(182, 13, 8, 50, 'ssc', '2023-10-24 00:26:08', '2023-10-24 00:26:08'),
(183, 13, 8, 51, 'ssc', '2023-10-24 00:26:08', '2023-10-24 00:26:08'),
(184, 13, 8, 52, 'ssc', '2023-10-24 00:26:08', '2023-10-24 00:26:08'),
(185, 13, 8, 53, 'ssc', '2023-10-24 00:26:08', '2023-10-24 00:26:08'),
(186, 13, 8, 54, 'ssc', '2023-10-24 00:26:08', '2023-10-24 00:26:08'),
(187, 13, 8, 55, 'ssc', '2023-10-24 00:26:08', '2023-10-24 00:26:08'),
(188, 13, 8, 56, 'ssc', '2023-10-24 00:26:08', '2023-10-24 00:26:08'),
(189, 13, 8, 57, 'ssc', '2023-10-24 00:26:08', '2023-10-24 00:26:08'),
(190, 13, 8, 58, 'ssc', '2023-10-24 00:26:08', '2023-10-24 00:26:08'),
(191, 13, 8, 59, 'ssc', '2023-10-24 00:26:08', '2023-10-24 00:26:08'),
(192, 13, 8, 60, 'ssc', '2023-10-24 00:26:08', '2023-10-24 00:26:08'),
(193, 13, 8, 61, 'ssc', '2023-10-24 00:26:08', '2023-10-24 00:26:08'),
(194, 13, 8, 62, 'ssc', '2023-10-24 00:26:08', '2023-10-24 00:26:08'),
(195, 13, 8, 63, 'ssc', '2023-10-24 00:26:08', '2023-10-24 00:26:08'),
(196, 13, 8, 64, 'ssc', '2023-10-24 00:26:08', '2023-10-24 00:26:08'),
(197, 13, 9, 1, 'ssc', '2023-10-24 00:29:27', '2023-10-24 00:29:27'),
(198, 13, 9, 2, 'ssc', '2023-10-24 00:29:27', '2023-10-24 00:29:27'),
(199, 13, 9, 3, 'ssc', '2023-10-24 00:29:27', '2023-10-24 00:29:27'),
(200, 13, 9, 4, 'ssc', '2023-10-24 00:29:27', '2023-10-24 00:29:27'),
(201, 13, 9, 5, 'ssc', '2023-10-24 00:29:27', '2023-10-24 00:29:27'),
(202, 13, 9, 6, 'ssc', '2023-10-24 00:29:27', '2023-10-24 00:29:27'),
(203, 13, 9, 7, 'ssc', '2023-10-24 00:29:27', '2023-10-24 00:29:27'),
(204, 13, 9, 8, 'ssc', '2023-10-24 00:29:27', '2023-10-24 00:29:27'),
(205, 13, 9, 9, 'ssc', '2023-10-24 00:29:27', '2023-10-24 00:29:27'),
(206, 13, 9, 10, 'ssc', '2023-10-24 00:29:27', '2023-10-24 00:29:27'),
(207, 13, 9, 11, 'ssc', '2023-10-24 00:29:27', '2023-10-24 00:29:27'),
(208, 13, 9, 12, 'ssc', '2023-10-24 00:29:27', '2023-10-24 00:29:27'),
(209, 13, 9, 13, 'ssc', '2023-10-24 00:29:27', '2023-10-24 00:29:27'),
(210, 13, 9, 14, 'ssc', '2023-10-24 00:29:27', '2023-10-24 00:29:27'),
(211, 13, 9, 15, 'ssc', '2023-10-24 00:29:27', '2023-10-24 00:29:27'),
(212, 13, 9, 16, 'ssc', '2023-10-24 00:29:27', '2023-10-24 00:29:27'),
(213, 13, 9, 17, 'ssc', '2023-10-24 00:29:27', '2023-10-24 00:29:27'),
(214, 13, 9, 18, 'ssc', '2023-10-24 00:29:27', '2023-10-24 00:29:27'),
(215, 13, 9, 19, 'ssc', '2023-10-24 00:29:27', '2023-10-24 00:29:27'),
(216, 13, 9, 20, 'ssc', '2023-10-24 00:29:27', '2023-10-24 00:29:27'),
(217, 13, 9, 21, 'ssc', '2023-10-24 00:29:27', '2023-10-24 00:29:27'),
(218, 13, 9, 22, 'ssc', '2023-10-24 00:29:27', '2023-10-24 00:29:27'),
(219, 13, 9, 23, 'ssc', '2023-10-24 00:29:27', '2023-10-24 00:29:27'),
(220, 13, 9, 24, 'ssc', '2023-10-24 00:29:27', '2023-10-24 00:29:27'),
(221, 13, 9, 25, 'ssc', '2023-10-24 00:29:27', '2023-10-24 00:29:27'),
(222, 13, 9, 26, 'ssc', '2023-10-24 00:29:27', '2023-10-24 00:29:27'),
(223, 13, 9, 27, 'ssc', '2023-10-24 00:29:27', '2023-10-24 00:29:27'),
(224, 13, 9, 28, 'ssc', '2023-10-24 00:29:27', '2023-10-24 00:29:27'),
(225, 13, 9, 29, 'ssc', '2023-10-24 00:29:27', '2023-10-24 00:29:27'),
(226, 13, 9, 30, 'ssc', '2023-10-24 00:29:27', '2023-10-24 00:29:27'),
(227, 13, 9, 31, 'ssc', '2023-10-24 00:29:27', '2023-10-24 00:29:27'),
(228, 13, 9, 32, 'ssc', '2023-10-24 00:29:27', '2023-10-24 00:29:27'),
(229, 13, 9, 33, 'ssc', '2023-10-24 00:29:27', '2023-10-24 00:29:27'),
(230, 13, 9, 34, 'ssc', '2023-10-24 00:29:27', '2023-10-24 00:29:27'),
(231, 13, 9, 35, 'ssc', '2023-10-24 00:29:27', '2023-10-24 00:29:27'),
(232, 13, 9, 36, 'ssc', '2023-10-24 00:29:27', '2023-10-24 00:29:27'),
(233, 13, 9, 37, 'ssc', '2023-10-24 00:29:27', '2023-10-24 00:29:27'),
(234, 13, 9, 38, 'ssc', '2023-10-24 00:29:27', '2023-10-24 00:29:27'),
(235, 13, 9, 39, 'ssc', '2023-10-24 00:29:27', '2023-10-24 00:29:27'),
(236, 13, 9, 40, 'ssc', '2023-10-24 00:29:27', '2023-10-24 00:29:27'),
(237, 13, 9, 41, 'ssc', '2023-10-24 00:29:27', '2023-10-24 00:29:27'),
(238, 13, 9, 42, 'ssc', '2023-10-24 00:29:27', '2023-10-24 00:29:27'),
(239, 13, 9, 43, 'ssc', '2023-10-24 00:29:27', '2023-10-24 00:29:27'),
(240, 13, 9, 44, 'ssc', '2023-10-24 00:29:27', '2023-10-24 00:29:27'),
(241, 13, 9, 45, 'ssc', '2023-10-24 00:29:27', '2023-10-24 00:29:27'),
(242, 13, 9, 46, 'ssc', '2023-10-24 00:29:27', '2023-10-24 00:29:27'),
(243, 13, 9, 47, 'ssc', '2023-10-24 00:29:27', '2023-10-24 00:29:27'),
(244, 13, 9, 48, 'ssc', '2023-10-24 00:29:27', '2023-10-24 00:29:27'),
(245, 13, 9, 49, 'ssc', '2023-10-24 00:29:27', '2023-10-24 00:29:27'),
(246, 13, 9, 50, 'ssc', '2023-10-24 00:29:27', '2023-10-24 00:29:27'),
(247, 13, 9, 51, 'ssc', '2023-10-24 00:29:27', '2023-10-24 00:29:27'),
(248, 13, 9, 52, 'ssc', '2023-10-24 00:29:27', '2023-10-24 00:29:27'),
(249, 13, 9, 53, 'ssc', '2023-10-24 00:29:27', '2023-10-24 00:29:27'),
(250, 13, 9, 54, 'ssc', '2023-10-24 00:29:27', '2023-10-24 00:29:27'),
(251, 13, 9, 55, 'ssc', '2023-10-24 00:29:27', '2023-10-24 00:29:27'),
(252, 13, 9, 56, 'ssc', '2023-10-24 00:29:27', '2023-10-24 00:29:27'),
(253, 13, 9, 57, 'ssc', '2023-10-24 00:29:27', '2023-10-24 00:29:27'),
(254, 13, 9, 58, 'ssc', '2023-10-24 00:29:27', '2023-10-24 00:29:27'),
(255, 13, 9, 59, 'ssc', '2023-10-24 00:29:27', '2023-10-24 00:29:27'),
(256, 13, 9, 60, 'ssc', '2023-10-24 00:29:27', '2023-10-24 00:29:27'),
(257, 13, 9, 61, 'ssc', '2023-10-24 00:29:27', '2023-10-24 00:29:27'),
(258, 13, 9, 62, 'ssc', '2023-10-24 00:29:27', '2023-10-24 00:29:27'),
(259, 13, 9, 63, 'ssc', '2023-10-24 00:29:27', '2023-10-24 00:29:27'),
(260, 13, 9, 64, 'ssc', '2023-10-24 00:29:27', '2023-10-24 00:29:27'),
(261, 13, 9, 65, 'ssc', '2023-10-24 00:29:27', '2023-10-24 00:29:27'),
(262, 13, 9, 66, 'ssc', '2023-10-24 00:29:27', '2023-10-24 00:29:27'),
(263, 13, 9, 67, 'ssc', '2023-10-24 00:29:27', '2023-10-24 00:29:27'),
(264, 13, 9, 68, 'ssc', '2023-10-24 00:29:27', '2023-10-24 00:29:27'),
(265, 13, 9, 69, 'ssc', '2023-10-24 00:29:27', '2023-10-24 00:29:27'),
(266, 13, 9, 70, 'ssc', '2023-10-24 00:29:27', '2023-10-24 00:29:27'),
(267, 13, 9, 71, 'ssc', '2023-10-24 00:29:27', '2023-10-24 00:29:27'),
(268, 13, 9, 72, 'ssc', '2023-10-24 00:29:27', '2023-10-24 00:29:27'),
(269, 13, 9, 73, 'ssc', '2023-10-24 00:29:27', '2023-10-24 00:29:27'),
(270, 13, 9, 74, 'ssc', '2023-10-24 00:29:27', '2023-10-24 00:29:27'),
(271, 13, 10, 1, 'ssc', '2023-10-24 00:41:46', '2023-10-24 00:41:46'),
(272, 13, 10, 2, 'ssc', '2023-10-24 00:41:46', '2023-10-24 00:41:46'),
(273, 13, 10, 3, 'ssc', '2023-10-24 00:41:46', '2023-10-24 00:41:46'),
(274, 13, 10, 4, 'ssc', '2023-10-24 00:41:46', '2023-10-24 00:41:46'),
(275, 13, 10, 5, 'ssc', '2023-10-24 00:41:46', '2023-10-24 00:41:46'),
(276, 13, 10, 6, 'ssc', '2023-10-24 00:41:46', '2023-10-24 00:41:46'),
(277, 13, 10, 7, 'ssc', '2023-10-24 00:41:46', '2023-10-24 00:41:46'),
(278, 13, 10, 8, 'ssc', '2023-10-24 00:41:46', '2023-10-24 00:41:46'),
(279, 13, 10, 9, 'ssc', '2023-10-24 00:41:46', '2023-10-24 00:41:46'),
(280, 13, 10, 10, 'ssc', '2023-10-24 00:41:46', '2023-10-24 00:41:46'),
(281, 13, 10, 11, 'ssc', '2023-10-24 00:41:46', '2023-10-24 00:41:46'),
(282, 13, 10, 12, 'ssc', '2023-10-24 00:41:46', '2023-10-24 00:41:46'),
(283, 13, 10, 13, 'ssc', '2023-10-24 00:41:46', '2023-10-24 00:41:46'),
(284, 13, 10, 14, 'ssc', '2023-10-24 00:41:46', '2023-10-24 00:41:46'),
(285, 13, 10, 15, 'ssc', '2023-10-24 00:41:46', '2023-10-24 00:41:46'),
(286, 13, 10, 16, 'ssc', '2023-10-24 00:41:46', '2023-10-24 00:41:46'),
(287, 13, 10, 17, 'ssc', '2023-10-24 00:41:46', '2023-10-24 00:41:46'),
(288, 13, 10, 18, 'ssc', '2023-10-24 00:41:46', '2023-10-24 00:41:46'),
(289, 13, 10, 19, 'ssc', '2023-10-24 00:41:46', '2023-10-24 00:41:46'),
(290, 13, 10, 20, 'ssc', '2023-10-24 00:41:46', '2023-10-24 00:41:46'),
(291, 13, 10, 21, 'ssc', '2023-10-24 00:41:46', '2023-10-24 00:41:46'),
(292, 13, 10, 22, 'ssc', '2023-10-24 00:41:46', '2023-10-24 00:41:46'),
(293, 13, 10, 23, 'ssc', '2023-10-24 00:41:46', '2023-10-24 00:41:46'),
(294, 13, 10, 24, 'ssc', '2023-10-24 00:41:46', '2023-10-24 00:41:46'),
(295, 13, 10, 25, 'ssc', '2023-10-24 00:41:46', '2023-10-24 00:41:46'),
(296, 13, 10, 26, 'ssc', '2023-10-24 00:41:46', '2023-10-24 00:41:46'),
(297, 13, 10, 27, 'ssc', '2023-10-24 00:41:46', '2023-10-24 00:41:46'),
(298, 13, 10, 28, 'ssc', '2023-10-24 00:41:46', '2023-10-24 00:41:46'),
(299, 13, 10, 29, 'ssc', '2023-10-24 00:41:46', '2023-10-24 00:41:46'),
(300, 13, 10, 30, 'ssc', '2023-10-24 00:41:46', '2023-10-24 00:41:46'),
(301, 13, 10, 31, 'ssc', '2023-10-24 00:41:46', '2023-10-24 00:41:46'),
(302, 13, 10, 32, 'ssc', '2023-10-24 00:41:46', '2023-10-24 00:41:46'),
(303, 13, 10, 33, 'ssc', '2023-10-24 00:41:46', '2023-10-24 00:41:46'),
(304, 13, 10, 34, 'ssc', '2023-10-24 00:41:46', '2023-10-24 00:41:46'),
(305, 13, 10, 35, 'ssc', '2023-10-24 00:41:46', '2023-10-24 00:41:46'),
(306, 13, 10, 36, 'ssc', '2023-10-24 00:41:46', '2023-10-24 00:41:46'),
(307, 13, 10, 37, 'ssc', '2023-10-24 00:41:46', '2023-10-24 00:41:46'),
(308, 13, 10, 38, 'ssc', '2023-10-24 00:41:46', '2023-10-24 00:41:46'),
(309, 13, 10, 39, 'ssc', '2023-10-24 00:41:46', '2023-10-24 00:41:46'),
(310, 13, 10, 40, 'ssc', '2023-10-24 00:41:46', '2023-10-24 00:41:46'),
(311, 13, 10, 41, 'ssc', '2023-10-24 00:41:46', '2023-10-24 00:41:46'),
(312, 13, 10, 42, 'ssc', '2023-10-24 00:41:46', '2023-10-24 00:41:46'),
(313, 13, 10, 43, 'ssc', '2023-10-24 00:41:46', '2023-10-24 00:41:46'),
(314, 13, 10, 44, 'ssc', '2023-10-24 00:41:46', '2023-10-24 00:41:46'),
(315, 13, 10, 45, 'ssc', '2023-10-24 00:41:46', '2023-10-24 00:41:46'),
(316, 13, 10, 46, 'ssc', '2023-10-24 00:41:46', '2023-10-24 00:41:46'),
(317, 13, 10, 47, 'ssc', '2023-10-24 00:41:46', '2023-10-24 00:41:46'),
(318, 13, 10, 48, 'ssc', '2023-10-24 00:41:46', '2023-10-24 00:41:46'),
(319, 13, 10, 49, 'ssc', '2023-10-24 00:41:46', '2023-10-24 00:41:46'),
(320, 13, 10, 50, 'ssc', '2023-10-24 00:41:46', '2023-10-24 00:41:46'),
(321, 13, 10, 51, 'ssc', '2023-10-24 00:41:46', '2023-10-24 00:41:46'),
(322, 13, 10, 52, 'ssc', '2023-10-24 00:41:46', '2023-10-24 00:41:46'),
(323, 13, 10, 53, 'ssc', '2023-10-24 00:41:46', '2023-10-24 00:41:46'),
(324, 13, 10, 54, 'ssc', '2023-10-24 00:41:46', '2023-10-24 00:41:46'),
(325, 13, 10, 55, 'ssc', '2023-10-24 00:41:46', '2023-10-24 00:41:46'),
(326, 13, 10, 56, 'ssc', '2023-10-24 00:41:46', '2023-10-24 00:41:46'),
(327, 13, 10, 57, 'ssc', '2023-10-24 00:41:46', '2023-10-24 00:41:46'),
(328, 13, 10, 58, 'ssc', '2023-10-24 00:41:46', '2023-10-24 00:41:46'),
(329, 13, 10, 59, 'ssc', '2023-10-24 00:41:46', '2023-10-24 00:41:46'),
(330, 13, 10, 60, 'ssc', '2023-10-24 00:41:46', '2023-10-24 00:41:46'),
(331, 13, 10, 61, 'ssc', '2023-10-24 00:41:46', '2023-10-24 00:41:46'),
(332, 13, 10, 62, 'ssc', '2023-10-24 00:41:46', '2023-10-24 00:41:46'),
(333, 13, 10, 63, 'ssc', '2023-10-24 00:41:46', '2023-10-24 00:41:46'),
(334, 13, 10, 64, 'ssc', '2023-10-24 00:41:46', '2023-10-24 00:41:46'),
(335, 13, 10, 65, 'ssc', '2023-10-24 00:41:46', '2023-10-24 00:41:46'),
(336, 13, 10, 66, 'ssc', '2023-10-24 00:41:46', '2023-10-24 00:41:46'),
(337, 13, 10, 67, 'ssc', '2023-10-24 00:41:46', '2023-10-24 00:41:46'),
(338, 13, 10, 68, 'ssc', '2023-10-24 00:41:46', '2023-10-24 00:41:46'),
(339, 13, 10, 69, 'ssc', '2023-10-24 00:41:46', '2023-10-24 00:41:46'),
(340, 13, 10, 70, 'ssc', '2023-10-24 00:41:46', '2023-10-24 00:41:46'),
(341, 13, 10, 71, 'ssc', '2023-10-24 00:41:46', '2023-10-24 00:41:46'),
(342, 13, 10, 72, 'ssc', '2023-10-24 00:41:46', '2023-10-24 00:41:46'),
(343, 13, 10, 73, 'ssc', '2023-10-24 00:41:46', '2023-10-24 00:41:46'),
(344, 13, 10, 74, 'ssc', '2023-10-24 00:41:46', '2023-10-24 00:41:46'),
(345, 13, 11, 1, 'ssc', '2023-10-24 00:41:52', '2023-10-24 00:41:52'),
(346, 13, 11, 2, 'ssc', '2023-10-24 00:41:52', '2023-10-24 00:41:52'),
(347, 13, 11, 3, 'ssc', '2023-10-24 00:41:52', '2023-10-24 00:41:52'),
(348, 13, 11, 4, 'ssc', '2023-10-24 00:41:52', '2023-10-24 00:41:52'),
(349, 13, 11, 5, 'ssc', '2023-10-24 00:41:52', '2023-10-24 00:41:52'),
(350, 13, 11, 6, 'ssc', '2023-10-24 00:41:52', '2023-10-24 00:41:52'),
(351, 13, 11, 7, 'ssc', '2023-10-24 00:41:52', '2023-10-24 00:41:52'),
(352, 13, 11, 8, 'ssc', '2023-10-24 00:41:52', '2023-10-24 00:41:52'),
(353, 13, 11, 9, 'ssc', '2023-10-24 00:41:52', '2023-10-24 00:41:52'),
(354, 13, 11, 10, 'ssc', '2023-10-24 00:41:52', '2023-10-24 00:41:52'),
(355, 13, 11, 11, 'ssc', '2023-10-24 00:41:52', '2023-10-24 00:41:52'),
(356, 13, 11, 12, 'ssc', '2023-10-24 00:41:52', '2023-10-24 00:41:52'),
(357, 13, 11, 13, 'ssc', '2023-10-24 00:41:52', '2023-10-24 00:41:52'),
(358, 13, 11, 14, 'ssc', '2023-10-24 00:41:52', '2023-10-24 00:41:52'),
(359, 13, 11, 15, 'ssc', '2023-10-24 00:41:52', '2023-10-24 00:41:52'),
(360, 13, 11, 16, 'ssc', '2023-10-24 00:41:52', '2023-10-24 00:41:52'),
(361, 13, 11, 17, 'ssc', '2023-10-24 00:41:52', '2023-10-24 00:41:52'),
(362, 13, 11, 18, 'ssc', '2023-10-24 00:41:52', '2023-10-24 00:41:52'),
(363, 13, 11, 19, 'ssc', '2023-10-24 00:41:52', '2023-10-24 00:41:52'),
(364, 13, 11, 20, 'ssc', '2023-10-24 00:41:52', '2023-10-24 00:41:52'),
(365, 13, 11, 21, 'ssc', '2023-10-24 00:41:52', '2023-10-24 00:41:52'),
(366, 13, 11, 22, 'ssc', '2023-10-24 00:41:52', '2023-10-24 00:41:52'),
(367, 13, 11, 23, 'ssc', '2023-10-24 00:41:52', '2023-10-24 00:41:52'),
(368, 13, 11, 24, 'ssc', '2023-10-24 00:41:52', '2023-10-24 00:41:52'),
(369, 13, 11, 25, 'ssc', '2023-10-24 00:41:52', '2023-10-24 00:41:52'),
(370, 13, 11, 26, 'ssc', '2023-10-24 00:41:52', '2023-10-24 00:41:52'),
(371, 13, 11, 27, 'ssc', '2023-10-24 00:41:52', '2023-10-24 00:41:52'),
(372, 13, 11, 28, 'ssc', '2023-10-24 00:41:52', '2023-10-24 00:41:52'),
(373, 13, 11, 29, 'ssc', '2023-10-24 00:41:52', '2023-10-24 00:41:52'),
(374, 13, 11, 30, 'ssc', '2023-10-24 00:41:52', '2023-10-24 00:41:52'),
(375, 13, 11, 31, 'ssc', '2023-10-24 00:41:52', '2023-10-24 00:41:52'),
(376, 13, 11, 32, 'ssc', '2023-10-24 00:41:52', '2023-10-24 00:41:52'),
(377, 13, 11, 33, 'ssc', '2023-10-24 00:41:52', '2023-10-24 00:41:52'),
(378, 13, 11, 34, 'ssc', '2023-10-24 00:41:52', '2023-10-24 00:41:52'),
(379, 13, 11, 35, 'ssc', '2023-10-24 00:41:52', '2023-10-24 00:41:52'),
(380, 13, 11, 36, 'ssc', '2023-10-24 00:41:52', '2023-10-24 00:41:52'),
(381, 13, 11, 37, 'ssc', '2023-10-24 00:41:52', '2023-10-24 00:41:52'),
(382, 13, 11, 38, 'ssc', '2023-10-24 00:41:52', '2023-10-24 00:41:52'),
(383, 13, 11, 39, 'ssc', '2023-10-24 00:41:52', '2023-10-24 00:41:52'),
(384, 13, 11, 40, 'ssc', '2023-10-24 00:41:52', '2023-10-24 00:41:52'),
(385, 13, 11, 41, 'ssc', '2023-10-24 00:41:52', '2023-10-24 00:41:52'),
(386, 13, 11, 42, 'ssc', '2023-10-24 00:41:52', '2023-10-24 00:41:52'),
(387, 13, 11, 43, 'ssc', '2023-10-24 00:41:52', '2023-10-24 00:41:52'),
(388, 13, 11, 44, 'ssc', '2023-10-24 00:41:52', '2023-10-24 00:41:52'),
(389, 13, 11, 45, 'ssc', '2023-10-24 00:41:52', '2023-10-24 00:41:52'),
(390, 13, 11, 46, 'ssc', '2023-10-24 00:41:52', '2023-10-24 00:41:52'),
(391, 13, 11, 47, 'ssc', '2023-10-24 00:41:52', '2023-10-24 00:41:52'),
(392, 13, 11, 48, 'ssc', '2023-10-24 00:41:52', '2023-10-24 00:41:52'),
(393, 13, 11, 49, 'ssc', '2023-10-24 00:41:52', '2023-10-24 00:41:52'),
(394, 13, 11, 50, 'ssc', '2023-10-24 00:41:52', '2023-10-24 00:41:52'),
(395, 13, 11, 51, 'ssc', '2023-10-24 00:41:52', '2023-10-24 00:41:52'),
(396, 13, 11, 52, 'ssc', '2023-10-24 00:41:52', '2023-10-24 00:41:52'),
(397, 13, 11, 53, 'ssc', '2023-10-24 00:41:52', '2023-10-24 00:41:52'),
(398, 13, 11, 54, 'ssc', '2023-10-24 00:41:52', '2023-10-24 00:41:52'),
(399, 13, 11, 55, 'ssc', '2023-10-24 00:41:52', '2023-10-24 00:41:52'),
(400, 13, 11, 56, 'ssc', '2023-10-24 00:41:52', '2023-10-24 00:41:52'),
(401, 13, 11, 57, 'ssc', '2023-10-24 00:41:52', '2023-10-24 00:41:52'),
(402, 13, 11, 58, 'ssc', '2023-10-24 00:41:52', '2023-10-24 00:41:52'),
(403, 13, 11, 59, 'ssc', '2023-10-24 00:41:52', '2023-10-24 00:41:52'),
(404, 13, 11, 60, 'ssc', '2023-10-24 00:41:52', '2023-10-24 00:41:52'),
(405, 13, 11, 61, 'ssc', '2023-10-24 00:41:52', '2023-10-24 00:41:52'),
(406, 13, 11, 62, 'ssc', '2023-10-24 00:41:52', '2023-10-24 00:41:52'),
(407, 13, 11, 63, 'ssc', '2023-10-24 00:41:52', '2023-10-24 00:41:52'),
(408, 13, 11, 64, 'ssc', '2023-10-24 00:41:52', '2023-10-24 00:41:52'),
(409, 13, 11, 65, 'ssc', '2023-10-24 00:41:52', '2023-10-24 00:41:52'),
(410, 13, 11, 66, 'ssc', '2023-10-24 00:41:52', '2023-10-24 00:41:52'),
(411, 13, 11, 67, 'ssc', '2023-10-24 00:41:52', '2023-10-24 00:41:52'),
(412, 13, 11, 68, 'ssc', '2023-10-24 00:41:52', '2023-10-24 00:41:52'),
(413, 13, 11, 69, 'ssc', '2023-10-24 00:41:52', '2023-10-24 00:41:52'),
(414, 13, 11, 70, 'ssc', '2023-10-24 00:41:52', '2023-10-24 00:41:52'),
(415, 13, 11, 71, 'ssc', '2023-10-24 00:41:52', '2023-10-24 00:41:52'),
(416, 13, 11, 72, 'ssc', '2023-10-24 00:41:52', '2023-10-24 00:41:52'),
(417, 13, 11, 73, 'ssc', '2023-10-24 00:41:52', '2023-10-24 00:41:52'),
(418, 13, 11, 74, 'ssc', '2023-10-24 00:41:52', '2023-10-24 00:41:52'),
(419, 13, 11, 75, 'ssc', '2023-10-24 00:41:52', '2023-10-24 00:41:52'),
(420, 13, 11, 76, 'ssc', '2023-10-24 00:41:52', '2023-10-24 00:41:52'),
(421, 13, 11, 77, 'ssc', '2023-10-24 00:41:52', '2023-10-24 00:41:52'),
(422, 13, 11, 78, 'ssc', '2023-10-24 00:41:52', '2023-10-24 00:41:52'),
(423, 13, 11, 79, 'ssc', '2023-10-24 00:41:52', '2023-10-24 00:41:52'),
(424, 13, 11, 80, 'ssc', '2023-10-24 00:41:52', '2023-10-24 00:41:52'),
(425, 13, 11, 81, 'ssc', '2023-10-24 00:41:52', '2023-10-24 00:41:52'),
(426, 13, 11, 82, 'ssc', '2023-10-24 00:41:52', '2023-10-24 00:41:52'),
(427, 13, 11, 83, 'ssc', '2023-10-24 00:41:52', '2023-10-24 00:41:52'),
(428, 13, 11, 84, 'ssc', '2023-10-24 00:41:52', '2023-10-24 00:41:52'),
(429, 13, 11, 85, 'ssc', '2023-10-24 00:41:52', '2023-10-24 00:41:52'),
(430, 13, 11, 86, 'ssc', '2023-10-24 00:41:52', '2023-10-24 00:41:52'),
(431, 13, 11, 87, 'ssc', '2023-10-24 00:41:52', '2023-10-24 00:41:52'),
(432, 13, 11, 88, 'ssc', '2023-10-24 00:41:52', '2023-10-24 00:41:52'),
(433, 13, 11, 89, 'ssc', '2023-10-24 00:41:52', '2023-10-24 00:41:52'),
(434, 13, 11, 90, 'ssc', '2023-10-24 00:41:52', '2023-10-24 00:41:52'),
(435, 13, 11, 91, 'ssc', '2023-10-24 00:41:52', '2023-10-24 00:41:52'),
(436, 13, 11, 92, 'ssc', '2023-10-24 00:41:52', '2023-10-24 00:41:52'),
(437, 13, 11, 93, 'ssc', '2023-10-24 00:41:52', '2023-10-24 00:41:52'),
(438, 13, 11, 94, 'ssc', '2023-10-24 00:41:52', '2023-10-24 00:41:52'),
(439, 13, 11, 95, 'ssc', '2023-10-24 00:41:52', '2023-10-24 00:41:52'),
(440, 13, 11, 96, 'ssc', '2023-10-24 00:41:52', '2023-10-24 00:41:52'),
(441, 13, 11, 97, 'ssc', '2023-10-24 00:41:52', '2023-10-24 00:41:52'),
(442, 13, 11, 98, 'ssc', '2023-10-24 00:41:52', '2023-10-24 00:41:52'),
(443, 13, 11, 99, 'ssc', '2023-10-24 00:41:52', '2023-10-24 00:41:52'),
(444, 13, 11, 100, 'ssc', '2023-10-24 00:41:52', '2023-10-24 00:41:52'),
(445, 13, 11, 101, 'ssc', '2023-10-24 00:41:52', '2023-10-24 00:41:52'),
(446, 13, 11, 102, 'ssc', '2023-10-24 00:41:52', '2023-10-24 00:41:52'),
(447, 13, 11, 103, 'ssc', '2023-10-24 00:41:52', '2023-10-24 00:41:52'),
(448, 13, 11, 104, 'ssc', '2023-10-24 00:41:52', '2023-10-24 00:41:52'),
(449, 13, 11, 105, 'ssc', '2023-10-24 00:41:52', '2023-10-24 00:41:52'),
(450, 13, 11, 106, 'ssc', '2023-10-24 00:41:52', '2023-10-24 00:41:52'),
(451, 13, 11, 107, 'ssc', '2023-10-24 00:41:52', '2023-10-24 00:41:52'),
(452, 13, 11, 108, 'ssc', '2023-10-24 00:41:52', '2023-10-24 00:41:52'),
(453, 13, 11, 109, 'ssc', '2023-10-24 00:41:52', '2023-10-24 00:41:52'),
(454, 13, 11, 110, 'ssc', '2023-10-24 00:41:52', '2023-10-24 00:41:52'),
(455, 13, 11, 111, 'ssc', '2023-10-24 00:41:52', '2023-10-24 00:41:52'),
(456, 13, 11, 112, 'ssc', '2023-10-24 00:41:52', '2023-10-24 00:41:52'),
(457, 13, 11, 113, 'ssc', '2023-10-24 00:41:52', '2023-10-24 00:41:52'),
(458, 13, 11, 114, 'ssc', '2023-10-24 00:41:52', '2023-10-24 00:41:52'),
(459, 13, 11, 115, 'ssc', '2023-10-24 00:41:52', '2023-10-24 00:41:52'),
(460, 13, 11, 116, 'ssc', '2023-10-24 00:41:52', '2023-10-24 00:41:52'),
(461, 13, 11, 117, 'ssc', '2023-10-24 00:41:52', '2023-10-24 00:41:52'),
(462, 13, 11, 118, 'ssc', '2023-10-24 00:41:52', '2023-10-24 00:41:52'),
(463, 13, 11, 119, 'ssc', '2023-10-24 00:41:52', '2023-10-24 00:41:52'),
(464, 13, 11, 120, 'ssc', '2023-10-24 00:41:52', '2023-10-24 00:41:52'),
(465, 13, 11, 121, 'ssc', '2023-10-24 00:41:52', '2023-10-24 00:41:52'),
(466, 13, 11, 122, 'ssc', '2023-10-24 00:41:52', '2023-10-24 00:41:52'),
(467, 13, 11, 123, 'ssc', '2023-10-24 00:41:52', '2023-10-24 00:41:52'),
(468, 13, 11, 124, 'ssc', '2023-10-24 00:41:52', '2023-10-24 00:41:52'),
(469, 13, 11, 125, 'ssc', '2023-10-24 00:41:52', '2023-10-24 00:41:52'),
(470, 13, 11, 126, 'ssc', '2023-10-24 00:41:52', '2023-10-24 00:41:52'),
(471, 13, 11, 127, 'ssc', '2023-10-24 00:41:52', '2023-10-24 00:41:52'),
(472, 13, 11, 128, 'ssc', '2023-10-24 00:41:52', '2023-10-24 00:41:52'),
(473, 13, 11, 129, 'ssc', '2023-10-24 00:41:52', '2023-10-24 00:41:52'),
(474, 13, 12, 130, 'hsc', '2023-10-24 03:10:28', '2023-10-24 03:10:28'),
(475, 13, 12, 131, 'hsc', '2023-10-24 03:10:28', '2023-10-24 03:10:28'),
(476, 13, 12, 132, 'hsc', '2023-10-24 03:10:28', '2023-10-24 03:10:28'),
(477, 13, 12, 133, 'hsc', '2023-10-24 03:10:28', '2023-10-24 03:10:28'),
(478, 13, 12, 134, 'hsc', '2023-10-24 03:10:28', '2023-10-24 03:10:28'),
(479, 13, 18, 130, 'hsc', '2023-10-24 03:10:36', '2023-10-24 03:10:36'),
(480, 13, 18, 131, 'hsc', '2023-10-24 03:10:36', '2023-10-24 03:10:36'),
(481, 13, 18, 132, 'hsc', '2023-10-24 03:10:36', '2023-10-24 03:10:36'),
(482, 13, 18, 133, 'hsc', '2023-10-24 03:10:36', '2023-10-24 03:10:36'),
(483, 13, 18, 134, 'hsc', '2023-10-24 03:10:36', '2023-10-24 03:10:36'),
(484, 13, 18, 135, 'hsc', '2023-10-24 03:10:36', '2023-10-24 03:10:36'),
(485, 13, 18, 136, 'hsc', '2023-10-24 03:10:36', '2023-10-24 03:10:36'),
(486, 13, 18, 137, 'hsc', '2023-10-24 03:10:36', '2023-10-24 03:10:36'),
(487, 13, 18, 138, 'hsc', '2023-10-24 03:10:36', '2023-10-24 03:10:36'),
(488, 13, 18, 139, 'hsc', '2023-10-24 03:10:36', '2023-10-24 03:10:36'),
(489, 13, 18, 140, 'hsc', '2023-10-24 03:10:36', '2023-10-24 03:10:36'),
(490, 13, 18, 141, 'hsc', '2023-10-24 03:10:36', '2023-10-24 03:10:36'),
(491, 13, 19, 130, 'hsc', '2023-10-24 03:10:46', '2023-10-24 03:10:46'),
(492, 13, 19, 131, 'hsc', '2023-10-24 03:10:46', '2023-10-24 03:10:46'),
(493, 13, 19, 132, 'hsc', '2023-10-24 03:10:46', '2023-10-24 03:10:46'),
(494, 13, 19, 133, 'hsc', '2023-10-24 03:10:46', '2023-10-24 03:10:46'),
(495, 13, 19, 134, 'hsc', '2023-10-24 03:10:46', '2023-10-24 03:10:46'),
(496, 13, 19, 135, 'hsc', '2023-10-24 03:10:46', '2023-10-24 03:10:46'),
(497, 13, 19, 136, 'hsc', '2023-10-24 03:10:46', '2023-10-24 03:10:46'),
(498, 13, 19, 137, 'hsc', '2023-10-24 03:10:46', '2023-10-24 03:10:46'),
(499, 13, 19, 138, 'hsc', '2023-10-24 03:10:46', '2023-10-24 03:10:46'),
(500, 13, 19, 139, 'hsc', '2023-10-24 03:10:46', '2023-10-24 03:10:46'),
(501, 13, 19, 140, 'hsc', '2023-10-24 03:10:46', '2023-10-24 03:10:46'),
(502, 13, 19, 141, 'hsc', '2023-10-24 03:10:46', '2023-10-24 03:10:46'),
(503, 13, 19, 142, 'hsc', '2023-10-24 03:10:46', '2023-10-24 03:10:46'),
(504, 13, 19, 143, 'hsc', '2023-10-24 03:10:46', '2023-10-24 03:10:46'),
(505, 13, 19, 144, 'hsc', '2023-10-24 03:10:46', '2023-10-24 03:10:46'),
(506, 13, 19, 145, 'hsc', '2023-10-24 03:10:46', '2023-10-24 03:10:46'),
(507, 13, 19, 146, 'hsc', '2023-10-24 03:10:46', '2023-10-24 03:10:46'),
(508, 13, 19, 147, 'hsc', '2023-10-24 03:10:46', '2023-10-24 03:10:46'),
(509, 13, 19, 148, 'hsc', '2023-10-24 03:10:46', '2023-10-24 03:10:46'),
(510, 13, 19, 149, 'hsc', '2023-10-24 03:10:46', '2023-10-24 03:10:46'),
(511, 13, 19, 150, 'hsc', '2023-10-24 03:10:46', '2023-10-24 03:10:46'),
(512, 13, 19, 151, 'hsc', '2023-10-24 03:10:46', '2023-10-24 03:10:46'),
(513, 13, 19, 152, 'hsc', '2023-10-24 03:10:46', '2023-10-24 03:10:46'),
(514, 13, 19, 153, 'hsc', '2023-10-24 03:10:46', '2023-10-24 03:10:46'),
(515, 13, 19, 154, 'hsc', '2023-10-24 03:10:46', '2023-10-24 03:10:46'),
(516, 13, 19, 155, 'hsc', '2023-10-24 03:10:46', '2023-10-24 03:10:46'),
(517, 13, 19, 156, 'hsc', '2023-10-24 03:10:46', '2023-10-24 03:10:46'),
(518, 13, 19, 157, 'hsc', '2023-10-24 03:10:46', '2023-10-24 03:10:46'),
(519, 13, 28, 760, 'masters', '2023-10-24 03:28:49', '2023-10-24 03:28:49'),
(520, 13, 28, 761, 'masters', '2023-10-24 03:28:49', '2023-10-24 03:28:49'),
(521, 13, 28, 762, 'masters', '2023-10-24 03:28:49', '2023-10-24 03:28:49'),
(522, 13, 28, 763, 'masters', '2023-10-24 03:28:49', '2023-10-24 03:28:49'),
(523, 13, 28, 764, 'masters', '2023-10-24 03:28:49', '2023-10-24 03:28:49'),
(524, 13, 28, 765, 'masters', '2023-10-24 03:28:49', '2023-10-24 03:28:49'),
(525, 13, 28, 766, 'masters', '2023-10-24 03:28:49', '2023-10-24 03:28:49'),
(526, 13, 28, 767, 'masters', '2023-10-24 03:28:49', '2023-10-24 03:28:49'),
(527, 13, 28, 768, 'masters', '2023-10-24 03:28:49', '2023-10-24 03:28:49'),
(528, 13, 28, 769, 'masters', '2023-10-24 03:28:49', '2023-10-24 03:28:49'),
(529, 13, 28, 770, 'masters', '2023-10-24 03:28:49', '2023-10-24 03:28:49'),
(530, 13, 28, 771, 'masters', '2023-10-24 03:28:49', '2023-10-24 03:28:49'),
(531, 13, 28, 772, 'masters', '2023-10-24 03:28:49', '2023-10-24 03:28:49'),
(532, 13, 28, 773, 'masters', '2023-10-24 03:28:49', '2023-10-24 03:28:49'),
(533, 13, 28, 774, 'masters', '2023-10-24 03:28:49', '2023-10-24 03:28:49'),
(534, 13, 28, 775, 'masters', '2023-10-24 03:28:49', '2023-10-24 03:28:49'),
(535, 13, 28, 776, 'masters', '2023-10-24 03:28:49', '2023-10-24 03:28:49'),
(536, 13, 28, 777, 'masters', '2023-10-24 03:28:49', '2023-10-24 03:28:49'),
(537, 13, 28, 778, 'masters', '2023-10-24 03:28:49', '2023-10-24 03:28:49'),
(538, 13, 28, 779, 'masters', '2023-10-24 03:28:49', '2023-10-24 03:28:49'),
(539, 13, 28, 780, 'masters', '2023-10-24 03:28:49', '2023-10-24 03:28:49'),
(540, 13, 28, 781, 'masters', '2023-10-24 03:28:49', '2023-10-24 03:28:49'),
(541, 13, 28, 782, 'masters', '2023-10-24 03:28:49', '2023-10-24 03:28:49'),
(542, 13, 28, 783, 'masters', '2023-10-24 03:28:49', '2023-10-24 03:28:49'),
(543, 13, 28, 784, 'masters', '2023-10-24 03:28:49', '2023-10-24 03:28:49'),
(544, 13, 28, 785, 'masters', '2023-10-24 03:28:49', '2023-10-24 03:28:49'),
(545, 13, 28, 786, 'masters', '2023-10-24 03:28:49', '2023-10-24 03:28:49'),
(546, 13, 28, 787, 'masters', '2023-10-24 03:28:49', '2023-10-24 03:28:49'),
(547, 13, 28, 788, 'masters', '2023-10-24 03:28:49', '2023-10-24 03:28:49'),
(548, 13, 28, 789, 'masters', '2023-10-24 03:28:49', '2023-10-24 03:28:49'),
(549, 13, 28, 790, 'masters', '2023-10-24 03:28:49', '2023-10-24 03:28:49'),
(550, 13, 28, 791, 'masters', '2023-10-24 03:28:49', '2023-10-24 03:28:49'),
(551, 13, 28, 792, 'masters', '2023-10-24 03:28:49', '2023-10-24 03:28:49'),
(552, 13, 28, 793, 'masters', '2023-10-24 03:28:49', '2023-10-24 03:28:49'),
(553, 13, 28, 794, 'masters', '2023-10-24 03:28:49', '2023-10-24 03:28:49'),
(554, 13, 28, 795, 'masters', '2023-10-24 03:28:49', '2023-10-24 03:28:49'),
(555, 13, 28, 796, 'masters', '2023-10-24 03:28:49', '2023-10-24 03:28:49'),
(556, 13, 28, 797, 'masters', '2023-10-24 03:28:49', '2023-10-24 03:28:49'),
(557, 13, 28, 798, 'masters', '2023-10-24 03:28:49', '2023-10-24 03:28:49'),
(558, 13, 28, 799, 'masters', '2023-10-24 03:28:49', '2023-10-24 03:28:49'),
(559, 13, 28, 800, 'masters', '2023-10-24 03:28:49', '2023-10-24 03:28:49'),
(560, 13, 28, 801, 'masters', '2023-10-24 03:28:49', '2023-10-24 03:28:49'),
(561, 13, 28, 802, 'masters', '2023-10-24 03:28:49', '2023-10-24 03:28:49'),
(562, 13, 28, 803, 'masters', '2023-10-24 03:28:49', '2023-10-24 03:28:49'),
(563, 13, 28, 804, 'masters', '2023-10-24 03:28:49', '2023-10-24 03:28:49'),
(564, 13, 28, 805, 'masters', '2023-10-24 03:28:49', '2023-10-24 03:28:49'),
(565, 13, 28, 806, 'masters', '2023-10-24 03:28:49', '2023-10-24 03:28:49'),
(566, 13, 28, 807, 'masters', '2023-10-24 03:28:49', '2023-10-24 03:28:49'),
(567, 13, 28, 808, 'masters', '2023-10-24 03:28:49', '2023-10-24 03:28:49'),
(568, 13, 28, 809, 'masters', '2023-10-24 03:28:49', '2023-10-24 03:28:49'),
(569, 13, 28, 810, 'masters', '2023-10-24 03:28:49', '2023-10-24 03:28:49'),
(570, 13, 28, 811, 'masters', '2023-10-24 03:28:49', '2023-10-24 03:28:49'),
(571, 13, 28, 812, 'masters', '2023-10-24 03:28:49', '2023-10-24 03:28:49'),
(572, 13, 28, 813, 'masters', '2023-10-24 03:28:49', '2023-10-24 03:28:49'),
(573, 13, 28, 814, 'masters', '2023-10-24 03:28:49', '2023-10-24 03:28:49'),
(574, 13, 28, 815, 'masters', '2023-10-24 03:28:49', '2023-10-24 03:28:49'),
(575, 13, 28, 816, 'masters', '2023-10-24 03:28:49', '2023-10-24 03:28:49'),
(576, 13, 28, 817, 'masters', '2023-10-24 03:28:49', '2023-10-24 03:28:49'),
(577, 13, 28, 818, 'masters', '2023-10-24 03:28:49', '2023-10-24 03:28:49'),
(578, 13, 28, 819, 'masters', '2023-10-24 03:28:49', '2023-10-24 03:28:49'),
(579, 13, 28, 820, 'masters', '2023-10-24 03:28:49', '2023-10-24 03:28:49'),
(580, 13, 28, 821, 'masters', '2023-10-24 03:28:49', '2023-10-24 03:28:49'),
(581, 13, 28, 822, 'masters', '2023-10-24 03:28:49', '2023-10-24 03:28:49'),
(582, 13, 28, 823, 'masters', '2023-10-24 03:28:49', '2023-10-24 03:28:49'),
(583, 13, 28, 824, 'masters', '2023-10-24 03:28:49', '2023-10-24 03:28:49'),
(584, 13, 28, 825, 'masters', '2023-10-24 03:28:49', '2023-10-24 03:28:49'),
(585, 13, 28, 826, 'masters', '2023-10-24 03:28:49', '2023-10-24 03:28:49'),
(586, 13, 28, 827, 'masters', '2023-10-24 03:28:49', '2023-10-24 03:28:49'),
(587, 13, 28, 828, 'masters', '2023-10-24 03:28:49', '2023-10-24 03:28:49'),
(588, 13, 28, 829, 'masters', '2023-10-24 03:28:49', '2023-10-24 03:28:49'),
(589, 13, 28, 830, 'masters', '2023-10-24 03:28:49', '2023-10-24 03:28:49'),
(590, 13, 28, 831, 'masters', '2023-10-24 03:28:49', '2023-10-24 03:28:49'),
(591, 13, 28, 832, 'masters', '2023-10-24 03:28:49', '2023-10-24 03:28:49'),
(592, 13, 28, 833, 'masters', '2023-10-24 03:28:49', '2023-10-24 03:28:49'),
(593, 13, 28, 834, 'masters', '2023-10-24 03:28:49', '2023-10-24 03:28:49'),
(594, 13, 28, 835, 'masters', '2023-10-24 03:28:49', '2023-10-24 03:28:49'),
(595, 13, 28, 836, 'masters', '2023-10-24 03:28:49', '2023-10-24 03:28:49'),
(596, 13, 28, 837, 'masters', '2023-10-24 03:28:49', '2023-10-24 03:28:49'),
(597, 13, 28, 838, 'masters', '2023-10-24 03:28:49', '2023-10-24 03:28:49'),
(598, 13, 28, 839, 'masters', '2023-10-24 03:28:49', '2023-10-24 03:28:49'),
(599, 13, 28, 840, 'masters', '2023-10-24 03:28:49', '2023-10-24 03:28:49'),
(600, 13, 28, 841, 'masters', '2023-10-24 03:28:49', '2023-10-24 03:28:49'),
(601, 13, 28, 842, 'masters', '2023-10-24 03:28:49', '2023-10-24 03:28:49'),
(602, 13, 28, 843, 'masters', '2023-10-24 03:28:49', '2023-10-24 03:28:49'),
(603, 13, 28, 844, 'masters', '2023-10-24 03:28:49', '2023-10-24 03:28:49'),
(604, 13, 28, 845, 'masters', '2023-10-24 03:28:49', '2023-10-24 03:28:49'),
(605, 13, 28, 846, 'masters', '2023-10-24 03:28:49', '2023-10-24 03:28:49'),
(606, 13, 28, 847, 'masters', '2023-10-24 03:28:49', '2023-10-24 03:28:49'),
(607, 13, 28, 848, 'masters', '2023-10-24 03:28:49', '2023-10-24 03:28:49'),
(608, 13, 28, 849, 'masters', '2023-10-24 03:28:49', '2023-10-24 03:28:49'),
(609, 13, 28, 850, 'masters', '2023-10-24 03:28:49', '2023-10-24 03:28:49'),
(610, 13, 28, 851, 'masters', '2023-10-24 03:28:49', '2023-10-24 03:28:49'),
(611, 13, 28, 852, 'masters', '2023-10-24 03:28:49', '2023-10-24 03:28:49'),
(612, 13, 28, 853, 'masters', '2023-10-24 03:28:49', '2023-10-24 03:28:49'),
(613, 13, 28, 854, 'masters', '2023-10-24 03:28:49', '2023-10-24 03:28:49'),
(614, 13, 28, 855, 'masters', '2023-10-24 03:28:49', '2023-10-24 03:28:49'),
(615, 13, 28, 856, 'masters', '2023-10-24 03:28:49', '2023-10-24 03:28:49'),
(616, 13, 28, 857, 'masters', '2023-10-24 03:28:49', '2023-10-24 03:28:49'),
(617, 13, 28, 858, 'masters', '2023-10-24 03:28:49', '2023-10-24 03:28:49'),
(618, 13, 28, 859, 'masters', '2023-10-24 03:28:49', '2023-10-24 03:28:49'),
(619, 13, 28, 860, 'masters', '2023-10-24 03:28:49', '2023-10-24 03:28:49'),
(620, 13, 28, 861, 'masters', '2023-10-24 03:28:49', '2023-10-24 03:28:49'),
(621, 13, 28, 862, 'masters', '2023-10-24 03:28:49', '2023-10-24 03:28:49'),
(622, 13, 28, 863, 'masters', '2023-10-24 03:28:49', '2023-10-24 03:28:49'),
(623, 13, 28, 864, 'masters', '2023-10-24 03:28:49', '2023-10-24 03:28:49'),
(624, 13, 28, 865, 'masters', '2023-10-24 03:28:49', '2023-10-24 03:28:49'),
(625, 13, 28, 866, 'masters', '2023-10-24 03:28:49', '2023-10-24 03:28:49'),
(626, 13, 28, 867, 'masters', '2023-10-24 03:28:49', '2023-10-24 03:28:49'),
(627, 13, 28, 868, 'masters', '2023-10-24 03:28:49', '2023-10-24 03:28:49'),
(628, 13, 28, 869, 'masters', '2023-10-24 03:28:49', '2023-10-24 03:28:49'),
(629, 13, 28, 870, 'masters', '2023-10-24 03:28:49', '2023-10-24 03:28:49'),
(630, 13, 28, 871, 'masters', '2023-10-24 03:28:49', '2023-10-24 03:28:49'),
(631, 13, 28, 872, 'masters', '2023-10-24 03:28:49', '2023-10-24 03:28:49'),
(632, 13, 28, 873, 'masters', '2023-10-24 03:28:49', '2023-10-24 03:28:49'),
(633, 13, 28, 874, 'masters', '2023-10-24 03:28:49', '2023-10-24 03:28:49'),
(634, 13, 28, 875, 'masters', '2023-10-24 03:28:49', '2023-10-24 03:28:49'),
(635, 13, 28, 876, 'masters', '2023-10-24 03:28:49', '2023-10-24 03:28:49'),
(636, 13, 28, 877, 'masters', '2023-10-24 03:28:49', '2023-10-24 03:28:49'),
(637, 13, 28, 878, 'masters', '2023-10-24 03:28:49', '2023-10-24 03:28:49'),
(638, 13, 28, 879, 'masters', '2023-10-24 03:28:49', '2023-10-24 03:28:49'),
(639, 13, 28, 880, 'masters', '2023-10-24 03:28:49', '2023-10-24 03:28:49'),
(640, 13, 28, 881, 'masters', '2023-10-24 03:28:49', '2023-10-24 03:28:49'),
(641, 13, 28, 882, 'masters', '2023-10-24 03:28:49', '2023-10-24 03:28:49'),
(642, 13, 28, 883, 'masters', '2023-10-24 03:28:49', '2023-10-24 03:28:49'),
(643, 13, 28, 884, 'masters', '2023-10-24 03:28:49', '2023-10-24 03:28:49'),
(644, 13, 28, 885, 'masters', '2023-10-24 03:28:49', '2023-10-24 03:28:49'),
(645, 13, 28, 886, 'masters', '2023-10-24 03:28:49', '2023-10-24 03:28:49'),
(646, 13, 28, 887, 'masters', '2023-10-24 03:28:49', '2023-10-24 03:28:49'),
(647, 13, 28, 888, 'masters', '2023-10-24 03:28:49', '2023-10-24 03:28:49'),
(648, 13, 28, 889, 'masters', '2023-10-24 03:28:49', '2023-10-24 03:28:49'),
(649, 13, 28, 890, 'masters', '2023-10-24 03:28:49', '2023-10-24 03:28:49'),
(650, 13, 28, 891, 'masters', '2023-10-24 03:28:49', '2023-10-24 03:28:49'),
(651, 13, 28, 892, 'masters', '2023-10-24 03:28:49', '2023-10-24 03:28:49'),
(652, 13, 28, 893, 'masters', '2023-10-24 03:28:49', '2023-10-24 03:28:49'),
(653, 13, 28, 894, 'masters', '2023-10-24 03:28:49', '2023-10-24 03:28:49'),
(654, 13, 28, 895, 'masters', '2023-10-24 03:28:49', '2023-10-24 03:28:49'),
(655, 13, 28, 896, 'masters', '2023-10-24 03:28:49', '2023-10-24 03:28:49'),
(656, 13, 28, 897, 'masters', '2023-10-24 03:28:49', '2023-10-24 03:28:49'),
(657, 13, 28, 898, 'masters', '2023-10-24 03:28:49', '2023-10-24 03:28:49'),
(658, 13, 28, 899, 'masters', '2023-10-24 03:28:49', '2023-10-24 03:28:49'),
(659, 13, 28, 900, 'masters', '2023-10-24 03:28:49', '2023-10-24 03:28:49'),
(660, 13, 28, 901, 'masters', '2023-10-24 03:28:49', '2023-10-24 03:28:49'),
(661, 13, 28, 902, 'masters', '2023-10-24 03:28:49', '2023-10-24 03:28:49'),
(662, 13, 28, 903, 'masters', '2023-10-24 03:28:49', '2023-10-24 03:28:49'),
(663, 13, 28, 904, 'masters', '2023-10-24 03:28:49', '2023-10-24 03:28:49'),
(664, 13, 28, 905, 'masters', '2023-10-24 03:28:49', '2023-10-24 03:28:49'),
(665, 13, 28, 906, 'masters', '2023-10-24 03:28:49', '2023-10-24 03:28:49'),
(666, 13, 28, 907, 'masters', '2023-10-24 03:28:49', '2023-10-24 03:28:49'),
(667, 13, 28, 908, 'masters', '2023-10-24 03:28:49', '2023-10-24 03:28:49'),
(668, 13, 28, 909, 'masters', '2023-10-24 03:28:49', '2023-10-24 03:28:49'),
(669, 13, 28, 910, 'masters', '2023-10-24 03:28:49', '2023-10-24 03:28:49'),
(670, 13, 28, 911, 'masters', '2023-10-24 03:28:49', '2023-10-24 03:28:49'),
(671, 13, 28, 912, 'masters', '2023-10-24 03:28:49', '2023-10-24 03:28:49'),
(672, 13, 28, 913, 'masters', '2023-10-24 03:28:49', '2023-10-24 03:28:49'),
(673, 13, 28, 914, 'masters', '2023-10-24 03:28:49', '2023-10-24 03:28:49'),
(674, 13, 28, 915, 'masters', '2023-10-24 03:28:49', '2023-10-24 03:28:49'),
(675, 13, 28, 916, 'masters', '2023-10-24 03:28:49', '2023-10-24 03:28:49'),
(676, 13, 28, 917, 'masters', '2023-10-24 03:28:49', '2023-10-24 03:28:49'),
(677, 13, 28, 918, 'masters', '2023-10-24 03:28:49', '2023-10-24 03:28:49'),
(678, 13, 28, 919, 'masters', '2023-10-24 03:28:49', '2023-10-24 03:28:49'),
(679, 13, 28, 920, 'masters', '2023-10-24 03:28:49', '2023-10-24 03:28:49'),
(680, 13, 28, 921, 'masters', '2023-10-24 03:28:49', '2023-10-24 03:28:49'),
(681, 13, 28, 922, 'masters', '2023-10-24 03:28:49', '2023-10-24 03:28:49'),
(682, 13, 28, 923, 'masters', '2023-10-24 03:28:49', '2023-10-24 03:28:49'),
(683, 13, 28, 924, 'masters', '2023-10-24 03:28:49', '2023-10-24 03:28:49'),
(684, 13, 28, 925, 'masters', '2023-10-24 03:28:49', '2023-10-24 03:28:49'),
(685, 13, 28, 926, 'masters', '2023-10-24 03:28:49', '2023-10-24 03:28:49'),
(686, 13, 28, 927, 'masters', '2023-10-24 03:28:49', '2023-10-24 03:28:49'),
(687, 13, 28, 928, 'masters', '2023-10-24 03:28:49', '2023-10-24 03:28:49'),
(688, 13, 28, 929, 'masters', '2023-10-24 03:28:49', '2023-10-24 03:28:49'),
(689, 13, 28, 930, 'masters', '2023-10-24 03:28:49', '2023-10-24 03:28:49'),
(690, 13, 28, 931, 'masters', '2023-10-24 03:28:49', '2023-10-24 03:28:49'),
(691, 13, 28, 932, 'masters', '2023-10-24 03:28:49', '2023-10-24 03:28:49'),
(692, 13, 28, 933, 'masters', '2023-10-24 03:28:49', '2023-10-24 03:28:49'),
(693, 13, 28, 934, 'masters', '2023-10-24 03:28:49', '2023-10-24 03:28:49'),
(694, 13, 28, 935, 'masters', '2023-10-24 03:28:49', '2023-10-24 03:28:49'),
(695, 13, 28, 936, 'masters', '2023-10-24 03:28:49', '2023-10-24 03:28:49'),
(696, 13, 28, 937, 'masters', '2023-10-24 03:28:49', '2023-10-24 03:28:49'),
(697, 13, 28, 938, 'masters', '2023-10-24 03:28:49', '2023-10-24 03:28:49'),
(698, 13, 28, 939, 'masters', '2023-10-24 03:28:49', '2023-10-24 03:28:49'),
(738, 13, 20, 459, 'graduation', '2023-10-24 03:29:41', '2023-10-24 03:29:41'),
(739, 13, 20, 460, 'graduation', '2023-10-24 03:29:41', '2023-10-24 03:29:41'),
(740, 13, 20, 461, 'graduation', '2023-10-24 03:29:41', '2023-10-24 03:29:41'),
(741, 13, 20, 462, 'graduation', '2023-10-24 03:29:41', '2023-10-24 03:29:41'),
(742, 13, 20, 463, 'graduation', '2023-10-24 03:29:41', '2023-10-24 03:29:41'),
(743, 13, 20, 464, 'graduation', '2023-10-24 03:29:41', '2023-10-24 03:29:41'),
(744, 13, 20, 465, 'graduation', '2023-10-24 03:29:41', '2023-10-24 03:29:41'),
(745, 13, 20, 466, 'graduation', '2023-10-24 03:29:41', '2023-10-24 03:29:41'),
(746, 13, 20, 467, 'graduation', '2023-10-24 03:29:41', '2023-10-24 03:29:41'),
(747, 13, 20, 468, 'graduation', '2023-10-24 03:29:41', '2023-10-24 03:29:41'),
(748, 13, 20, 469, 'graduation', '2023-10-24 03:29:41', '2023-10-24 03:29:41'),
(749, 13, 20, 470, 'graduation', '2023-10-24 03:29:41', '2023-10-24 03:29:41'),
(750, 13, 20, 471, 'graduation', '2023-10-24 03:29:41', '2023-10-24 03:29:41'),
(751, 13, 20, 472, 'graduation', '2023-10-24 03:29:41', '2023-10-24 03:29:41'),
(752, 13, 20, 473, 'graduation', '2023-10-24 03:29:41', '2023-10-24 03:29:41'),
(753, 13, 20, 474, 'graduation', '2023-10-24 03:29:41', '2023-10-24 03:29:41'),
(754, 13, 20, 475, 'graduation', '2023-10-24 03:29:41', '2023-10-24 03:29:41'),
(755, 13, 20, 476, 'graduation', '2023-10-24 03:29:41', '2023-10-24 03:29:41'),
(756, 13, 20, 477, 'graduation', '2023-10-24 03:29:41', '2023-10-24 03:29:41'),
(757, 13, 20, 478, 'graduation', '2023-10-24 03:29:41', '2023-10-24 03:29:41'),
(758, 13, 20, 480, 'graduation', '2023-10-24 03:29:41', '2023-10-24 03:29:41'),
(759, 13, 20, 481, 'graduation', '2023-10-24 03:29:41', '2023-10-24 03:29:41'),
(760, 13, 20, 482, 'graduation', '2023-10-24 03:29:41', '2023-10-24 03:29:41'),
(761, 13, 20, 483, 'graduation', '2023-10-24 03:29:41', '2023-10-24 03:29:41'),
(762, 13, 20, 484, 'graduation', '2023-10-24 03:29:41', '2023-10-24 03:29:41'),
(763, 13, 20, 485, 'graduation', '2023-10-24 03:29:41', '2023-10-24 03:29:41'),
(764, 13, 20, 486, 'graduation', '2023-10-24 03:29:41', '2023-10-24 03:29:41'),
(765, 13, 20, 487, 'graduation', '2023-10-24 03:29:41', '2023-10-24 03:29:41'),
(766, 13, 20, 488, 'graduation', '2023-10-24 03:29:41', '2023-10-24 03:29:41'),
(767, 13, 20, 489, 'graduation', '2023-10-24 03:29:41', '2023-10-24 03:29:41'),
(768, 13, 20, 490, 'graduation', '2023-10-24 03:29:41', '2023-10-24 03:29:41'),
(769, 13, 20, 491, 'graduation', '2023-10-24 03:29:41', '2023-10-24 03:29:41'),
(770, 13, 20, 492, 'graduation', '2023-10-24 03:29:41', '2023-10-24 03:29:41'),
(771, 13, 20, 493, 'graduation', '2023-10-24 03:29:41', '2023-10-24 03:29:41'),
(772, 13, 20, 494, 'graduation', '2023-10-24 03:29:41', '2023-10-24 03:29:41'),
(773, 13, 20, 495, 'graduation', '2023-10-24 03:29:41', '2023-10-24 03:29:41'),
(774, 13, 20, 496, 'graduation', '2023-10-24 03:29:41', '2023-10-24 03:29:41'),
(775, 13, 20, 497, 'graduation', '2023-10-24 03:29:41', '2023-10-24 03:29:41');

-- --------------------------------------------------------

--
-- Table structure for table `jb18_migrations`
--

CREATE TABLE `jb18_migrations` (
  `id` int(10) UNSIGNED NOT NULL,
  `migration` varchar(255) NOT NULL,
  `batch` int(11) NOT NULL
) ENGINE=InnoDB DEFAULT CHARSET=utf8mb4 COLLATE=utf8mb4_unicode_ci;

--
-- Dumping data for table `jb18_migrations`
--

INSERT INTO `jb18_migrations` (`id`, `migration`, `batch`) VALUES
(1, '2014_10_12_000000_create_users_table', 1),
(2, '2014_10_12_100000_create_password_resets_table', 1),
(3, '2019_08_19_000000_create_failed_jobs_table', 1),
(4, '2019_12_14_000001_create_personal_access_tokens_table', 1),
(5, '2023_01_18_155305_create_permission_tables', 1);

-- --------------------------------------------------------

--
-- Table structure for table `jb18_model_has_permissions`
--

CREATE TABLE `jb18_model_has_permissions` (
  `permission_id` bigint(20) UNSIGNED NOT NULL,
  `model_type` varchar(255) NOT NULL,
  `model_id` bigint(20) UNSIGNED NOT NULL
) ENGINE=InnoDB DEFAULT CHARSET=utf8mb4 COLLATE=utf8mb4_unicode_ci;

-- --------------------------------------------------------

--
-- Table structure for table `jb18_model_has_roles`
--

CREATE TABLE `jb18_model_has_roles` (
  `role_id` bigint(20) UNSIGNED NOT NULL,
  `model_type` varchar(255) NOT NULL,
  `model_id` bigint(20) UNSIGNED NOT NULL
) ENGINE=InnoDB DEFAULT CHARSET=utf8mb4 COLLATE=utf8mb4_unicode_ci;

--
-- Dumping data for table `jb18_model_has_roles`
--

INSERT INTO `jb18_model_has_roles` (`role_id`, `model_type`, `model_id`) VALUES
(1, 'App\\Models\\User', 1);

-- --------------------------------------------------------

--
-- Table structure for table `jb18_password_resets`
--

CREATE TABLE `jb18_password_resets` (
  `email` varchar(255) NOT NULL,
  `token` varchar(255) NOT NULL,
  `created_at` timestamp NULL DEFAULT NULL
) ENGINE=InnoDB DEFAULT CHARSET=utf8mb4 COLLATE=utf8mb4_unicode_ci;

-- --------------------------------------------------------

--
-- Table structure for table `jb18_permissions`
--

CREATE TABLE `jb18_permissions` (
  `id` bigint(20) UNSIGNED NOT NULL,
  `name` varchar(255) NOT NULL,
  `guard_name` varchar(255) NOT NULL,
  `created_at` timestamp NULL DEFAULT NULL,
  `updated_at` timestamp NULL DEFAULT NULL
) ENGINE=InnoDB DEFAULT CHARSET=utf8mb4 COLLATE=utf8mb4_unicode_ci;

--
-- Dumping data for table `jb18_permissions`
--

INSERT INTO `jb18_permissions` (`id`, `name`, `guard_name`, `created_at`, `updated_at`) VALUES
(1, 'role-list', 'web', '2023-01-18 10:25:45', '2023-01-18 10:25:45'),
(2, 'role-create', 'web', '2023-01-18 10:25:45', '2023-01-18 10:25:45'),
(3, 'role-edit', 'web', '2023-01-18 10:25:45', '2023-01-18 10:25:45'),
(4, 'role-delete', 'web', '2023-01-18 10:25:45', '2023-01-18 10:25:45'),
(5, 'user-list', 'web', '2023-01-18 10:25:45', '2023-01-18 10:25:45'),
(6, 'user-create', 'web', '2023-01-18 10:25:45', '2023-01-18 10:25:45'),
(7, 'user-edit', 'web', '2023-01-18 10:25:45', '2023-01-18 10:25:45'),
(8, 'user-delete', 'web', '2023-01-18 10:25:45', '2023-01-18 10:25:45');

-- --------------------------------------------------------

--
-- Table structure for table `jb18_personal_access_tokens`
--

CREATE TABLE `jb18_personal_access_tokens` (
  `id` bigint(20) UNSIGNED NOT NULL,
  `tokenable_type` varchar(255) NOT NULL,
  `tokenable_id` bigint(20) UNSIGNED NOT NULL,
  `name` varchar(255) NOT NULL,
  `token` varchar(64) NOT NULL,
  `abilities` text DEFAULT NULL,
  `last_used_at` timestamp NULL DEFAULT NULL,
  `expires_at` timestamp NULL DEFAULT NULL,
  `created_at` timestamp NULL DEFAULT NULL,
  `updated_at` timestamp NULL DEFAULT NULL
) ENGINE=InnoDB DEFAULT CHARSET=utf8mb4 COLLATE=utf8mb4_unicode_ci;

-- --------------------------------------------------------

--
-- Table structure for table `jb18_roles`
--

CREATE TABLE `jb18_roles` (
  `id` bigint(20) UNSIGNED NOT NULL,
  `name` varchar(255) NOT NULL,
  `guard_name` varchar(255) NOT NULL,
  `created_at` timestamp NULL DEFAULT NULL,
  `updated_at` timestamp NULL DEFAULT NULL
) ENGINE=InnoDB DEFAULT CHARSET=utf8mb4 COLLATE=utf8mb4_unicode_ci;

--
-- Dumping data for table `jb18_roles`
--

INSERT INTO `jb18_roles` (`id`, `name`, `guard_name`, `created_at`, `updated_at`) VALUES
(1, 'Admin', 'web', '2023-01-18 10:28:57', '2023-01-18 10:28:57');

-- --------------------------------------------------------

--
-- Table structure for table `jb18_role_has_permissions`
--

CREATE TABLE `jb18_role_has_permissions` (
  `permission_id` bigint(20) UNSIGNED NOT NULL,
  `role_id` bigint(20) UNSIGNED NOT NULL
) ENGINE=InnoDB DEFAULT CHARSET=utf8mb4 COLLATE=utf8mb4_unicode_ci;

--
-- Dumping data for table `jb18_role_has_permissions`
--

INSERT INTO `jb18_role_has_permissions` (`permission_id`, `role_id`) VALUES
(1, 1),
(2, 1),
(3, 1),
(4, 1),
(5, 1),
(6, 1),
(7, 1),
(8, 1);

-- --------------------------------------------------------

--
-- Table structure for table `jb18_users`
--

CREATE TABLE `jb18_users` (
  `id` bigint(20) UNSIGNED NOT NULL,
  `name` varchar(255) NOT NULL,
  `email` varchar(255) NOT NULL,
  `email_verified_at` timestamp NULL DEFAULT NULL,
  `password` varchar(255) NOT NULL,
  `remember_token` varchar(100) DEFAULT NULL,
  `created_at` timestamp NULL DEFAULT NULL,
  `updated_at` timestamp NULL DEFAULT NULL
) ENGINE=InnoDB DEFAULT CHARSET=utf8mb4 COLLATE=utf8mb4_unicode_ci;

--
-- Dumping data for table `jb18_users`
--

INSERT INTO `jb18_users` (`id`, `name`, `email`, `email_verified_at`, `password`, `remember_token`, `created_at`, `updated_at`) VALUES
(1, 'Jibon', 'jibon.bikash@gmail.com', NULL, '$2y$10$tmtFfsPkUOqgyHyFcs9K1ebmkBU88AeDhlRsZQQQujA5r8pHG.jqe', NULL, '2023-01-18 10:28:57', '2023-01-18 10:28:57');

--
-- Indexes for dumped tables
--

--
-- Indexes for table `jb18_applicants`
--
ALTER TABLE `jb18_applicants`
  ADD PRIMARY KEY (`id`),
  ADD KEY `job_id` (`job_id`),
  ADD KEY `name_bn` (`name_bn`),
  ADD KEY `name_en` (`name_en`),
  ADD KEY `father_name` (`father_name`),
  ADD KEY `mother_name` (`mother_name`),
  ADD KEY `mobile` (`mobile`);

--
-- Indexes for table `jb18_applicant_certificates`
--
ALTER TABLE `jb18_applicant_certificates`
  ADD PRIMARY KEY (`id`),
  ADD KEY `job_id` (`job_id`),
  ADD KEY `applicants_id` (`applicants_id`);

--
-- Indexes for table `jb18_applicant_educations`
--
ALTER TABLE `jb18_applicant_educations`
  ADD PRIMARY KEY (`id`),
  ADD KEY `job_id` (`job_id`);

--
-- Indexes for table `jb18_applicant_medicals`
--
ALTER TABLE `jb18_applicant_medicals`
  ADD PRIMARY KEY (`id`),
  ADD KEY `applicant_id` (`applicant_id`),
  ADD KEY `job_id` (`job_id`);

--
-- Indexes for table `jb18_applicant_practicals`
--
ALTER TABLE `jb18_applicant_practicals`
  ADD PRIMARY KEY (`id`),
  ADD KEY `applicant_id` (`applicant_id`),
  ADD KEY `job_id` (`job_id`);

--
-- Indexes for table `jb18_applicant_vivas`
--
ALTER TABLE `jb18_applicant_vivas`
  ADD PRIMARY KEY (`id`),
  ADD KEY `applicant_id` (`applicant_id`),
  ADD KEY `job_id` (`job_id`);

--
-- Indexes for table `jb18_boards`
--
ALTER TABLE `jb18_boards`
  ADD PRIMARY KEY (`id`);

--
-- Indexes for table `jb18_certificates`
--
ALTER TABLE `jb18_certificates`
  ADD PRIMARY KEY (`id`);

--
-- Indexes for table `jb18_district_upozilla`
--
ALTER TABLE `jb18_district_upozilla`
  ADD PRIMARY KEY (`id`),
  ADD KEY `zilla_id` (`zilla_id`);

--
-- Indexes for table `jb18_examlevels`
--
ALTER TABLE `jb18_examlevels`
  ADD PRIMARY KEY (`id`);

--
-- Indexes for table `jb18_examlevel_groups`
--
ALTER TABLE `jb18_examlevel_groups`
  ADD PRIMARY KEY (`id`),
  ADD KEY `examlevel_id` (`examlevel_id`);

--
-- Indexes for table `jb18_examlevel_subjects`
--
ALTER TABLE `jb18_examlevel_subjects`
  ADD PRIMARY KEY (`id`),
  ADD KEY `examlevel_id` (`examlevel_id`),
  ADD KEY `examlevel_group_id` (`examlevel_group_id`);

--
-- Indexes for table `jb18_failed_jobs`
--
ALTER TABLE `jb18_failed_jobs`
  ADD PRIMARY KEY (`id`),
  ADD UNIQUE KEY `jb18_failed_jobs_uuid_unique` (`uuid`);

--
-- Indexes for table `jb18_jobs`
--
ALTER TABLE `jb18_jobs`
  ADD PRIMARY KEY (`id`);

--
-- Indexes for table `jb18_job_applies`
--
ALTER TABLE `jb18_job_applies`
  ADD PRIMARY KEY (`id`),
  ADD KEY `job_id` (`job_id`),
  ADD KEY `user_id` (`applicants_id`),
  ADD KEY `token` (`token`);

--
-- Indexes for table `jb18_job_certificates`
--
ALTER TABLE `jb18_job_certificates`
  ADD PRIMARY KEY (`id`),
  ADD KEY `job_id` (`job_id`),
  ADD KEY `certificate_id` (`certificate_id`);

--
-- Indexes for table `jb18_job_exams`
--
ALTER TABLE `jb18_job_exams`
  ADD PRIMARY KEY (`id`),
  ADD KEY `job_id` (`job_id`),
  ADD KEY `examlevel_group_id` (`examlevel_group_id`);

--
-- Indexes for table `jb18_job_exam_subjects`
--
ALTER TABLE `jb18_job_exam_subjects`
  ADD PRIMARY KEY (`id`),
  ADD KEY `job_id` (`job_id`),
  ADD KEY `examlevel_group_id` (`examlevel_group_id`),
  ADD KEY `examlevel_subject_id` (`examlevel_subject_id`);

--
-- Indexes for table `jb18_migrations`
--
ALTER TABLE `jb18_migrations`
  ADD PRIMARY KEY (`id`);

--
-- Indexes for table `jb18_model_has_permissions`
--
ALTER TABLE `jb18_model_has_permissions`
  ADD PRIMARY KEY (`permission_id`,`model_id`,`model_type`),
  ADD KEY `model_has_permissions_model_id_model_type_index` (`model_id`,`model_type`);

--
-- Indexes for table `jb18_model_has_roles`
--
ALTER TABLE `jb18_model_has_roles`
  ADD PRIMARY KEY (`role_id`,`model_id`,`model_type`),
  ADD KEY `model_has_roles_model_id_model_type_index` (`model_id`,`model_type`);

--
-- Indexes for table `jb18_password_resets`
--
ALTER TABLE `jb18_password_resets`
  ADD PRIMARY KEY (`email`);

--
-- Indexes for table `jb18_permissions`
--
ALTER TABLE `jb18_permissions`
  ADD PRIMARY KEY (`id`),
  ADD UNIQUE KEY `jb18_permissions_name_guard_name_unique` (`name`,`guard_name`);

--
-- Indexes for table `jb18_personal_access_tokens`
--
ALTER TABLE `jb18_personal_access_tokens`
  ADD PRIMARY KEY (`id`),
  ADD UNIQUE KEY `jb18_personal_access_tokens_token_unique` (`token`),
  ADD KEY `jb18_personal_access_tokens_tokenable_type_tokenable_id_index` (`tokenable_type`,`tokenable_id`);

--
-- Indexes for table `jb18_roles`
--
ALTER TABLE `jb18_roles`
  ADD PRIMARY KEY (`id`),
  ADD UNIQUE KEY `jb18_roles_name_guard_name_unique` (`name`,`guard_name`);

--
-- Indexes for table `jb18_role_has_permissions`
--
ALTER TABLE `jb18_role_has_permissions`
  ADD PRIMARY KEY (`permission_id`,`role_id`),
  ADD KEY `jb18_role_has_permissions_role_id_foreign` (`role_id`);

--
-- Indexes for table `jb18_users`
--
ALTER TABLE `jb18_users`
  ADD PRIMARY KEY (`id`),
  ADD UNIQUE KEY `jb18_users_email_unique` (`email`);

--
-- AUTO_INCREMENT for dumped tables
--

--
-- AUTO_INCREMENT for table `jb18_applicants`
--
ALTER TABLE `jb18_applicants`
  MODIFY `id` int(11) NOT NULL AUTO_INCREMENT, AUTO_INCREMENT=5;

--
-- AUTO_INCREMENT for table `jb18_applicant_certificates`
--
ALTER TABLE `jb18_applicant_certificates`
  MODIFY `id` int(11) NOT NULL AUTO_INCREMENT, AUTO_INCREMENT=5;

--
-- AUTO_INCREMENT for table `jb18_applicant_educations`
--
ALTER TABLE `jb18_applicant_educations`
  MODIFY `id` int(11) NOT NULL AUTO_INCREMENT, AUTO_INCREMENT=17;

--
-- AUTO_INCREMENT for table `jb18_applicant_medicals`
--
ALTER TABLE `jb18_applicant_medicals`
  MODIFY `id` int(11) NOT NULL AUTO_INCREMENT;

--
-- AUTO_INCREMENT for table `jb18_applicant_practicals`
--
ALTER TABLE `jb18_applicant_practicals`
  MODIFY `id` int(11) NOT NULL AUTO_INCREMENT;

--
-- AUTO_INCREMENT for table `jb18_applicant_vivas`
--
ALTER TABLE `jb18_applicant_vivas`
  MODIFY `id` int(11) NOT NULL AUTO_INCREMENT, AUTO_INCREMENT=4;

--
-- AUTO_INCREMENT for table `jb18_boards`
--
ALTER TABLE `jb18_boards`
  MODIFY `id` int(11) NOT NULL AUTO_INCREMENT, AUTO_INCREMENT=260;

--
-- AUTO_INCREMENT for table `jb18_certificates`
--
ALTER TABLE `jb18_certificates`
  MODIFY `id` int(11) NOT NULL AUTO_INCREMENT, AUTO_INCREMENT=3;

--
-- AUTO_INCREMENT for table `jb18_district_upozilla`
--
ALTER TABLE `jb18_district_upozilla`
  MODIFY `id` int(11) NOT NULL AUTO_INCREMENT, AUTO_INCREMENT=551;

--
-- AUTO_INCREMENT for table `jb18_examlevels`
--
ALTER TABLE `jb18_examlevels`
  MODIFY `id` int(11) NOT NULL AUTO_INCREMENT, AUTO_INCREMENT=6;

--
-- AUTO_INCREMENT for table `jb18_examlevel_groups`
--
ALTER TABLE `jb18_examlevel_groups`
  MODIFY `id` int(11) NOT NULL AUTO_INCREMENT, AUTO_INCREMENT=37;

--
-- AUTO_INCREMENT for table `jb18_examlevel_subjects`
--
ALTER TABLE `jb18_examlevel_subjects`
  MODIFY `id` int(11) NOT NULL AUTO_INCREMENT, AUTO_INCREMENT=940;

--
-- AUTO_INCREMENT for table `jb18_failed_jobs`
--
ALTER TABLE `jb18_failed_jobs`
  MODIFY `id` bigint(20) UNSIGNED NOT NULL AUTO_INCREMENT;

--
-- AUTO_INCREMENT for table `jb18_jobs`
--
ALTER TABLE `jb18_jobs`
  MODIFY `id` int(11) NOT NULL AUTO_INCREMENT, AUTO_INCREMENT=15;

--
-- AUTO_INCREMENT for table `jb18_job_applies`
--
ALTER TABLE `jb18_job_applies`
  MODIFY `id` int(11) NOT NULL AUTO_INCREMENT, AUTO_INCREMENT=5;

--
-- AUTO_INCREMENT for table `jb18_job_certificates`
--
ALTER TABLE `jb18_job_certificates`
  MODIFY `id` int(11) NOT NULL AUTO_INCREMENT, AUTO_INCREMENT=7;

--
-- AUTO_INCREMENT for table `jb18_job_exams`
--
ALTER TABLE `jb18_job_exams`
  MODIFY `id` int(11) NOT NULL AUTO_INCREMENT, AUTO_INCREMENT=15;

--
-- AUTO_INCREMENT for table `jb18_job_exam_subjects`
--
ALTER TABLE `jb18_job_exam_subjects`
  MODIFY `id` int(11) NOT NULL AUTO_INCREMENT, AUTO_INCREMENT=776;

--
-- AUTO_INCREMENT for table `jb18_migrations`
--
ALTER TABLE `jb18_migrations`
  MODIFY `id` int(10) UNSIGNED NOT NULL AUTO_INCREMENT, AUTO_INCREMENT=6;

--
-- AUTO_INCREMENT for table `jb18_permissions`
--
ALTER TABLE `jb18_permissions`
  MODIFY `id` bigint(20) UNSIGNED NOT NULL AUTO_INCREMENT, AUTO_INCREMENT=9;

--
-- AUTO_INCREMENT for table `jb18_personal_access_tokens`
--
ALTER TABLE `jb18_personal_access_tokens`
  MODIFY `id` bigint(20) UNSIGNED NOT NULL AUTO_INCREMENT;

--
-- AUTO_INCREMENT for table `jb18_roles`
--
ALTER TABLE `jb18_roles`
  MODIFY `id` bigint(20) UNSIGNED NOT NULL AUTO_INCREMENT, AUTO_INCREMENT=2;

--
-- AUTO_INCREMENT for table `jb18_users`
--
ALTER TABLE `jb18_users`
  MODIFY `id` bigint(20) UNSIGNED NOT NULL AUTO_INCREMENT, AUTO_INCREMENT=2;

--
-- Constraints for dumped tables
--

--
-- Constraints for table `jb18_model_has_permissions`
--
ALTER TABLE `jb18_model_has_permissions`
  ADD CONSTRAINT `jb18_model_has_permissions_permission_id_foreign` FOREIGN KEY (`permission_id`) REFERENCES `jb18_permissions` (`id`) ON DELETE CASCADE;

--
-- Constraints for table `jb18_model_has_roles`
--
ALTER TABLE `jb18_model_has_roles`
  ADD CONSTRAINT `jb18_model_has_roles_role_id_foreign` FOREIGN KEY (`role_id`) REFERENCES `jb18_roles` (`id`) ON DELETE CASCADE;

--
-- Constraints for table `jb18_role_has_permissions`
--
ALTER TABLE `jb18_role_has_permissions`
  ADD CONSTRAINT `jb18_role_has_permissions_permission_id_foreign` FOREIGN KEY (`permission_id`) REFERENCES `jb18_permissions` (`id`) ON DELETE CASCADE,
  ADD CONSTRAINT `jb18_role_has_permissions_role_id_foreign` FOREIGN KEY (`role_id`) REFERENCES `jb18_roles` (`id`) ON DELETE CASCADE;
COMMIT;

/*!40101 SET CHARACTER_SET_CLIENT=@OLD_CHARACTER_SET_CLIENT */;
/*!40101 SET CHARACTER_SET_RESULTS=@OLD_CHARACTER_SET_RESULTS */;
/*!40101 SET COLLATION_CONNECTION=@OLD_COLLATION_CONNECTION */;
