-- phpMyAdmin SQL Dump
-- version 4.9.5deb2
-- https://www.phpmyadmin.net/
--
-- Host: localhost
-- Generation Time: Oct 05, 2023 at 03:58 PM
-- Server version: 10.3.38-MariaDB-0ubuntu0.20.04.1
-- PHP Version: 8.1.23

SET SQL_MODE = "NO_AUTO_VALUE_ON_ZERO";
SET AUTOCOMMIT = 0;
START TRANSACTION;
SET time_zone = "+00:00";


/*!40101 SET @OLD_CHARACTER_SET_CLIENT=@@CHARACTER_SET_CLIENT */;
/*!40101 SET @OLD_CHARACTER_SET_RESULTS=@@CHARACTER_SET_RESULTS */;
/*!40101 SET @OLD_COLLATION_CONNECTION=@@COLLATION_CONNECTION */;
/*!40101 SET NAMES utf8mb4 */;

--
-- Database: `biwtajob`
--

-- --------------------------------------------------------

--
-- Table structure for table `jb18_applicants`
--

CREATE TABLE `jb18_applicants` (
  `id` int(11) NOT NULL,
  `uuid` varchar(150) NOT NULL,
  `job_id` int(11) NOT NULL,
  `name_bn` varchar(250) NOT NULL,
  `name_en` varchar(250) NOT NULL,
  `nid` varchar(20) DEFAULT NULL,
  `brn` varchar(20) DEFAULT NULL COMMENT 'জন্ম নিবন্ধন নম্বর',
  `bday` varchar(20) NOT NULL,
  `bplace` varchar(50) NOT NULL,
  `father_name` varchar(250) NOT NULL,
  `mother_name` varchar(250) NOT NULL,
  `present_addrress` text DEFAULT NULL,
  `parmanent_address` text DEFAULT NULL,
  `mobile` varchar(20) DEFAULT NULL,
  `nationality` varchar(50) NOT NULL,
  `gender` varchar(10) NOT NULL,
  `religious` varchar(20) NOT NULL,
  `extra_qualification` text DEFAULT NULL,
  `experience` text DEFAULT NULL,
  `bank_draft` varchar(20) DEFAULT NULL,
  `bank_draft_date` varchar(20) DEFAULT NULL,
  `bank_details` text DEFAULT NULL,
  `division_appli` varchar(250) DEFAULT NULL,
  `quota_freedom` tinyint(1) DEFAULT NULL,
  `quota_tribal` tinyint(1) DEFAULT NULL,
  `quota_Handicapped` tinyint(1) DEFAULT NULL,
  `quota_orphanages` tinyint(1) DEFAULT NULL,
  `village_police` tinyint(1) DEFAULT NULL,
  `others_quota` tinyint(1) DEFAULT NULL,
  `quota` text DEFAULT NULL,
  `pa_house` varchar(250) DEFAULT NULL COMMENT 'present',
  `pa_village` varchar(250) DEFAULT NULL,
  `pa_union` varchar(250) DEFAULT NULL,
  `pa_postoffice` varchar(250) DEFAULT NULL,
  `pa_postcode` varchar(250) DEFAULT NULL,
  `pa_upozilla` varchar(150) DEFAULT NULL,
  `pa_zilla` varchar(150) DEFAULT NULL,
  `pr_house` varchar(250) DEFAULT NULL,
  `pr_village` varchar(250) DEFAULT NULL,
  `pr_union` varchar(250) DEFAULT NULL,
  `pr_postoffice` varchar(250) DEFAULT NULL,
  `pr_postcode` varchar(250) DEFAULT NULL,
  `pr_upozilla` varchar(150) DEFAULT NULL,
  `pr_zilla` varchar(150) DEFAULT NULL,
  `occupation` varchar(250) DEFAULT NULL,
  `picture` varchar(250) DEFAULT NULL,
  `signature` varchar(250) DEFAULT NULL,
  `job_circular` varchar(255) DEFAULT NULL,
  `experienceyear` varchar(200) DEFAULT NULL,
  `experiencemonth` varchar(1000) DEFAULT NULL,
  `age` varchar(10) DEFAULT NULL,
  `code` varchar(20) DEFAULT NULL,
  `eligible` tinyint(1) DEFAULT 0 COMMENT '0=initialized, 1=Submited, 2=eligible',
  `jobcurday` varchar(200) DEFAULT NULL,
  `repetition` varchar(100) DEFAULT NULL,
  `created_at` timestamp NULL DEFAULT current_timestamp(),
  `updated_at` timestamp NULL DEFAULT NULL ON UPDATE current_timestamp(),
  `deleted_at` timestamp NULL DEFAULT NULL
) ENGINE=InnoDB DEFAULT CHARSET=utf8 COLLATE=utf8_general_ci;

--
-- Dumping data for table `jb18_applicants`
--

INSERT INTO `jb18_applicants` (`id`, `uuid`, `job_id`, `name_bn`, `name_en`, `nid`, `brn`, `bday`, `bplace`, `father_name`, `mother_name`, `present_addrress`, `parmanent_address`, `mobile`, `nationality`, `gender`, `religious`, `extra_qualification`, `experience`, `bank_draft`, `bank_draft_date`, `bank_details`, `division_appli`, `quota_freedom`, `quota_tribal`, `quota_Handicapped`, `quota_orphanages`, `village_police`, `others_quota`, `quota`, `pa_house`, `pa_village`, `pa_union`, `pa_postoffice`, `pa_postcode`, `pa_upozilla`, `pa_zilla`, `pr_house`, `pr_village`, `pr_union`, `pr_postoffice`, `pr_postcode`, `pr_upozilla`, `pr_zilla`, `occupation`, `picture`, `signature`, `job_circular`, `experienceyear`, `experiencemonth`, `age`, `code`, `eligible`, `jobcurday`, `repetition`, `created_at`, `updated_at`, `deleted_at`) VALUES
(1, '98819fe4-e011-4156-8dc7-281b5c58ce2d', 9, 'প্রার্থীর নাম বাংলায়', 'Jibon', '3323004133516', NULL, '02-02-2003', '26', 'পিতার', 'পিতার', NULL, NULL, '01911650510', 'বাংলাদেশী', 'পুরুষ', 'ইসলাম', 'gfnhmhjh', 'আছে', '', '', '', 'হ্যাঁ', 0, 0, 0, 0, 0, 0, NULL, NULL, NULL, NULL, '1212', '1212', '143', '41', NULL, NULL, NULL, '1212', '1212', '143', '41', NULL, '1676825007-1511379289.png', '1676825007-1543142399_signature.jpg', '', '৬', 'gfjhj', '', '', 0, '', '0', '2023-02-19 10:43:27', '2023-10-03 16:52:17', NULL),
(2, '98d20376-c6a7-4969-aa34-f3dc88bbc0db', 9, 'Jibon', 'Jibon', '3323004133516', NULL, '03-01-2004', '61', 'পিতার11', 'পিতার11', NULL, NULL, '01911650510', 'বাংলাদেশী', 'পুরুষ', 'ইসলাম', 'jkk', 'আছে', '', '', '', 'না', 0, 0, 0, 0, 0, 0, NULL, '1212', 'gvbn', 'fvb', '1212', '1212', '183', '59', '1212', 'gvbn', 'fvb', '1212', '1212', '183', '59', 'wfsrgf', '2023/wertrtggh/1680277686-1291843883.png', '2023/wertrtggh/1680277686-801816407_signature.png', '', '২', 'jkjkjk', '', '1687587639636', 1, NULL, '0', '2023-03-31 09:48:06', '2023-10-03 16:52:19', NULL),
(3, '995e5d3c-ec48-4800-97e8-620f820a911a', 12, 'Jibonggfhhgh', 'Jibon', 'wewefdfdf', NULL, '06-01-1993', '10', 'qwefwr', 'ert', NULL, NULL, '01911650510', 'বাংলাদেশী', 'পুরুষ', 'ইসলাম', 'rtrty', 'আছে', '', '', '', 'না', 0, 0, 0, 0, 0, 0, NULL, 'dfdf', 'dfdf', 'dfdsf', 'dfdf', '1212', '159', '10', 'dfdf', 'dfdf', 'dfdsf', 'dfdf', '1212', '159', '10', 'df', '2023/JOB_1223/1686305702-1223094080.jpeg', '2023/JOB_1223/1686305702-1992304580_signature.png', '', '৭', 'tyty', '', '1686306956630', 1, NULL, '0', '2023-06-09 04:15:02', '2023-06-09 04:35:56', NULL),
(5, '995eb053-6ae7-4e38-8e2b-fdebdbf0f38d', 12, 'Jibon', 'Jibon', 'wddfdfd', NULL, '06-01-1993', '26', 'dfdsfd', 'dfdsf', NULL, NULL, '01911650510', 'বাংলাদেশী', 'পুরুষ', 'ইসলাম', 'gthghgh', 'আছে', '', '', '', 'হ্যাঁ', 0, 0, 0, 0, 0, 0, NULL, 'dfdsfd', 'dfdf', 'dfdsf', 'dfdf', '1212', '192', '7', 'dfdsfd', 'dfdf', 'dfdsf', 'dfdf', '1212', '192', '7', 'dfdf', '2023/JOB_1223/1686319642-1273094339.jpeg', '2023/JOB_1223/1686319642-1029896180_signature.png', '', '৭', 'অভিজ্ঞতার বিবরণ (যদি থাকে)', '', '', 1, NULL, '0', '2023-06-09 08:07:22', '2023-10-03 16:52:23', NULL),
(9, '9964f6fd-5dec-4919-8d75-83f32fc2cda9', 12, 'Jibon', 'Jibon', '3323004133516', NULL, '06-02-1994', '14', 'পিতার', 'পিতার', NULL, NULL, '01911650510', 'বাংলাদেশী', 'পুরুষ', 'ইসলাম', 'ghngnm', 'আছে', '', '', '', 'না', 0, 0, 0, 0, 0, 0, NULL, '1212', 'gvbn', 'fvb', '1212', '1212', '83', '14', '1212', 'gvbn', 'fvb', '1212', '1212', '96', '62', 'rrgfg', '2023/JOB_1223/1686589195-1004458563.jpeg', '2023/JOB_1223/1686589195-2051798921_signature.png', '', '১১', 'bnbnb', '', '1686592189721', 1, NULL, '0', '2023-06-12 10:59:55', '2023-06-12 11:50:01', NULL),
(10, '9966f498-9587-4bd3-a85b-33a6863890a0', 11, 'Jibon', 'Jibon', '3323004133516', NULL, '06-11-2023', '54', 'পিতার', 'পিতার', NULL, NULL, '01911650510', 'বাংলাদেশী', 'পুরুষ', 'ইসলাম', 'hjj', 'আছে', '', '', '', 'না', 0, 0, 0, 0, 0, 0, NULL, '1212', 'gvbn', 'fvb', '1212', '1212', '201', '32', '1212', 'gvbn', 'fvb', '1212', '1212', '201', '32', 'rrgfg', '2023/34343/1686674693-1132196407.jpg', '2023/34343/1686674693-139658206_signature.png', '', '৯', 'hjhj', '', '', 0, NULL, '0', '2023-06-13 10:44:53', '2023-06-13 10:44:53', NULL),
(12, '997c3d48-9dba-4a5a-a3de-f702f6b014f8', 12, 'প্রার্থীর নাম বাংলায়', 'প্রার্থীর নাম ইংরেজীতে', '3323004133516', NULL, '06-04-2023', '32', 'পিতার নাম', 'মাতার নাম', NULL, NULL, '01911650510', 'বাংলাদেশী', 'পুরুষ', 'ইসলাম', 'hyjhjh', 'আছে', '', '', '', 'না', 0, 0, 0, 0, 0, 0, NULL, '1212', 'gvbn', 'fvb', '1212', '1212', '169', '61', '1212', 'gvbn', 'fvb', '1212', '1212', '169', '61', 'gffh পেশা', '2023/JOB_1223/1687588831-1145854678.jpg', '2023/JOB_1223/1687588831-326806373_signature.png', '', '৮', 'hjkj', '', '1687604646838', 1, NULL, '0', '2023-06-24 00:40:31', '2023-10-03 16:52:27', NULL),
(13, '99864e8d-11b5-45dc-9fc8-dbcea92576dc', 12, 'Jibon প্রার্থীর নাম বাংলায়', 'প্রার্থীর নাম ইংরেজীতে (বড় অক্ষরে)', '3323004133516', NULL, '1983-06-02', '44', 'পিতার নাম', 'মাতার নাম', NULL, NULL, '01911650510', 'বাংলাদেশী', 'পুরুষ', 'ইসলাম', 'bfh', 'আছে', '', '', '', 'হ্যাঁ', 0, 0, 0, 0, 0, 0, NULL, 'effg', 'fgfdg', 'fgfg', 'Dhaka', '1212', '216', '43', 'effg', 'fgfdg', 'fgfg', 'Dhaka', '1212', '216', '43', 'gffh পেশা', '2023/JOB_1223/1688021225-1796909478.jpeg', '2023/JOB_1223/1688021225-268989823_signature.png', '', '৮', 'ghh', '', '', 0, NULL, '0', '2023-06-29 06:47:05', '2023-10-03 16:52:32', NULL),
(14, '998664e7-96c2-451c-8e5a-858b7c81ad67', 12, 'Jibon', 'Jibon', '3323004133516', NULL, '1994-06-03', '32', 'পিতার নাম', 'পিতার', NULL, NULL, '01911650510', 'বাংলাদেশী', 'পুরুষ', 'ইসলাম', 'ffg', 'আছে', '', '', '', 'হ্যাঁ', 0, 0, 0, 0, 0, 0, NULL, '1212', 'gvbn', 'fvb', '1212', '1212', '216', '43', '1212', 'gvbn', 'fvb', '1212', '1212', '216', '43', 'rrgfg', '2023/JOB_1223/1688024975-907114427.jpeg', '2023/JOB_1223/1688024975-836580031_signature.png', '', '৮', 'fgfg', '', '1688025754345', 1, NULL, '0', '2023-06-29 07:49:35', '2023-10-03 16:52:36', NULL),
(15, '99891e2f-7eff-4ea9-b209-94331ad23d23', 13, 'JIbon বাংলায়', 'JIBON BIKASH ROY', '3323004133516', NULL, '1993-06-09', '6', 'পিতার নাম', 'মাতার নাম', NULL, NULL, '01911650510', 'বাংলাদেশী', 'পুরুষ', 'ইসলাম', 'wdsd', NULL, '', '', '', NULL, 0, 0, 0, 0, 0, 0, NULL, 'R#3', 'Cha-Bagan', '29', '1212', '1212', '169', '61', 'R#3', 'Cha-Bagan', '29', '1212', '1212', '169', '61', NULL, '2023/০৪/২০২৩/1688141959-1322169872.jpeg', '2023/০৪/২০২৩/1688141959-1169493751_signature.jpg', '', '১২', NULL, '', '1688142735895', 0, NULL, '0', '2023-06-30 16:19:19', '2023-06-30 16:32:15', NULL),
(16, '998b183a-7dc2-4719-98b5-306d91b35d73', 13, 'Bikash Roy', 'JIBON BIKASH ROY', '3323004133516', NULL, '1993-07-08', '59', 'পিতার নাম', 'মাতার নাম', NULL, NULL, '01911650510', 'বাংলাদেশী', 'পুরুষ', 'ইসলাম', NULL, NULL, '', '', '', NULL, 0, 0, 0, 0, 0, 0, NULL, NULL, NULL, NULL, 'Gazipur', '1212', '143', '41', NULL, NULL, NULL, 'Gazipur', '1212', '143', '41', NULL, '2023/০৪/২০২৩/1688226859-552705844.jpeg', '2023/০৪/২০২৩/1688226859-1568270521_signature.jpg', '', NULL, NULL, '', '1688228632967', 1, '2023-04-06', '0', '2023-07-01 15:54:19', '2023-07-01 10:24:05', NULL),
(18, '58ec1872-2398-4655-8b53-9dee48f45a9c', 13, 'জীবন বিকাশ রায়', 'Jibon', '', '১২১২১২১২১২১২১২', '1993-08-05', '62', 'পিতার নাম', 'মাতার নাম', NULL, NULL, '01911650510', 'বাংলাদেশী', 'পুরুষ', 'ইসলাম', NULL, '1', '', '', '', 'না', 0, 0, 0, 0, 0, 0, NULL, NULL, NULL, NULL, 'ঢাকা', '1212', '96', '62', NULL, NULL, NULL, 'ঢাকা', '1212', '96', '62', NULL, '2023/০৪/২০২৩/1691234075-358984313.png', '2023/০৪/২০২৩/1691234075-1626054167_signature.png', '', '5', NULL, '29.9', '', 0, '2023-07-01', '0', '2023-08-05 11:14:35', '2023-08-05 11:14:35', NULL),
(19, '524cc774-5c53-4e69-9bc0-424aac1709ce', 13, 'জীবন বিকাশ রায়', 'Jibon', '১২১২১২১২১২১২১২', '', '1993-08-05', '62', 'পিতার নাম', 'মাতার নাম', NULL, NULL, '01911650510', 'বাংলাদেশী', 'পুরুষ', 'ইসলাম', 'এক্সক্সফবভব', NULL, '', '', '', NULL, 0, 0, 0, 0, 0, 0, '[\"\\u09ae\\u09c1\\u0995\\u09cd\\u09a4\\u09bf\\u09af\\u09cb\\u09a6\\u09cd\\u09a7\\u09be \\/ \\u09b6\\u09b9\\u09c0\\u09a6 \\u09ae\\u09c1\\u0995\\u09cd\\u09a4\\u09bf\\u09af\\u09cb\\u09a6\\u09cd\\u09a7\\u09be\\u09b0 \\u09aa\\u09c1\\u09a4\\u09cd\\u09b0 -\\u0995\\u09a8\\u09cd\\u09af\\u09be\",\"\\u09ae\\u09c1\\u0995\\u09cd\\u09a4\\u09bf\\u09af\\u09cb\\u09a6\\u09cd\\u09a7\\u09be \\/ \\u09b6\\u09b9\\u09c0\\u09a6 \\u09ae\\u09c1\\u0995\\u09cd\\u09a4\\u09bf\\u09af\\u09cb\\u09a6\\u09cd\\u09a7\\u09be\\u09b0 \\u09aa\\u09c1\\u09a4\\u09cd\\u09b0 -\\u0995\\u09a8\\u09cd\\u09af\\u09be\\u09b0 \\u09aa\\u09c1\\u09a4\\u09cd\\u09b0 -\\u0995\\u09a8\\u09cd\\u09af\\u09be\",\"\\u0995\\u09cd\\u09b7\\u09c1\\u09a6\\u09cd\\u09b0 \\u09a8\\u09c3 -\\u0997\\u09cb\\u09b7\\u09cd\\u09a0\\u09c0\"]', NULL, 'gvbn', 'fvb', 'ঢাকা', '1212', '216', '43', NULL, 'gvbn', 'fvb', 'ঢাকা', '1212', '216', '43', NULL, '2023/০৪/২০২৩/1691235232-1369287858.png', '2023/০৪/২০২৩/1691235232-1809727380_signature.png', '', NULL, 'বনবন', '29.9', '1691245894065', 1, '2023-07-01', '1', '2023-08-05 11:33:52', '2023-08-05 16:11:07', NULL),
(20, '8350dda2-e240-4ffc-8240-9138b0166847', 13, 'Jibon', 'Jibon', '', '১২১২১২১২১২১২১২', '1994-08-04', '62', 'পিতার নাম', 'মাতার নাম', NULL, NULL, '01911650510', 'বাংলাদেশী', 'পুরুষ', 'ইসলাম', NULL, NULL, '', '', '', 'না', 0, 0, 0, 0, 0, 0, '[\"\\u09ae\\u09c1\\u0995\\u09cd\\u09a4\\u09bf\\u09af\\u09cb\\u09a6\\u09cd\\u09a7\\u09be \\/ \\u09b6\\u09b9\\u09c0\\u09a6 \\u09ae\\u09c1\\u0995\\u09cd\\u09a4\\u09bf\\u09af\\u09cb\\u09a6\\u09cd\\u09a7\\u09be\\u09b0 \\u09aa\\u09c1\\u09a4\\u09cd\\u09b0 -\\u0995\\u09a8\\u09cd\\u09af\\u09be\",\"\\u09ae\\u09c1\\u0995\\u09cd\\u09a4\\u09bf\\u09af\\u09cb\\u09a6\\u09cd\\u09a7\\u09be \\/ \\u09b6\\u09b9\\u09c0\\u09a6 \\u09ae\\u09c1\\u0995\\u09cd\\u09a4\\u09bf\\u09af\\u09cb\\u09a6\\u09cd\\u09a7\\u09be\\u09b0 \\u09aa\\u09c1\\u09a4\\u09cd\\u09b0 -\\u0995\\u09a8\\u09cd\\u09af\\u09be\\u09b0 \\u09aa\\u09c1\\u09a4\\u09cd\\u09b0 -\\u0995\\u09a8\\u09cd\\u09af\\u09be\"]', NULL, NULL, NULL, '1212', '1212', '208', '6', NULL, NULL, NULL, '1212', '1212', '208', '6', NULL, '2023/০৪/২০২৩/1691828794-1240869303.png', '2023/০৪/২০২৩/1691828794-297423626_signature.png', '', '2', NULL, '28.9', '', 0, '2023-07-01', NULL, '2023-08-12 08:26:34', '2023-08-12 08:26:34', NULL),
(21, '52f071be-7107-4059-8e19-720a9a700f09', 13, 'Jibon', 'Jibon', '', '১২১২১২১২১২১২১২', '1998-08-07', '62', 'পিতার নাম', 'মাতার নাম', NULL, NULL, '01911650510', 'বাংলাদেশী', 'পুরুষ', 'ইসলাম', 'ফঘগফহহ', NULL, '', '', '', 'না', 0, 0, 0, 0, 0, 0, '[\"\\u09ae\\u09c1\\u0995\\u09cd\\u09a4\\u09bf\\u09af\\u09cb\\u09a6\\u09cd\\u09a7\\u09be \\/ \\u09b6\\u09b9\\u09c0\\u09a6 \\u09ae\\u09c1\\u0995\\u09cd\\u09a4\\u09bf\\u09af\\u09cb\\u09a6\\u09cd\\u09a7\\u09be\\u09b0 \\u09aa\\u09c1\\u09a4\\u09cd\\u09b0 -\\u0995\\u09a8\\u09cd\\u09af\\u09be\",\"\\u09ae\\u09c1\\u0995\\u09cd\\u09a4\\u09bf\\u09af\\u09cb\\u09a6\\u09cd\\u09a7\\u09be \\/ \\u09b6\\u09b9\\u09c0\\u09a6 \\u09ae\\u09c1\\u0995\\u09cd\\u09a4\\u09bf\\u09af\\u09cb\\u09a6\\u09cd\\u09a7\\u09be\\u09b0 \\u09aa\\u09c1\\u09a4\\u09cd\\u09b0 -\\u0995\\u09a8\\u09cd\\u09af\\u09be\\u09b0 \\u09aa\\u09c1\\u09a4\\u09cd\\u09b0 -\\u0995\\u09a8\\u09cd\\u09af\\u09be\"]', NULL, NULL, NULL, '1212', '1212', '143', '41', NULL, NULL, NULL, '1212', '1212', '143', '41', NULL, '2023/০৪/২০২৩/1691829010-1011053423.png', '2023/০৪/২০২৩/1691829010-1727149066_signature.png', '', '৬', 'ঘঘঘ', '24.9', '1691830461739', 1, '2023-07-01', NULL, '2023-08-12 08:30:10', '2023-08-12 02:54:30', NULL),
(22, 'da5709ec-8107-49f3-a544-8e185767610a', 13, 'Jibon', 'Jibon', '১২১২১২১২১২১২১২', '', '1993-08-05', '62', 'পিতার নাম', 'মাতার নাম', NULL, NULL, '01911650510', 'বাংলাদেশী', 'পুরুষ', 'ইসলাম', 'ফগফগফহহ', NULL, '', '', '', 'না', 0, 0, 0, 0, 0, 0, '[\"\\u09ae\\u09c1\\u0995\\u09cd\\u09a4\\u09bf\\u09af\\u09cb\\u09a6\\u09cd\\u09a7\\u09be \\/ \\u09b6\\u09b9\\u09c0\\u09a6 \\u09ae\\u09c1\\u0995\\u09cd\\u09a4\\u09bf\\u09af\\u09cb\\u09a6\\u09cd\\u09a7\\u09be\\u09b0 \\u09aa\\u09c1\\u09a4\\u09cd\\u09b0 -\\u0995\\u09a8\\u09cd\\u09af\\u09be\",\"\\u09ae\\u09c1\\u0995\\u09cd\\u09a4\\u09bf\\u09af\\u09cb\\u09a6\\u09cd\\u09a7\\u09be \\/ \\u09b6\\u09b9\\u09c0\\u09a6 \\u09ae\\u09c1\\u0995\\u09cd\\u09a4\\u09bf\\u09af\\u09cb\\u09a6\\u09cd\\u09a7\\u09be\\u09b0 \\u09aa\\u09c1\\u09a4\\u09cd\\u09b0 -\\u0995\\u09a8\\u09cd\\u09af\\u09be\\u09b0 \\u09aa\\u09c1\\u09a4\\u09cd\\u09b0 -\\u0995\\u09a8\\u09cd\\u09af\\u09be\"]', NULL, NULL, NULL, 'ঢাকা', '1212', '208', '6', NULL, NULL, NULL, 'ঢাকা', '1212', '208', '6', NULL, '2023/০৪/২০২৩/1691853584-927368910.png', '2023/০৪/২০২৩/1691853584-86956827_signature.png', '', NULL, 'ফঘঘঘহ', '29.9', '1691855170180', 0, '2023-07-01', NULL, '2023-08-12 15:19:44', '2023-08-12 15:46:10', NULL),
(23, '329f0773-2401-45e0-b88c-2e753a1a2193', 13, 'Jibon', 'Jibon', '১২১২১২১২১২১২১২', '', '1998-08-06', '62', 'পিতার নাম', 'মাতার নাম', NULL, NULL, '01911650510', 'বাংলাদেশী', 'পুরুষ', 'ইসলাম', 'ভভচবন্ন', NULL, '', '', '', 'না', 0, 0, 0, 0, 0, 0, '[\"\\u09ae\\u09c1\\u0995\\u09cd\\u09a4\\u09bf\\u09af\\u09cb\\u09a6\\u09cd\\u09a7\\u09be \\/ \\u09b6\\u09b9\\u09c0\\u09a6 \\u09ae\\u09c1\\u0995\\u09cd\\u09a4\\u09bf\\u09af\\u09cb\\u09a6\\u09cd\\u09a7\\u09be\\u09b0 \\u09aa\\u09c1\\u09a4\\u09cd\\u09b0 -\\u0995\\u09a8\\u09cd\\u09af\\u09be\",\"\\u09ae\\u09c1\\u0995\\u09cd\\u09a4\\u09bf\\u09af\\u09cb\\u09a6\\u09cd\\u09a7\\u09be \\/ \\u09b6\\u09b9\\u09c0\\u09a6 \\u09ae\\u09c1\\u0995\\u09cd\\u09a4\\u09bf\\u09af\\u09cb\\u09a6\\u09cd\\u09a7\\u09be\\u09b0 \\u09aa\\u09c1\\u09a4\\u09cd\\u09b0 -\\u0995\\u09a8\\u09cd\\u09af\\u09be\\u09b0 \\u09aa\\u09c1\\u09a4\\u09cd\\u09b0 -\\u0995\\u09a8\\u09cd\\u09af\\u09be\"]', NULL, NULL, NULL, '1212', '1212', '197', '38', NULL, NULL, NULL, '1212', '1212', '197', '38', NULL, '2023/০৪/২০২৩/1691855864-1036864396.png', '2023/০৪/২০২৩/1691855864-1671382504_signature.png', '', '৭', 'ভবভবভবভ', '24.9', '1691856535217', 1, '2023-07-01', NULL, '2023-08-12 15:57:44', '2023-08-12 10:10:15', NULL),
(24, '5d7c9e58-6d70-4daf-8016-8d4ef9ed56b2', 13, 'Jibon', 'Jibon', '', '১২১২১২১২১২১২১২', '1968-08-01', '62', 'পিতার নাম', 'মাতার নাম', NULL, NULL, '01911650510', 'বাংলাদেশী', 'পুরুষ', 'ইসলাম', NULL, '1', '', '', '', 'হ্যাঁ', 0, 0, 0, 0, 0, 0, '[\"\\u09ae\\u09c1\\u0995\\u09cd\\u09a4\\u09bf\\u09af\\u09cb\\u09a6\\u09cd\\u09a7\\u09be \\/ \\u09b6\\u09b9\\u09c0\\u09a6 \\u09ae\\u09c1\\u0995\\u09cd\\u09a4\\u09bf\\u09af\\u09cb\\u09a6\\u09cd\\u09a7\\u09be\\u09b0 \\u09aa\\u09c1\\u09a4\\u09cd\\u09b0 -\\u0995\\u09a8\\u09cd\\u09af\\u09be\",\"\\u09ae\\u09c1\\u0995\\u09cd\\u09a4\\u09bf\\u09af\\u09cb\\u09a6\\u09cd\\u09a7\\u09be \\/ \\u09b6\\u09b9\\u09c0\\u09a6 \\u09ae\\u09c1\\u0995\\u09cd\\u09a4\\u09bf\\u09af\\u09cb\\u09a6\\u09cd\\u09a7\\u09be\\u09b0 \\u09aa\\u09c1\\u09a4\\u09cd\\u09b0 -\\u0995\\u09a8\\u09cd\\u09af\\u09be\\u09b0 \\u09aa\\u09c1\\u09a4\\u09cd\\u09b0 -\\u0995\\u09a8\\u09cd\\u09af\\u09be\"]', NULL, NULL, NULL, '1212', '1212', '197', '38', NULL, NULL, NULL, '1212', '1212', '197', '38', NULL, '2023/০৪/২০২৩/1692110962-166565037.png', '2023/০৪/২০২৩/1692110962-1845467476_signature.png', '', '1', NULL, '54.10', '', 0, '2023-07-01', '1', '2023-08-15 14:49:22', '2023-08-15 14:49:22', NULL),
(25, '55ace06a-0e8e-4d95-a612-78344302ccb0', 13, 'Jibon', 'Jibon', '', '১২১২১২১২১২১২১২', '1998-08-06', '14', 'পিতার নাম', 'মাতার নাম', NULL, NULL, '01911650510', 'বাংলাদেশী', 'পুরুষ', 'ইসলাম', 'ভব্য', NULL, '', '', '', 'না', 0, 0, 0, 0, 0, 0, '[\"\\u09ae\\u09c1\\u0995\\u09cd\\u09a4\\u09bf\\u09af\\u09cb\\u09a6\\u09cd\\u09a7\\u09be \\/ \\u09b6\\u09b9\\u09c0\\u09a6 \\u09ae\\u09c1\\u0995\\u09cd\\u09a4\\u09bf\\u09af\\u09cb\\u09a6\\u09cd\\u09a7\\u09be\\u09b0 \\u09aa\\u09c1\\u09a4\\u09cd\\u09b0 -\\u0995\\u09a8\\u09cd\\u09af\\u09be\",\"\\u09ae\\u09c1\\u0995\\u09cd\\u09a4\\u09bf\\u09af\\u09cb\\u09a6\\u09cd\\u09a7\\u09be \\/ \\u09b6\\u09b9\\u09c0\\u09a6 \\u09ae\\u09c1\\u0995\\u09cd\\u09a4\\u09bf\\u09af\\u09cb\\u09a6\\u09cd\\u09a7\\u09be\\u09b0 \\u09aa\\u09c1\\u09a4\\u09cd\\u09b0 -\\u0995\\u09a8\\u09cd\\u09af\\u09be\\u09b0 \\u09aa\\u09c1\\u09a4\\u09cd\\u09b0 -\\u0995\\u09a8\\u09cd\\u09af\\u09be\"]', NULL, NULL, NULL, '1212', '1212', '213', '44', NULL, NULL, NULL, '1212', '1212', '213', '44', NULL, '2023/০৪/২০২৩/1692981218-605088207.png', '2023/০৪/২০২৩/1692981218-901602054_signature.png', '', '৬', 'ভবভবভব', '24.9', '1692981550967', 0, '2023-07-01', NULL, '2023-08-25 16:33:38', '2023-08-25 16:39:10', NULL),
(26, 'c3f271fe-1e2a-406c-86a8-6d1f91e8a485', 13, 'Jibon', 'Jibon', '', '১২১২১২১২১২১২১২', '1987-08-01', '14', 'পিতার নাম', 'মাতার নাম', NULL, NULL, '01911650510', 'বাংলাদেশী', 'পুরুষ', 'ইসলাম', 'এক্সভ', '0', '', '', '', NULL, 0, 0, 0, 0, 0, 0, NULL, NULL, NULL, 'fvb', '1212', '1212', '201', '32', NULL, NULL, 'fvb', '1212', '1212', '201', '32', NULL, '2023/০৪/২০২৩/1693155541-931740567.png', '2023/০৪/২০২৩/1693155541-155156206_signature.png', '', '৭', 'ভবভবভব', '35.10', '', 1, '2023-07-01', '1', '2023-08-27 16:59:01', '2023-08-27 10:59:14', NULL);

-- --------------------------------------------------------

--
-- Table structure for table `jb18_applicant_certificates`
--

CREATE TABLE `jb18_applicant_certificates` (
  `id` int(11) NOT NULL,
  `applicants_id` int(11) NOT NULL,
  `job_id` int(11) NOT NULL,
  `edu_level` varchar(100) NOT NULL,
  `institute_name` varchar(250) NOT NULL,
  `duration` varchar(250) DEFAULT NULL,
  `certificate_no` varchar(150) NOT NULL,
  `certificate_expire` date NOT NULL,
  `created_at` timestamp NULL DEFAULT current_timestamp(),
  `updated_at` timestamp NULL DEFAULT NULL ON UPDATE current_timestamp(),
  `deleted_at` timestamp NULL DEFAULT NULL
) ENGINE=InnoDB DEFAULT CHARSET=utf8 COLLATE=utf8_general_ci;

--
-- Dumping data for table `jb18_applicant_certificates`
--

INSERT INTO `jb18_applicant_certificates` (`id`, `applicants_id`, `job_id`, `edu_level`, `institute_name`, `duration`, `certificate_no`, `certificate_expire`, `created_at`, `updated_at`, `deleted_at`) VALUES
(1, 5, 12, '1', 'rtrytyt', '1', '', '0000-00-00', '2023-06-09 08:07:22', '2023-06-09 08:07:22', NULL),
(12, 9, 12, '2', 'hbvnmm', '2', '', '0000-00-00', '2023-06-12 11:49:49', '2023-06-12 11:49:49', NULL),
(15, 12, 12, '2', 'hbvnmm প্রতিষ্ঠান নাম', '2', '', '0000-00-00', '2023-06-24 05:04:06', '2023-06-24 05:04:06', NULL),
(16, 13, 12, '1', 'hbvnmm প্রতিষ্ঠান নাম', '2', '', '0000-00-00', '2023-06-29 06:47:05', '2023-06-29 06:47:05', NULL),
(18, 14, 12, '2', 'hbvnmm প্রতিষ্ঠান নাম', '2', '', '0000-00-00', '2023-06-29 08:02:34', '2023-06-29 08:02:34', NULL),
(21, 15, 13, '2', 'hbvnmm প্রতিষ্ঠান নাম', '1', '', '0000-00-00', '2023-06-30 16:32:15', '2023-06-30 16:32:15', NULL),
(24, 16, 13, '2', 'সার্টিফিকেশন প্রতিষ্ঠান নাম', '1', '', '0000-00-00', '2023-07-01 16:23:52', '2023-07-01 16:23:52', NULL),
(25, 18, 13, '1', 'hbvnmm প্রতিষ্ঠান নাম', NULL, '11111', '2024-08-30', '2023-08-05 11:14:35', '2023-08-05 11:14:35', NULL),
(29, 19, 13, '2', 'hbvnmm প্রতিষ্ঠান নাম', NULL, '11111', '2023-08-31', '2023-08-05 14:31:34', '2023-08-05 14:31:34', NULL),
(30, 20, 13, '1', 'hbvnmm প্রতিষ্ঠান নাম', NULL, '11111', '2023-08-13', '2023-08-12 08:26:34', '2023-08-12 08:26:34', NULL),
(33, 21, 13, '2', 'hbvnmm প্রতিষ্ঠান নাম', NULL, '11111', '2023-08-06', '2023-08-12 08:54:21', '2023-08-12 08:54:21', NULL),
(36, 22, 13, '2', 'hbvnmm প্রতিষ্ঠান নাম', NULL, '11111', '2023-08-06', '2023-08-12 15:46:10', '2023-08-12 15:46:10', NULL),
(39, 23, 13, '2', 'hbvnmm প্রতিষ্ঠান নাম', NULL, '11111', '2023-08-13', '2023-08-12 16:08:55', '2023-08-12 16:08:55', NULL),
(40, 24, 13, '1', 'hbvnmm প্রতিষ্ঠান নামহ', NULL, '11111', '2023-08-06', '2023-08-15 14:49:22', '2023-08-15 14:49:22', NULL),
(44, 25, 13, '2', 'hbvnmm প্রতিষ্ঠান নাম', NULL, '11111', '2023-08-06', '2023-08-25 16:39:10', '2023-08-25 16:39:10', NULL),
(45, 26, 13, '1', 'hbvnmm প্রতিষ্ঠান নাম', NULL, '1212121', '2023-08-06', '2023-08-27 16:59:01', '2023-08-27 16:59:01', NULL);

-- --------------------------------------------------------

--
-- Table structure for table `jb18_applicant_educations`
--

CREATE TABLE `jb18_applicant_educations` (
  `id` int(11) NOT NULL,
  `applicants_id` int(11) NOT NULL,
  `job_id` int(11) NOT NULL,
  `edu_level` varchar(100) NOT NULL,
  `institute_name` varchar(250) NOT NULL,
  `group_subject` varchar(50) DEFAULT NULL,
  `result` varchar(100) NOT NULL,
  `cgpa` varchar(100) DEFAULT NULL,
  `out_of` varchar(100) DEFAULT NULL,
  `board_university` varchar(250) NOT NULL,
  `passing_year` varchar(20) NOT NULL,
  `other` text DEFAULT NULL,
  `created_at` timestamp NULL DEFAULT current_timestamp(),
  `updated_at` timestamp NULL DEFAULT NULL ON UPDATE current_timestamp(),
  `deleted_at` timestamp NULL DEFAULT NULL
) ENGINE=InnoDB DEFAULT CHARSET=utf8 COLLATE=utf8_general_ci;

--
-- Dumping data for table `jb18_applicant_educations`
--

INSERT INTO `jb18_applicant_educations` (`id`, `applicants_id`, `job_id`, `edu_level`, `institute_name`, `group_subject`, `result`, `cgpa`, `out_of`, `board_university`, `passing_year`, `other`, `created_at`, `updated_at`, `deleted_at`) VALUES
(7, 1, 9, '1', 'tggh', NULL, '4', '3', '4', '2', '1212', NULL, '2023-02-19 10:43:27', '2023-02-19 10:43:27', NULL),
(8, 1, 9, '6', 'rerertt', '1', '1', NULL, '1', '2', '1213', NULL, '2023-02-19 10:43:27', '2023-02-19 10:43:27', NULL),
(9, 1, 9, '12', 'rferty6tr', '9', '2', NULL, '2', '1', '1214', NULL, '2023-02-19 10:43:27', '2023-02-19 10:43:27', NULL),
(10, 1, 9, '20', 'rfereer', '13', '3', NULL, '3', '0', '1212', NULL, '2023-02-19 10:43:27', '2023-02-19 10:43:27', NULL),
(11, 1, 9, '28', '1212rttrtrt', '17', '5', '4', '5', '9', '1215', NULL, '2023-02-19 10:43:27', '2023-02-19 10:43:27', NULL),
(51, 3, 12, '6', 'qwewdfdf', '1', '4', '2', '4', '1', '2001', NULL, '2023-06-09 04:35:56', '2023-06-09 04:35:56', NULL),
(52, 3, 12, '12', 'wefdfdf', '9', '4', '3', '4', '1', '2002', NULL, '2023-06-09 04:35:56', '2023-06-09 04:35:56', NULL),
(53, 3, 12, '20', 'wrer', '13', '4', '3', '4', '258', '2002', NULL, '2023-06-09 04:35:56', '2023-06-09 04:35:56', NULL),
(54, 3, 12, '28', 'trytyty', '17', '4', '4', '4', '249', '3333', NULL, '2023-06-09 04:35:56', '2023-06-09 04:35:56', NULL),
(59, 5, 12, '6', 'dfdfsdf', '1', '5', '4', '5', '1', '2001', NULL, '2023-06-09 08:07:22', '2023-06-09 08:07:22', NULL),
(60, 5, 12, '12', 'rtertryty', '9', '5', '3.5', '5', '1', '2002', NULL, '2023-06-09 08:07:22', '2023-06-09 08:07:22', NULL),
(61, 5, 12, '20', 'rtytyt', '13', '2', NULL, '2', '258', '2003', NULL, '2023-06-09 08:07:22', '2023-06-09 08:07:22', NULL),
(62, 5, 12, '28', 'rtrtr', '17', '2', NULL, '2', '255', '2004', NULL, '2023-06-09 08:07:22', '2023-06-09 08:07:22', NULL),
(136, 9, 12, '6', 'rerergg', '1', '4', '3', '4', '1', '2022', NULL, '2023-06-12 11:49:49', '2023-06-12 11:49:49', NULL),
(137, 9, 12, '12', 'gth', '9', '4', '3', '4', '2', '2023', NULL, '2023-06-12 11:49:49', '2023-06-12 11:49:49', NULL),
(138, 9, 12, '20', 'gtrhg', '13', '1', NULL, '1', '248', '2024', NULL, '2023-06-12 11:49:49', '2023-06-12 11:49:49', NULL),
(139, 9, 12, '28', '1212', '17', '3', NULL, '3', '248', '222', NULL, '2023-06-12 11:49:49', '2023-06-12 11:49:49', NULL),
(140, 10, 11, '1', 'tggh', NULL, '4', '3.4', '4', '1', '2000', NULL, '2023-06-13 10:44:53', '2023-06-13 10:44:53', NULL),
(141, 10, 11, '6', 'eghjgj', '1', '4', '4', '4', '1', '2002', NULL, '2023-06-13 10:44:53', '2023-06-13 10:44:53', NULL),
(142, 10, 11, '12', 'gth', '9', '1', NULL, '1', '1', '2222', NULL, '2023-06-13 10:44:53', '2023-06-13 10:44:53', NULL),
(153, 2, 9, '1', 'tggh', NULL, '4', '3', '4', '2', '2012', NULL, '2023-06-24 00:20:39', '2023-06-24 00:20:39', NULL),
(154, 2, 9, '6', 'rererfef', '1', '1', NULL, '1', '1', '2000', NULL, '2023-06-24 00:20:39', '2023-06-24 00:20:39', NULL),
(155, 2, 9, '12', 'dgbgfnn', NULL, '4', '3', '4', '2', '2010', NULL, '2023-06-24 00:20:39', '2023-06-24 00:20:39', NULL),
(156, 2, 9, '20', 'xfgbnmm', '13', '5', '4', '5', '246', '2333', NULL, '2023-06-24 00:20:39', '2023-06-24 00:20:39', NULL),
(157, 2, 9, '28', 'jk,j,k.', '17', '5', '4', '5', '246', '2222', NULL, '2023-06-24 00:20:39', '2023-06-24 00:20:39', NULL),
(169, 12, 12, '6', 'rerer', '1', '4', '3.5', '4', '1', '2012', NULL, '2023-06-24 05:04:06', '2023-06-24 05:04:06', NULL),
(170, 12, 12, '12', 'শিক্ষা প্রতিষ্ঠান', '9', '4', '3', '4', '1', '2014', NULL, '2023-06-24 05:04:06', '2023-06-24 05:04:06', NULL),
(171, 12, 12, '20', 'শিক্ষা প্রতিষ্ঠান স্নাতক', '13', '1', NULL, '1', '249', '2017', NULL, '2023-06-24 05:04:06', '2023-06-24 05:04:06', NULL),
(172, 12, 12, '28', 'শিক্ষা প্রতিষ্ঠান স্নাতকোত্তর', '17', '2', NULL, '2', '252', '2018', NULL, '2023-06-24 05:04:06', '2023-06-24 05:04:06', NULL),
(173, 13, 12, '6', 'rerertt', '1', '4', '3', '4', '1', '2012', NULL, '2023-06-29 06:47:05', '2023-06-29 06:47:05', NULL),
(174, 13, 12, '12', 'শিক্ষা প্রতিষ্ঠান এইচএসসি /সমমূল্য', '9', '4', '3.4', '4', '1', '2014', NULL, '2023-06-29 06:47:05', '2023-06-29 06:47:05', NULL),
(175, 13, 12, '20', 'শিক্ষা প্রতিষ্ঠান স্নাতক', '13', '2', NULL, '2', '253', '2015', NULL, '2023-06-29 06:47:05', '2023-06-29 06:47:05', NULL),
(176, 13, 12, '28', 'শিক্ষা প্রতিষ্ঠান স্নাতকোত্তর', '17', '2', NULL, '2', '256', '2016', NULL, '2023-06-29 06:47:05', '2023-06-29 06:47:05', NULL),
(181, 14, 12, '6', 'rererfef', '1', '4', '3.5', '4', '2', '2021', NULL, '2023-06-29 08:02:34', '2023-06-29 08:02:34', NULL),
(182, 14, 12, '12', 'শিক্ষা প্রতিষ্ঠান', '9', '4', '3.4', '4', '2', '2012', NULL, '2023-06-29 08:02:34', '2023-06-29 08:02:34', NULL),
(183, 14, 12, '20', 'শিক্ষা প্রতিষ্ঠান স্নাতক', '13', '2', NULL, '2', '259', '1212', NULL, '2023-06-29 08:02:34', '2023-06-29 08:02:34', NULL),
(184, 14, 12, '28', 'শিক্ষা প্রতিষ্ঠান স্নাতকোত্তর', NULL, '1', NULL, '1', '259', '1212', NULL, '2023-06-29 08:02:34', '2023-06-29 08:02:34', NULL),
(192, 15, 13, '6', 'rererfef', '1', '2', NULL, '2', '2', '1212', NULL, '2023-06-30 16:32:15', '2023-06-30 16:32:15', NULL),
(193, 15, 13, '12', 'শিক্ষা প্রতিষ্ঠান এইচএসসি', '9', '1', NULL, '1', '2', '1214', NULL, '2023-06-30 16:32:15', '2023-06-30 16:32:15', NULL),
(194, 15, 13, '20', 'শিক্ষা প্রতিষ্ঠান স্নাতক', '13', '1', NULL, '1', '261', '1212', NULL, '2023-06-30 16:32:15', '2023-06-30 16:32:15', NULL),
(203, 16, 13, '6', 'rererfef', '1', '4', '3.4', '4', '1', '1212', NULL, '2023-07-01 16:23:52', '2023-07-01 16:23:52', NULL),
(204, 16, 13, '12', 'dgbgfnn', '9', '4', '3.5', '4', '1', '1213', NULL, '2023-07-01 16:23:52', '2023-07-01 16:23:52', NULL),
(205, 16, 13, '20', 'শিক্ষা প্রতিষ্ঠান স্নাতক', '13', '4', '3', '4', '254', '1214', NULL, '2023-07-01 16:23:52', '2023-07-01 16:23:52', NULL),
(206, 16, 13, '28', 'শিক্ষা প্রতিষ্ঠান স্নাতকোত্তর', '17', '4', '3.2', '4', '260', '1215', NULL, '2023-07-01 16:23:52', '2023-07-01 16:23:52', NULL),
(212, 18, 13, '1', 'ত্যরফতফ', NULL, '6', NULL, '6', '2', '১২১২', NULL, '2023-08-05 11:14:35', '2023-08-05 11:14:35', NULL),
(213, 18, 13, '6', 'rererfef', '1', '1', NULL, '1', '1', '১২১২', NULL, '2023-08-05 11:14:35', '2023-08-05 11:14:35', NULL),
(214, 18, 13, '12', 'শিক্ষা প্রতিষ্ঠান', '9', '1', NULL, '1', '2', '১২১২', NULL, '2023-08-05 11:14:35', '2023-08-05 11:14:35', NULL),
(215, 18, 13, '20', 'শিক্ষা প্রতিষ্ঠান স্নাতক', '13', '1', NULL, '1', '5', '১২১২', NULL, '2023-08-05 11:14:35', '2023-08-05 11:14:35', NULL),
(216, 18, 13, '28', 'শিক্ষা প্রতিষ্ঠান স্নাতকোত্তর', '18', '1', NULL, '1', '5', '১২১২', NULL, '2023-08-05 11:14:35', '2023-08-05 11:14:35', NULL),
(232, 19, 13, '1', 'ত্যরফতফ', NULL, '6', NULL, '6', '2', '১২১২', NULL, '2023-08-05 14:31:34', '2023-08-05 14:31:34', NULL),
(233, 19, 13, '6', 'rererfef', '1', '1', NULL, '1', '2', '১২১২', NULL, '2023-08-05 14:31:34', '2023-08-05 14:31:34', NULL),
(234, 19, 13, '12', 'শিক্ষা প্রতিষ্ঠান', '9', '1', NULL, '1', '2', '১২১২', NULL, '2023-08-05 14:31:34', '2023-08-05 14:31:34', NULL),
(235, 19, 13, '20', 'শিক্ষা প্রতিষ্ঠান স্নাতক', '13', '1', NULL, '1', '5', '১২১২', NULL, '2023-08-05 14:31:34', '2023-08-05 14:31:34', NULL),
(236, 19, 13, '28', 'শিক্ষা প্রতিষ্ঠান স্নাতকোত্তর', '18', '1', NULL, '1', '5', '১২১২', NULL, '2023-08-05 14:31:34', '2023-08-05 14:31:34', NULL),
(237, 20, 13, '1', 'শিক্ষা প্রতিষ্ঠান', NULL, 'জিপিএ(আউট অফ ৪)', '3', 'জিপিএ(আউট অফ ৪)', '2', '১২১২', NULL, '2023-08-12 08:26:34', '2023-08-12 08:26:34', NULL),
(238, 20, 13, '6', 'rerergg', '1', 'জিপিএ/সিজিপিএ(আউট অফ ৪)', '3.5', 'জিপিএ/সিজিপিএ(আউট অফ ৪)', '2', '১২১২', NULL, '2023-08-12 08:26:34', '2023-08-12 08:26:34', NULL),
(239, 20, 13, '12', 'শিক্ষা প্রতিষ্ঠান', '9', 'প্রথম বিভাগ', NULL, 'প্রথম বিভাগ', '2', '১২১২', NULL, '2023-08-12 08:26:34', '2023-08-12 08:26:34', NULL),
(240, 20, 13, '20', 'শিক্ষা প্রতিষ্ঠান স্নাতক', '13', 'প্রথম বিভাগ', NULL, 'প্রথম বিভাগ', '5', '১২১২', NULL, '2023-08-12 08:26:34', '2023-08-12 08:26:34', NULL),
(250, 21, 13, '1', 'ত্যরফতফ', NULL, 'জিপিএ(আউট অফ ৪)', '3', 'জিপিএ(আউট অফ ৪)', '2', '১২১২', NULL, '2023-08-12 08:54:21', '2023-08-12 08:54:21', NULL),
(251, 21, 13, '6', 'rererfef', '1', 'জিপিএ/সিজিপিএ(আউট অফ ৪)', '3.5', 'জিপিএ/সিজিপিএ(আউট অফ ৪)', '2', '১২১২', NULL, '2023-08-12 08:54:21', '2023-08-12 08:54:21', NULL),
(252, 21, 13, '12', 'শিক্ষা প্রতিষ্ঠান', '9', 'জিপিএ/সিজিপিএ(আউট অফ ৪)', '3', 'জিপিএ/সিজিপিএ(আউট অফ ৪)', '2', '১২১২', NULL, '2023-08-12 08:54:21', '2023-08-12 08:54:21', NULL),
(253, 21, 13, '20', 'শিক্ষা প্রতিষ্ঠান স্নাতক', '13', 'প্রথম বিভাগ', NULL, 'প্রথম বিভাগ', '5', '১২১২', NULL, '2023-08-12 08:54:21', '2023-08-12 08:54:21', NULL),
(254, 21, 13, '28', 'শিক্ষা প্রতিষ্ঠান স্নাতকোত্তর', '18', 'প্রথম বিভাগ', '3.4', 'প্রথম বিভাগ', '246', '১২১২', NULL, '2023-08-12 08:54:21', '2023-08-12 08:54:21', NULL),
(265, 22, 13, '1', 'শিক্ষা প্রতিষ্ঠান', NULL, 'জিপিএ(আউট অফ ৪)', '3', 'জিপিএ(আউট অফ ৪)', '2', '১২১২', 'চনবন্মম', '2023-08-12 15:46:10', '2023-08-12 15:46:10', NULL),
(266, 22, 13, '12', 'শিক্ষা প্রতিষ্ঠান', '23', 'জিপিএ/সিজিপিএ(আউট অফ ৪)', '3.4', 'জিপিএ/সিজিপিএ(আউট অফ ৪)', '2', '১২১২', 'ম্নম্নম্নম', '2023-08-12 15:46:10', '2023-08-12 15:46:10', NULL),
(267, 22, 13, '20', 'শিক্ষা প্রতিষ্ঠান স্নাতক', '24', 'প্রথম বিভাগ', NULL, 'প্রথম বিভাগ', '5', '১২১২', 'ঘগঝঝজ', '2023-08-12 15:46:10', '2023-08-12 15:46:10', NULL),
(268, 22, 13, '28', 'শিক্ষা প্রতিষ্ঠান স্নাতকোত্তর', '25', 'জিপিএ/সিজিপিএ(আউট অফ ৪)', '3.4', 'জিপিএ/সিজিপিএ(আউট অফ ৪)', '247', '১২১২', 'হঝঝঝজ', '2023-08-12 15:46:10', '2023-08-12 15:46:10', NULL),
(269, 22, 13, '1', 'rererfef', '1', 'জিপিএ/সিজিপিএ(আউট অফ ৪)', '3.5', 'জিপিএ/সিজিপিএ(আউট অফ ৪)', '2', '১২১২', NULL, '2023-08-12 08:54:21', '2023-08-12 15:54:56', NULL),
(280, 23, 13, '1', 'শিক্ষা প্রতিষ্ঠান', NULL, 'জিপিএ(আউট অফ ৪)', '3', 'জিপিএ(আউট অফ ৪)', '2', '১২১২', NULL, '2023-08-12 16:08:55', '2023-08-12 16:08:55', NULL),
(281, 23, 13, '6', 'rererfef শিক্ষা প্রতিষ্ঠান', '22', 'জিপিএ/সিজিপিএ(আউট অফ ৪)', '3.5', 'জিপিএ/সিজিপিএ(আউট অফ ৪)', '2', '১২১২', 'চনবন্মম', '2023-08-12 16:08:55', '2023-08-12 16:08:55', NULL),
(282, 23, 13, '12', 'শিক্ষা প্রতিষ্ঠান', '23', 'জিপিএ/সিজিপিএ(আউট অফ ৪)', '3.4', 'জিপিএ/সিজিপিএ(আউট অফ ৪)', '1', '১২১২', 'ম্নম্নম্নম', '2023-08-12 16:08:55', '2023-08-12 16:08:55', NULL),
(283, 23, 13, '20', 'শিক্ষা প্রতিষ্ঠান স্নাতক', '13', 'প্রথম বিভাগ', NULL, 'প্রথম বিভাগ', '5', '১২১২', NULL, '2023-08-12 16:08:55', '2023-08-12 16:08:55', NULL),
(284, 23, 13, '28', 'শিক্ষা প্রতিষ্ঠান স্নাতকোত্তর', '25', 'প্রথম বিভাগ', NULL, 'প্রথম বিভাগ', '5', '১২১২', 'হঝঝঝজ', '2023-08-12 16:08:55', '2023-08-12 16:08:55', NULL),
(285, 24, 13, '1', 'ত্যরফতফ', NULL, 'জিপিএ(আউট অফ ৪)', '৩', 'জিপিএ(আউট অফ ৪)', '2', '১২১২', NULL, '2023-08-15 14:49:22', '2023-08-15 14:49:22', NULL),
(286, 24, 13, '6', 'rererfef', '1', 'প্রথম বিভাগ', NULL, 'প্রথম বিভাগ', '2', '১২১২', NULL, '2023-08-15 14:49:22', '2023-08-15 14:49:22', NULL),
(287, 24, 13, '12', 'শিক্ষা প্রতিষ্ঠান', '9', 'প্রথম বিভাগ', NULL, 'প্রথম বিভাগ', '2', '১২১২', NULL, '2023-08-15 14:49:22', '2023-08-15 14:49:22', NULL),
(288, 24, 13, '20', 'শিক্ষা প্রতিষ্ঠান স্নাতক', '13', 'প্রথম বিভাগ', NULL, 'প্রথম বিভাগ', '5', '১২১২', NULL, '2023-08-15 14:49:22', '2023-08-15 14:49:22', NULL),
(301, 25, 13, '1', 'ত্যরফতফ', NULL, 'জিপিএ(আউট অফ ৪)', '৩.৫', 'জিপিএ(আউট অফ ৪)', '2', '১২১২', NULL, '2023-08-25 16:39:10', '2023-08-25 16:39:10', NULL),
(302, 25, 13, '6', 'শিক্ষা প্রতিষ্ঠান এস.এস.সি', '1', 'প্রথম বিভাগ', NULL, 'প্রথম বিভাগ', '2', '১২১২', NULL, '2023-08-25 16:39:10', '2023-08-25 16:39:10', NULL),
(303, 25, 13, '12', 'শিক্ষা প্রতিষ্ঠান', '9', 'প্রথম বিভাগ', NULL, 'প্রথম বিভাগ', '2', '১২১২', NULL, '2023-08-25 16:39:10', '2023-08-25 16:39:10', NULL),
(304, 25, 13, '20', 'শিক্ষা প্রতিষ্ঠান স্নাতক', '13', 'প্রথম বিভাগ', NULL, 'প্রথম বিভাগ', '246', '১২১২', NULL, '2023-08-25 16:39:10', '2023-08-25 16:39:10', NULL),
(305, 26, 13, '1', 'ত্যরফতফ', NULL, 'জিপিএ(আউট অফ ৪)', '3', 'জিপিএ(আউট অফ ৪)', '2', '১২১২', NULL, '2023-08-27 16:59:01', '2023-08-27 16:59:01', NULL),
(306, 26, 13, '6', 'শিক্ষা প্রতিষ্ঠান এস.এস.সি', '1', 'প্রথম বিভাগ', NULL, 'প্রথম বিভাগ', '2', '১২১২', NULL, '2023-08-27 16:59:01', '2023-08-27 16:59:01', NULL),
(307, 26, 13, '12', 'শিক্ষা প্রতিষ্ঠান', '9', 'প্রথম বিভাগ', NULL, 'প্রথম বিভাগ', '2', '১২১২', NULL, '2023-08-27 16:59:01', '2023-08-27 16:59:01', NULL),
(308, 26, 13, '20', 'শিক্ষা প্রতিষ্ঠান স্নাতক', '13', 'প্রথম বিভাগ', NULL, 'প্রথম বিভাগ', '246', '১২১২', NULL, '2023-08-27 16:59:01', '2023-08-27 16:59:01', NULL);

-- --------------------------------------------------------

--
-- Table structure for table `jb18_boards`
--

CREATE TABLE `jb18_boards` (
  `id` int(11) NOT NULL,
  `name` varchar(200) NOT NULL,
  `status` tinyint(1) NOT NULL DEFAULT 1,
  `type` int(11) NOT NULL DEFAULT 1 COMMENT '1=jsc/ssc/hsc, 2=university',
  `created_at` timestamp NOT NULL DEFAULT current_timestamp(),
  `updated_at` timestamp NULL DEFAULT NULL ON UPDATE current_timestamp(),
  `deleted_at` timestamp NULL DEFAULT NULL
) ENGINE=InnoDB DEFAULT CHARSET=utf8 COLLATE=utf8_general_ci;

--
-- Dumping data for table `jb18_boards`
--

INSERT INTO `jb18_boards` (`id`, `name`, `status`, `type`, `created_at`, `updated_at`, `deleted_at`) VALUES
(1, 'Dhaka', 1, 1, '2023-02-04 15:12:00', NULL, NULL),
(2, 'Cumilla', 1, 1, '2023-02-04 15:12:00', NULL, NULL),
(3, 'Rajshahi', 1, 1, '2023-02-04 15:12:31', NULL, NULL),
(4, 'Jashore', 1, 1, '2023-02-04 15:12:31', NULL, NULL),
(5, 'Ad-din Womens Medical College, Dhaka', 1, 2, '2023-04-01 07:30:04', NULL, NULL),
(246, 'Ahsania Mission University of Science and Technology', 1, 2, '2023-04-01 01:53:29', '2023-04-01 01:53:29', NULL),
(247, 'Ahsanullah University of Science and Technology', 1, 2, '2023-04-01 01:53:29', '2023-04-01 01:53:29', NULL),
(248, 'America Bangladesh University', 1, 2, '2023-04-01 01:53:29', '2023-04-01 01:53:29', NULL),
(249, 'American International University Bangladesh', 1, 2, '2023-04-01 01:53:29', '2023-04-01 01:53:29', NULL),
(250, 'Anwer Khan Modern Medical College, Dhaka', 1, 2, '2023-04-01 01:53:29', '2023-04-01 01:53:29', NULL),
(251, 'Anwer Khan Modern University', 1, 2, '2023-04-01 01:53:29', '2023-04-01 01:53:29', NULL),
(252, 'ASA University Bangladesh', 1, 2, '2023-04-01 01:53:29', '2023-04-01 01:53:29', NULL),
(253, 'Asian University for Women', 1, 2, '2023-04-01 01:53:29', '2023-04-01 01:53:29', NULL),
(254, 'Asian University of Bangladesh', 1, 2, '2023-04-01 01:53:29', '2023-04-01 01:53:29', NULL),
(255, 'Atish Dipankar University of Science & Technology', 1, 2, '2023-04-01 01:53:29', '2023-04-01 01:53:29', NULL),
(256, 'Bandarban University', 1, 2, '2023-04-01 01:53:29', '2023-04-01 01:53:29', NULL),
(257, 'Bangabandhu Sheikh Mujib Medical University', 1, 2, '2023-04-01 01:53:29', '2023-04-01 01:53:29', NULL),
(258, 'Bangabandhu Sheikh Mujibur Rahman Agricultural University', 1, 2, '2023-04-01 01:53:29', '2023-04-01 01:53:29', NULL),
(259, 'Bangabandhu Sheikh Mujibur Rahman Aviation And Aerospace University', 1, 2, '2023-04-01 01:53:29', '2023-04-01 01:53:29', NULL),
(260, 'Bangabandhu Sheikh Mujibur Rahman Digital University', 1, 2, '2023-04-01 01:53:29', '2023-04-01 01:53:29', NULL),
(261, 'Bangabandhu Sheikh Mujibur Rahman Maritime University', 1, 2, '2023-04-01 01:53:29', '2023-04-01 01:53:29', NULL),
(262, 'Bangabandhu Sheikh Mujibur Rahman Science and Technology University', 1, 2, '2023-04-01 01:53:29', '2023-04-01 01:53:29', NULL),
(263, 'Bangabandhu Sheikh Mujibur Rahman Univerisity, Kishoreganj', 1, 2, '2023-04-01 01:53:29', '2023-04-01 01:53:29', NULL),
(264, 'Bangamata Sheikh Fojilatunnesa Mujib Science and Technology University', 1, 2, '2023-04-01 01:53:29', '2023-04-01 01:53:29', NULL),
(265, 'Bangladesh Agricultural University,Mymensingh', 1, 2, '2023-04-01 01:53:29', '2023-04-01 01:53:29', NULL),
(266, 'Bangladesh Airlines Training Centre (BATC)', 1, 2, '2023-04-01 01:53:29', '2023-04-01 01:53:29', NULL),
(267, 'Bangladesh Army International University of Science & Technology(BAIUST) ,Comilla', 1, 2, '2023-04-01 01:53:29', '2023-04-01 01:53:29', NULL),
(268, 'Bangladesh Army University of Engineering and Technology (BAUET), Qadirabad', 1, 2, '2023-04-01 01:53:29', '2023-04-01 01:53:29', NULL),
(269, 'Bangladesh Army University of Science and Technology(BAUST), Saidpur', 1, 2, '2023-04-01 01:53:29', '2023-04-01 01:53:29', NULL),
(270, 'Bangladesh Islami University', 1, 2, '2023-04-01 01:53:29', '2023-04-01 01:53:29', NULL),
(271, 'Bangladesh Medical College', 1, 2, '2023-04-01 01:53:29', '2023-04-01 01:53:29', NULL),
(272, 'Bangladesh Open University', 1, 2, '2023-04-01 01:53:29', '2023-04-01 01:53:29', NULL),
(273, 'Bangladesh University', 1, 2, '2023-04-01 01:53:29', '2023-04-01 01:53:29', NULL),
(274, 'Bangladesh University of Business & Technology (BUBT)', 1, 2, '2023-04-01 01:53:29', '2023-04-01 01:53:29', NULL),
(275, 'Bangladesh University of Engineering & Technology', 1, 2, '2023-04-01 01:53:29', '2023-04-01 01:53:29', NULL),
(276, 'Bangladesh University of Health Sciences', 1, 2, '2023-04-01 01:53:29', '2023-04-01 01:53:29', NULL),
(277, 'Bangladesh University of Professionals', 1, 2, '2023-04-01 01:53:29', '2023-04-01 01:53:29', NULL),
(278, 'Bangladesh University of Textiles', 1, 2, '2023-04-01 01:53:29', '2023-04-01 01:53:29', NULL),
(279, 'Barisal University', 1, 2, '2023-04-01 01:53:29', '2023-04-01 01:53:29', NULL),
(280, 'Barishal Engineering College', 1, 2, '2023-04-01 01:53:29', '2023-04-01 01:53:29', NULL),
(281, 'Begum Rokeya University, Rangpur', 1, 2, '2023-04-01 01:53:29', '2023-04-01 01:53:29', NULL),
(282, 'BGC Trust Medical College, Chittagong', 1, 2, '2023-04-01 01:53:29', '2023-04-01 01:53:29', NULL),
(283, 'BGC Trust University Bangladesh, Chittagong', 1, 2, '2023-04-01 01:53:29', '2023-04-01 01:53:29', NULL),
(284, 'BGMEA University of Fashion & Technology(BUFT)', 1, 2, '2023-04-01 01:53:29', '2023-04-01 01:53:29', NULL),
(285, 'BRAC University', 1, 2, '2023-04-01 01:53:29', '2023-04-01 01:53:29', NULL),
(286, 'Britannia University', 1, 2, '2023-04-01 01:53:29', '2023-04-01 01:53:29', NULL),
(287, 'Canadian University of Bangladesh', 1, 2, '2023-04-01 01:53:29', '2023-04-01 01:53:29', NULL),
(288, 'CCN University of Science & Technology', 1, 2, '2023-04-01 01:53:29', '2023-04-01 01:53:29', NULL),
(289, 'Central Medical College, Comilla', 1, 2, '2023-04-01 01:53:29', '2023-04-01 01:53:29', NULL),
(290, 'Central University of Science and Technology', 1, 2, '2023-04-01 01:53:29', '2023-04-01 01:53:29', NULL),
(291, 'Central Women\'s University', 1, 2, '2023-04-01 01:53:29', '2023-04-01 01:53:29', NULL),
(292, 'Chandpur Science and Technology University', 1, 2, '2023-04-01 01:53:29', '2023-04-01 01:53:29', NULL),
(293, 'Chittagong Independent University', 1, 2, '2023-04-01 01:53:29', '2023-04-01 01:53:29', NULL),
(294, 'Chittagong Medical College', 1, 2, '2023-04-01 01:53:29', '2023-04-01 01:53:29', NULL),
(295, 'Chittagong Medical University', 1, 2, '2023-04-01 01:53:29', '2023-04-01 01:53:29', NULL),
(296, 'Chittagong University of Engineering & Technology', 1, 2, '2023-04-01 01:53:29', '2023-04-01 01:53:29', NULL),
(297, 'Chittagong Veterinary and Animal Sciences University', 1, 2, '2023-04-01 01:53:29', '2023-04-01 01:53:29', NULL),
(298, 'Chottagram Ma-O-Shishu Hospital Medical College', 1, 2, '2023-04-01 01:53:29', '2023-04-01 01:53:29', NULL),
(299, 'City University', 1, 2, '2023-04-01 01:53:29', '2023-04-01 01:53:29', NULL),
(300, 'Comilla Medical College', 1, 2, '2023-04-01 01:53:29', '2023-04-01 01:53:29', NULL),
(301, 'Comilla University', 1, 2, '2023-04-01 01:53:29', '2023-04-01 01:53:29', NULL),
(302, 'Community Based Medical College (cbmc), Mymensingh', 1, 2, '2023-04-01 01:53:29', '2023-04-01 01:53:29', NULL),
(303, 'Community Medical College, Dhaka', 1, 2, '2023-04-01 01:53:29', '2023-04-01 01:53:29', NULL),
(304, 'Cox\'s Bazar International University', 1, 2, '2023-04-01 01:53:29', '2023-04-01 01:53:29', NULL),
(305, 'Cox\'s Bazar Medical College', 1, 2, '2023-04-01 01:53:29', '2023-04-01 01:53:29', NULL),
(306, 'Daffodil International University', 1, 2, '2023-04-01 01:53:29', '2023-04-01 01:53:29', NULL),
(307, 'Darul Ihsan University', 1, 2, '2023-04-01 01:53:29', '2023-04-01 01:53:29', NULL),
(308, 'Delta Medical College, Dhaka', 1, 2, '2023-04-01 01:53:29', '2023-04-01 01:53:29', NULL),
(309, 'Dhaka International University', 1, 2, '2023-04-01 01:53:29', '2023-04-01 01:53:29', NULL),
(310, 'Dhaka Medical College', 1, 2, '2023-04-01 01:53:29', '2023-04-01 01:53:29', NULL),
(311, 'Dhaka National Medical College', 1, 2, '2023-04-01 01:53:29', '2023-04-01 01:53:29', NULL),
(312, 'Dhaka University', 1, 2, '2023-04-01 01:53:29', '2023-04-01 01:53:29', NULL),
(313, 'Dhaka University of Engineering & Technology', 1, 2, '2023-04-01 01:53:29', '2023-04-01 01:53:29', NULL),
(314, 'Dinajpur Medical College', 1, 2, '2023-04-01 01:53:29', '2023-04-01 01:53:29', NULL),
(315, 'Durra Samad Rahman Red Crescent Women\'s Medical College, Sylhet', 1, 2, '2023-04-01 01:53:29', '2023-04-01 01:53:29', NULL),
(316, 'Kushtia Medical College', 1, 2, '2023-04-01 01:53:29', '2023-04-01 01:53:29', NULL),
(317, 'Labaid Medical College, Dhanmondi, Dhaka', 1, 2, '2023-04-01 01:53:29', '2023-04-01 01:53:29', NULL),
(318, 'Leading University, Sylhet', 1, 2, '2023-04-01 01:53:29', '2023-04-01 01:53:29', NULL),
(319, 'MAG Osmani Medical College', 1, 2, '2023-04-01 01:53:29', '2023-04-01 01:53:29', NULL),
(320, 'Manarat International University', 1, 2, '2023-04-01 01:53:29', '2023-04-01 01:53:29', NULL),
(321, 'Maulana Bhasani Medical College', 1, 2, '2023-04-01 01:53:29', '2023-04-01 01:53:29', NULL),
(322, 'Mawlana Bhashani Science & Technology University', 1, 2, '2023-04-01 01:53:29', '2023-04-01 01:53:29', NULL),
(323, 'Medical College for Women and Hospital, Dhaka', 1, 2, '2023-04-01 01:53:29', '2023-04-01 01:53:29', NULL),
(324, 'Metropolitan University, Sylhet', 1, 2, '2023-04-01 01:53:29', '2023-04-01 01:53:29', NULL),
(325, 'Microland University of Science and Technology', 1, 2, '2023-04-01 01:53:29', '2023-04-01 01:53:29', NULL),
(326, 'Military Institute of Science and Technology (MIST)', 1, 2, '2023-04-01 01:53:29', '2023-04-01 01:53:29', NULL),
(327, 'Mymensingh Engineering College', 1, 2, '2023-04-01 01:53:29', '2023-04-01 01:53:29', NULL),
(328, 'Mymensingh Medical College', 1, 2, '2023-04-01 01:53:29', '2023-04-01 01:53:29', NULL),
(329, 'N.P.I University of Bangladesh', 1, 2, '2023-04-01 01:53:29', '2023-04-01 01:53:29', NULL),
(330, 'National University', 1, 2, '2023-04-01 01:53:29', '2023-04-01 01:53:29', NULL),
(331, 'Nightingale Medical College, Dhaka', 1, 2, '2023-04-01 01:53:29', '2023-04-01 01:53:29', NULL),
(332, 'Noakhali Medical College', 1, 2, '2023-04-01 01:53:29', '2023-04-01 01:53:29', NULL),
(333, 'Noakhali Science & Technology University', 1, 2, '2023-04-01 01:53:29', '2023-04-01 01:53:29', NULL),
(334, 'North Bengal International University', 1, 2, '2023-04-01 01:53:29', '2023-04-01 01:53:29', NULL),
(335, 'North Bengal Medical College, Sirajganj', 1, 2, '2023-04-01 01:53:29', '2023-04-01 01:53:29', NULL),
(336, 'North East Medical College, Sylhet', 1, 2, '2023-04-01 01:53:29', '2023-04-01 01:53:29', NULL),
(337, 'North East University Bangladesh', 1, 2, '2023-04-01 01:53:29', '2023-04-01 01:53:29', NULL),
(338, 'North South University', 1, 2, '2023-04-01 01:53:29', '2023-04-01 01:53:29', NULL),
(339, 'North Western University', 1, 2, '2023-04-01 01:53:29', '2023-04-01 01:53:29', NULL),
(340, 'Northern International Medical College, Dhaka', 1, 2, '2023-04-01 01:53:30', '2023-04-01 01:53:30', NULL),
(341, 'Northern Private Medical College, Rangpur', 1, 2, '2023-04-01 01:53:30', '2023-04-01 01:53:30', NULL),
(342, 'Northern University Bangladesh', 1, 2, '2023-04-01 01:53:30', '2023-04-01 01:53:30', NULL),
(343, 'Northern University of Business & Technology, Khulna', 1, 2, '2023-04-01 01:53:30', '2023-04-01 01:53:30', NULL),
(344, 'Notre Dame University Bangladesh', 1, 2, '2023-04-01 01:53:30', '2023-04-01 01:53:30', NULL),
(345, 'Pabna Medical College', 1, 2, '2023-04-01 01:53:30', '2023-04-01 01:53:30', NULL),
(346, 'Pabna University of Science and Technology', 1, 2, '2023-04-01 01:53:30', '2023-04-01 01:53:30', NULL),
(347, 'Patuakhali Science And Technology University', 1, 2, '2023-04-01 01:53:30', '2023-04-01 01:53:30', NULL),
(348, 'Popular Medical College & Hospital, Dhaka', 1, 2, '2023-04-01 01:53:30', '2023-04-01 01:53:30', NULL),
(349, 'Port City International University', 1, 2, '2023-04-01 01:53:30', '2023-04-01 01:53:30', NULL),
(350, 'Premier University, Chittagong', 1, 2, '2023-04-01 01:53:30', '2023-04-01 01:53:30', NULL),
(351, 'Presidency University', 1, 2, '2023-04-01 01:53:30', '2023-04-01 01:53:30', NULL),
(352, 'Prime Medical College, Rangpur', 1, 2, '2023-04-01 01:53:30', '2023-04-01 01:53:30', NULL),
(353, 'Prime University', 1, 2, '2023-04-01 01:53:30', '2023-04-01 01:53:30', NULL),
(354, 'Primeasia University', 1, 2, '2023-04-01 01:53:30', '2023-04-01 01:53:30', NULL),
(355, 'Pundra University of Science & Technology', 1, 2, '2023-04-01 01:53:30', '2023-04-01 01:53:30', NULL),
(356, 'Queens University', 1, 2, '2023-04-01 01:53:30', '2023-04-01 01:53:30', NULL),
(357, 'R.T.M Al-Kabir Technical University', 1, 2, '2023-04-01 01:53:30', '2023-04-01 01:53:30', NULL),
(358, 'Rabindra Maitree University, Kushtia', 1, 2, '2023-04-01 01:53:30', '2023-04-01 01:53:30', NULL),
(359, 'Rabindra University, Bangladesh', 1, 2, '2023-04-01 01:53:30', '2023-04-01 01:53:30', NULL),
(360, 'Rajshahi Medical College', 1, 2, '2023-04-01 01:53:30', '2023-04-01 01:53:30', NULL),
(361, 'Rajshahi Medical University', 1, 2, '2023-04-01 01:53:30', '2023-04-01 01:53:30', NULL),
(362, 'Rajshahi Science & Technology University (RSTU), Natore', 1, 2, '2023-04-01 01:53:30', '2023-04-01 01:53:30', NULL),
(363, 'Rajshahi University', 1, 2, '2023-04-01 01:53:30', '2023-04-01 01:53:30', NULL),
(364, 'Rajshahi University of Engineering & Technology', 1, 2, '2023-04-01 01:53:30', '2023-04-01 01:53:30', NULL),
(365, 'Ranada Prasad Shaha University', 1, 2, '2023-04-01 01:53:30', '2023-04-01 01:53:30', NULL),
(366, 'Rangamati Science and Technology University', 1, 2, '2023-04-01 01:53:30', '2023-04-01 01:53:30', NULL),
(367, 'Rangpur Community Hospital Medical College', 1, 2, '2023-04-01 01:53:30', '2023-04-01 01:53:30', NULL),
(368, 'Rangpur Medical College', 1, 2, '2023-04-01 01:53:30', '2023-04-01 01:53:30', NULL),
(369, 'Rangpur University', 1, 2, '2023-04-01 01:53:30', '2023-04-01 01:53:30', NULL),
(370, 'Royal University of Dhaka', 1, 2, '2023-04-01 01:53:30', '2023-04-01 01:53:30', NULL),
(371, 'Rupayan A.K.M Shamsuzzoha University', 1, 2, '2023-04-01 01:53:30', '2023-04-01 01:53:30', NULL),
(372, 'Sahabuddin Medical College and Hospital', 1, 2, '2023-04-01 01:53:30', '2023-04-01 01:53:30', NULL),
(373, 'Samaj Vittik Medical College, Mirzanagar, Savar', 1, 2, '2023-04-01 01:53:30', '2023-04-01 01:53:30', NULL),
(374, 'Satkhira Medical College', 1, 2, '2023-04-01 01:53:30', '2023-04-01 01:53:30', NULL),
(375, 'Shah Makhdum Management University, Rajshahi', 1, 2, '2023-04-01 01:53:30', '2023-04-01 01:53:30', NULL),
(376, 'Shahabuddin Medical College, Dhaka', 1, 2, '2023-04-01 01:53:30', '2023-04-01 01:53:30', NULL),
(377, 'Shaheed Nazrul Islam Medical College', 1, 2, '2023-04-01 01:53:30', '2023-04-01 01:53:30', NULL),
(378, 'Shaheed Suhrawardy Medical College', 1, 2, '2023-04-01 01:53:30', '2023-04-01 01:53:30', NULL),
(379, 'Shaheed Ziaur Rahman Medical College', 1, 2, '2023-04-01 01:53:30', '2023-04-01 01:53:30', NULL),
(380, 'Shahjalal University of Science & Technology', 1, 2, '2023-04-01 01:53:30', '2023-04-01 01:53:30', NULL),
(381, 'Shanto Mariam University of Creative Technology', 1, 2, '2023-04-01 01:53:30', '2023-04-01 01:53:30', NULL),
(382, 'Sheikh Fazilatunnesa Mujib University', 1, 2, '2023-04-01 01:53:30', '2023-04-01 01:53:30', NULL),
(383, 'Sheikh Hasina University', 1, 2, '2023-04-01 01:53:30', '2023-04-01 01:53:30', NULL),
(384, 'Sheikh Sayera Khatun Medical College, Gopalganj', 1, 2, '2023-04-01 01:53:30', '2023-04-01 01:53:30', NULL),
(385, 'Sher-e-Bangla Agricultural University', 1, 2, '2023-04-01 01:53:30', '2023-04-01 01:53:30', NULL),
(386, 'Sher-E-Bangla Medical College', 1, 2, '2023-04-01 01:53:30', '2023-04-01 01:53:30', NULL),
(387, 'Sir Salimullah Medical College', 1, 2, '2023-04-01 01:53:30', '2023-04-01 01:53:30', NULL),
(388, 'Sonargaon University', 1, 2, '2023-04-01 01:53:30', '2023-04-01 01:53:30', NULL),
(389, 'South Asian University', 1, 2, '2023-04-01 01:53:30', '2023-04-01 01:53:30', NULL),
(390, 'Southeast University', 1, 2, '2023-04-01 01:53:30', '2023-04-01 01:53:30', NULL),
(391, 'Southern Medical College, Chittagong', 1, 2, '2023-04-01 01:53:30', '2023-04-01 01:53:30', NULL),
(392, 'Southern University Bangladesh', 1, 2, '2023-04-01 01:53:30', '2023-04-01 01:53:30', NULL),
(393, 'Southern University of Bangladesh, Chittagong', 1, 2, '2023-04-01 01:53:30', '2023-04-01 01:53:30', NULL),
(394, 'Stamford University, Bangladesh', 1, 2, '2023-04-01 01:53:30', '2023-04-01 01:53:30', NULL),
(395, 'State University Of Bangladesh', 1, 2, '2023-04-01 01:53:30', '2023-04-01 01:53:30', NULL),
(396, 'Sylhet Agricultural University', 1, 2, '2023-04-01 01:53:30', '2023-04-01 01:53:30', NULL),
(397, 'Sylhet Engineering College', 1, 2, '2023-04-01 01:53:30', '2023-04-01 01:53:30', NULL),
(398, 'Sylhet International University, Sylhet', 1, 2, '2023-04-01 01:53:30', '2023-04-01 01:53:30', NULL),
(399, 'Sylhet Medical University', 1, 2, '2023-04-01 01:53:30', '2023-04-01 01:53:30', NULL),
(400, 'Sylhet Women\'s Medical College, Sylhet', 1, 2, '2023-04-01 01:53:30', '2023-04-01 01:53:30', NULL),
(401, 'Tagore University of Creative Arts, Uttara, Dhaka, Bangladesh', 1, 2, '2023-04-01 01:53:30', '2023-04-01 01:53:30', NULL),
(402, 'Tairunnessa Memorial Medical College, Gazipur', 1, 2, '2023-04-01 01:53:30', '2023-04-01 01:53:30', NULL),
(403, 'The International University of Scholars', 1, 2, '2023-04-01 01:53:30', '2023-04-01 01:53:30', NULL),
(404, 'The Millennium University', 1, 2, '2023-04-01 01:53:30', '2023-04-01 01:53:30', NULL),
(405, 'The Peoples University of Bangladesh', 1, 2, '2023-04-01 01:53:30', '2023-04-01 01:53:30', NULL),
(406, 'The University of Asia Pacific', 1, 2, '2023-04-01 01:53:30', '2023-04-01 01:53:30', NULL),
(407, 'Times University, Bangladesh', 1, 2, '2023-04-01 01:53:30', '2023-04-01 01:53:30', NULL),
(408, 'TMSS Medical College,Bogra', 1, 2, '2023-04-01 01:53:30', '2023-04-01 01:53:30', NULL),
(409, 'Trust University, Barishal', 1, 2, '2023-04-01 01:53:30', '2023-04-01 01:53:30', NULL),
(410, 'United International University', 1, 2, '2023-04-01 01:53:30', '2023-04-01 01:53:30', NULL),
(411, 'University of Asia Pacific', 1, 2, '2023-04-01 01:53:30', '2023-04-01 01:53:30', NULL),
(412, 'University of Barisal', 1, 2, '2023-04-01 01:53:30', '2023-04-01 01:53:30', NULL),
(413, 'University of Brahmanbaria', 1, 2, '2023-04-01 01:53:30', '2023-04-01 01:53:30', NULL),
(414, 'University of Chittagong', 1, 2, '2023-04-01 01:53:30', '2023-04-01 01:53:30', NULL),
(415, 'University of Creative Technology, Chittagong', 1, 2, '2023-04-01 01:53:30', '2023-04-01 01:53:30', NULL),
(416, 'University of Development Alternative', 1, 2, '2023-04-01 01:53:30', '2023-04-01 01:53:30', NULL),
(417, 'University of Dhaka', 1, 2, '2023-04-01 01:53:30', '2023-04-01 01:53:30', NULL),
(418, 'University of Global Village', 1, 2, '2023-04-01 01:53:30', '2023-04-01 01:53:30', NULL),
(419, 'University of Information Technology & Sciences', 1, 2, '2023-04-01 01:53:30', '2023-04-01 01:53:30', NULL),
(420, 'University of Liberal Arts Bangladesh', 1, 2, '2023-04-01 01:53:30', '2023-04-01 01:53:30', NULL),
(421, 'University of Rajshahi', 1, 2, '2023-04-01 01:53:30', '2023-04-01 01:53:30', NULL),
(422, 'University of Science & Technology, Chittagong', 1, 2, '2023-04-01 01:53:30', '2023-04-01 01:53:30', NULL),
(423, 'University of Skill Enrichment and Technology', 1, 2, '2023-04-01 01:53:30', '2023-04-01 01:53:30', NULL),
(424, 'University of South Asia', 1, 2, '2023-04-01 01:53:30', '2023-04-01 01:53:30', NULL),
(425, 'Uttara Adhunik Medical College,Dhaka', 1, 2, '2023-04-01 01:53:30', '2023-04-01 01:53:30', NULL),
(426, 'Uttara University', 1, 2, '2023-04-01 01:53:30', '2023-04-01 01:53:30', NULL),
(427, 'Varendra University', 1, 2, '2023-04-01 01:53:30', '2023-04-01 01:53:30', NULL),
(428, 'Victoria University of Bangladesh', 1, 2, '2023-04-01 01:53:30', '2023-04-01 01:53:30', NULL),
(429, 'World University of Bangladesh', 1, 2, '2023-04-01 01:53:30', '2023-04-01 01:53:30', NULL),
(430, 'Z. H. Sikder Women\'s Medical College', 1, 2, '2023-04-01 01:53:30', '2023-04-01 01:53:30', NULL),
(431, 'Z.H Sikder University of Science & Technology', 1, 2, '2023-04-01 01:53:30', '2023-04-01 01:53:30', NULL),
(432, 'Z.N.R.F. University of Management Sciences', 1, 2, '2023-04-01 01:53:30', '2023-04-01 01:53:30', NULL),
(433, 'East Delta University , Chittagong', 1, 2, '2023-04-01 01:53:30', '2023-04-01 01:53:30', NULL),
(434, 'East West University', 1, 2, '2023-04-01 01:53:30', '2023-04-01 01:53:30', NULL),
(435, 'Eastern Medical College, Comilla', 1, 2, '2023-04-01 01:53:30', '2023-04-01 01:53:30', NULL),
(436, 'Enam Medical College, Savar, Dhaka', 1, 2, '2023-04-01 01:53:30', '2023-04-01 01:53:30', NULL),
(437, 'European University of Bangladesh', 1, 2, '2023-04-01 01:53:30', '2023-04-01 01:53:30', NULL),
(438, 'Exim Bank Agricultural University, Bangladesh', 1, 2, '2023-04-01 01:53:30', '2023-04-01 01:53:30', NULL),
(439, 'Fareast International University', 1, 2, '2023-04-01 01:53:30', '2023-04-01 01:53:30', NULL),
(440, 'Faridpur Engineering College', 1, 2, '2023-04-01 01:53:30', '2023-04-01 01:53:30', NULL),
(441, 'Faridpur Medical College', 1, 2, '2023-04-01 01:53:30', '2023-04-01 01:53:30', NULL),
(442, 'Feni Medical College,Feni', 1, 2, '2023-04-01 01:53:30', '2023-04-01 01:53:30', NULL),
(443, 'Feni University', 1, 2, '2023-04-01 01:53:30', '2023-04-01 01:53:30', NULL),
(444, 'First Capital University of Bangladesh', 1, 2, '2023-04-01 01:53:30', '2023-04-01 01:53:30', NULL),
(445, 'German University Bangladesh', 1, 2, '2023-04-01 01:53:30', '2023-04-01 01:53:30', NULL),
(446, 'Global University Bangladesh', 1, 2, '2023-04-01 01:53:30', '2023-04-01 01:53:30', NULL),
(447, 'Gono Bishwabidyalay, Savar, Dhaka', 1, 2, '2023-04-01 01:53:30', '2023-04-01 01:53:30', NULL),
(448, 'Green Life Medical College, Dhaka', 1, 2, '2023-04-01 01:53:30', '2023-04-01 01:53:30', NULL),
(449, 'Green University of Bangladesh', 1, 2, '2023-04-01 01:53:30', '2023-04-01 01:53:30', NULL),
(450, 'Hajee Mohammad Danesh Science & Technology University', 1, 2, '2023-04-01 01:53:30', '2023-04-01 01:53:30', NULL),
(451, 'Hamdard University Bangladesh', 1, 2, '2023-04-01 01:53:30', '2023-04-01 01:53:30', NULL),
(452, 'Hobiganj Agricultural University', 1, 2, '2023-04-01 01:53:30', '2023-04-01 01:53:30', NULL),
(453, 'Holy Family Red Crescent Medical College, Dhaka', 1, 2, '2023-04-01 01:53:30', '2023-04-01 01:53:30', NULL),
(454, 'IBAIS University', 1, 2, '2023-04-01 01:53:30', '2023-04-01 01:53:30', NULL),
(455, 'Ibn Sina Medical College, Dhaka', 1, 2, '2023-04-01 01:53:30', '2023-04-01 01:53:30', NULL),
(456, 'Ibrahim Medical College, Dhaka', 1, 2, '2023-04-01 01:53:30', '2023-04-01 01:53:30', NULL),
(457, 'Independent University, Bangladesh', 1, 2, '2023-04-01 01:53:30', '2023-04-01 01:53:30', NULL),
(458, 'International Islamic University, Chittagong', 1, 2, '2023-04-01 01:53:30', '2023-04-01 01:53:30', NULL),
(459, 'International Medical College, Gazipur', 1, 2, '2023-04-01 01:53:30', '2023-04-01 01:53:30', NULL),
(460, 'International Standard University', 1, 2, '2023-04-01 01:53:30', '2023-04-01 01:53:30', NULL),
(461, 'International University of Business Agriculture & Technology', 1, 2, '2023-04-01 01:53:30', '2023-04-01 01:53:30', NULL),
(462, 'Ishakha International University, Bangladesh', 1, 2, '2023-04-01 01:53:30', '2023-04-01 01:53:30', NULL),
(463, 'Islami Bank Medical College, Rajshahi', 1, 2, '2023-04-01 01:53:30', '2023-04-01 01:53:30', NULL),
(464, 'Islamic Arabic University', 1, 2, '2023-04-01 01:53:30', '2023-04-01 01:53:30', NULL),
(465, 'Islamic University of Technology', 1, 2, '2023-04-01 01:53:30', '2023-04-01 01:53:30', NULL),
(466, 'Islamic University of Technology, Gazipur', 1, 2, '2023-04-01 01:53:30', '2023-04-01 01:53:30', NULL),
(467, 'Islamic University, Bangladesh', 1, 2, '2023-04-01 01:53:30', '2023-04-01 01:53:30', NULL),
(468, 'Islamic University, Kushtia', 1, 2, '2023-04-01 01:53:30', '2023-04-01 01:53:30', NULL),
(469, 'Jagannath University', 1, 2, '2023-04-01 01:53:30', '2023-04-01 01:53:30', NULL),
(470, 'Jahangirnagar University', 1, 2, '2023-04-01 01:53:30', '2023-04-01 01:53:30', NULL),
(471, 'Jahurul Islam Medical College, Kishoregonj', 1, 2, '2023-04-01 01:53:30', '2023-04-01 01:53:30', NULL),
(472, 'Jalalabad Ragib-Rabeya Medical College, Sylhet', 1, 2, '2023-04-01 01:53:30', '2023-04-01 01:53:30', NULL),
(473, 'Jatiya Kabi Kazi Nazrul Islam University', 1, 2, '2023-04-01 01:53:30', '2023-04-01 01:53:30', NULL),
(474, 'Jessore Medical College', 1, 2, '2023-04-01 01:53:30', '2023-04-01 01:53:30', NULL),
(475, 'Jessore Science & Technology University', 1, 2, '2023-04-01 01:53:30', '2023-04-01 01:53:30', NULL),
(476, 'Jessore University of Science & Technology', 1, 2, '2023-04-01 01:53:30', '2023-04-01 01:53:30', NULL),
(477, 'Khawja Yunus Ali Medical College, Sirajganj', 1, 2, '2023-04-01 01:53:30', '2023-04-01 01:53:30', NULL),
(478, 'Khulna Agricultural University', 1, 2, '2023-04-01 01:53:30', '2023-04-01 01:53:30', NULL),
(479, 'Khulna Khan Bahadur Ahsanullah University', 1, 2, '2023-04-01 01:53:30', '2023-04-01 01:53:30', NULL),
(480, 'Khulna Medical College', 1, 2, '2023-04-01 01:53:30', '2023-04-01 01:53:30', NULL),
(481, 'Khulna University', 1, 2, '2023-04-01 01:53:30', '2023-04-01 01:53:30', NULL),
(482, 'Khulna University of Engineering and Technology', 1, 2, '2023-04-01 01:53:30', '2023-04-01 01:53:30', NULL),
(483, 'Khwaja Yunus Ali University', 1, 2, '2023-04-01 01:53:30', '2023-04-01 01:53:30', NULL),
(484, 'Kumudini Medical College, Tangail', 1, 2, '2023-04-01 01:53:30', '2023-04-01 01:53:30', NULL),
(485, 'Other', 1, 2, '2023-04-01 01:53:30', '2023-04-01 01:53:30', NULL);

-- --------------------------------------------------------

--
-- Table structure for table `jb18_certificates`
--

CREATE TABLE `jb18_certificates` (
  `id` int(11) NOT NULL,
  `name` varchar(200) NOT NULL,
  `status` int(11) NOT NULL DEFAULT 1,
  `created_at` timestamp NULL DEFAULT current_timestamp(),
  `updated_at` timestamp NULL DEFAULT NULL ON UPDATE current_timestamp(),
  `deleted_at` timestamp NULL DEFAULT NULL
) ENGINE=InnoDB DEFAULT CHARSET=utf8 COLLATE=utf8_general_ci;

--
-- Dumping data for table `jb18_certificates`
--

INSERT INTO `jb18_certificates` (`id`, `name`, `status`, `created_at`, `updated_at`, `deleted_at`) VALUES
(1, 'প্রথম শ্রেণীর ইনল্যান্ড মাষ্টার সার্টিফিকেট', 1, '2023-04-02 15:09:43', NULL, NULL),
(2, 'দ্বিতীয় শ্রেণীর ইনল্যান্ড মাষ্টার সার্টিফিকেট', 1, '2023-04-02 15:09:43', NULL, NULL);

-- --------------------------------------------------------

--
-- Table structure for table `jb18_district_upozilla`
--

CREATE TABLE `jb18_district_upozilla` (
  `id` int(11) NOT NULL,
  `zilla_name` varchar(255) DEFAULT NULL,
  `zilla_id` int(11) DEFAULT 0,
  `upozilla` varchar(255) DEFAULT NULL
) ENGINE=InnoDB DEFAULT CHARSET=utf8 COLLATE=utf8_general_ci;

--
-- Dumping data for table `jb18_district_upozilla`
--

INSERT INTO `jb18_district_upozilla` (`id`, `zilla_name`, `zilla_id`, `upozilla`) VALUES
(1, 'সিরাজগঞ্জ', 0, NULL),
(2, 'পাবনা', 0, NULL),
(3, 'বগুড়া', 0, NULL),
(4, 'রাজশাহী', 0, NULL),
(5, 'নাটোর', 0, NULL),
(6, 'জয়পুরহাট', 0, NULL),
(7, 'চাঁপাইনবাবগঞ্জ', 0, NULL),
(8, 'নওগাঁ', 0, NULL),
(9, 'নরসিংদী', 0, NULL),
(10, 'গাজীপুর', 0, NULL),
(11, 'শরীয়তপুর', 0, NULL),
(12, 'নারায়ণগঞ্জ', 0, NULL),
(13, 'টাঙ্গাইল', 0, NULL),
(14, 'কিশোরগঞ্জ', 0, NULL),
(15, 'মানিকগঞ্জ', 0, NULL),
(16, 'ঢাকা', 0, NULL),
(17, 'মুন্সিগঞ্জ', 0, NULL),
(18, 'রাজবাড়ী', 0, NULL),
(19, 'মাদারীপুর', 0, NULL),
(20, 'গোপালগঞ্জ', 0, NULL),
(21, 'ফরিদপুর', 0, NULL),
(22, 'পঞ্চগড়', 0, NULL),
(23, 'দিনাজপুর', 0, NULL),
(24, 'লালমনিরহাট', 0, NULL),
(25, 'নীলফামারী', 0, NULL),
(26, 'গাইবান্ধা', 0, NULL),
(27, 'ঠাকুরগাঁও', 0, NULL),
(28, 'রংপুর', 0, NULL),
(29, 'কুড়িগ্রাম', 0, NULL),
(30, 'শেরপুর', 0, NULL),
(31, 'ময়মনসিংহ', 0, NULL),
(32, 'জামালপুর', 0, NULL),
(33, 'নেত্রকোণা', 0, NULL),
(34, 'যশোর', 0, NULL),
(35, 'সাতক্ষীরা', 0, NULL),
(36, 'মেহেরপুর', 0, NULL),
(37, 'নড়াইল', 0, NULL),
(38, 'চুয়াডাঙ্গা', 0, NULL),
(39, 'কুষ্টিয়া', 0, NULL),
(40, 'মাগুরা', 0, NULL),
(41, 'খুলনা', 0, NULL),
(42, 'বাগেরহাট', 0, NULL),
(43, 'ঝিনাইদহ', 0, NULL),
(44, 'ঝালকাঠি', 0, NULL),
(45, 'পটুয়াখালী', 0, NULL),
(46, 'পিরোজপুর', 0, NULL),
(47, 'বরিশাল', 0, NULL),
(48, 'ভোলা', 0, NULL),
(49, 'বরগুনা', 0, NULL),
(50, 'সিলেট', 0, NULL),
(51, 'মৌলভীবাজার', 0, NULL),
(52, 'হবিগঞ্জ', 0, NULL),
(53, 'সুনামগঞ্জ', 0, NULL),
(54, 'কুমিল্লা', 0, NULL),
(55, 'ফেনী', 0, NULL),
(56, 'ব্রাহ্মণবাড়িয়া', 0, NULL),
(57, 'রাঙ্গামাটি', 0, NULL),
(58, 'নোয়াখালী', 0, NULL),
(59, 'চাঁদপুর', 0, NULL),
(60, 'লক্ষ্মীপুর', 0, NULL),
(61, 'চট্টগ্রাম', 0, NULL),
(62, 'কক্সবাজার', 0, NULL),
(63, 'খাগড়াছড়ি', 0, NULL),
(64, 'বান্দরবান', 0, NULL),
(65, 'সিরাজগঞ্জ', 1, 'বেলকুচি'),
(66, 'সিরাজগঞ্জ', 1, 'চৌহালি'),
(67, 'সিরাজগঞ্জ', 1, 'কামারখন্দ'),
(68, 'সিরাজগঞ্জ', 1, 'কাজীপুর'),
(69, 'সিরাজগঞ্জ', 1, 'রায়গঞ্জ'),
(70, 'সিরাজগঞ্জ', 1, 'শাহজাদপুর'),
(71, 'সিরাজগঞ্জ', 1, 'সিরাজগঞ্জ'),
(72, 'সিরাজগঞ্জ', 1, 'তাড়াশ'),
(73, 'সিরাজগঞ্জ', 1, 'উল্লাপাড়া'),
(74, 'পাবনা', 2, 'সুজানগর'),
(75, 'পাবনা', 2, 'ঈশ্বরদী'),
(76, 'পাবনা', 2, 'ভাঙ্গুড়া'),
(77, 'পাবনা', 2, 'পাবনা সদর'),
(78, 'পাবনা', 2, 'বেড়া'),
(79, 'পাবনা', 2, 'আটঘরিয়া'),
(80, 'পাবনা', 2, 'চাটমোহর'),
(81, 'পাবনা', 2, 'সাঁথিয়া'),
(82, 'পাবনা', 2, 'ফরিদপুর'),
(83, 'কিশোরগঞ্জ', 14, 'কিশোরগঞ্জ সদর'),
(84, 'কিশোরগঞ্জ', 14, 'ইটনা'),
(85, 'কিশোরগঞ্জ', 14, 'কটিয়াদী'),
(86, 'কিশোরগঞ্জ', 14, 'ভৈরব'),
(87, 'কিশোরগঞ্জ', 14, 'তাড়াইল'),
(88, 'কিশোরগঞ্জ', 14, 'হোসেনপুর'),
(89, 'কিশোরগঞ্জ', 14, 'পাকুন্দিয়া'),
(90, 'কিশোরগঞ্জ', 14, 'কুলিয়ারচর'),
(91, 'কিশোরগঞ্জ', 14, 'করিমগঞ্জ'),
(92, 'কিশোরগঞ্জ', 14, 'বাজিতপুর'),
(93, 'কিশোরগঞ্জ', 14, 'অষ্টগ্রাম'),
(94, 'কিশোরগঞ্জ', 14, 'মিঠামইন'),
(95, 'কিশোরগঞ্জ', 14, 'নিকলী'),
(96, 'কক্সবাজার', 62, 'কক্সবাজার সদর'),
(97, 'কক্সবাজার', 62, 'চকরিয়া'),
(98, 'কক্সবাজার', 62, 'কুতুবদিয়া'),
(99, 'কক্সবাজার', 62, 'উখিয়া'),
(100, 'কক্সবাজার', 62, 'মহেশখালী'),
(101, 'কক্সবাজার', 62, 'পেকুয়া'),
(102, 'কক্সবাজার', 62, 'রামু'),
(103, 'কক্সবাজার', 62, 'টেকনাফ'),
(104, 'কুমিল্লা', 54, 'দেবিদ্বার'),
(105, 'কুমিল্লা', 54, 'বরুড়া'),
(106, 'কুমিল্লা', 54, 'ব্রাহ্মণপাড়া'),
(107, 'কুমিল্লা', 54, 'চান্দিনা'),
(108, 'কুমিল্লা', 54, 'চৌদ্দগ্রাম'),
(109, 'কুমিল্লা', 54, 'দাউদকান্দি'),
(110, 'কুমিল্লা', 54, 'হোমনা'),
(111, 'কুমিল্লা', 54, 'লাকসাম'),
(112, 'কুমিল্লা', 54, 'মুরাদনগর'),
(113, 'কুমিল্লা', 54, 'নাঙ্গলকোট'),
(114, 'কুমিল্লা', 54, 'কুমিল্লা সদর'),
(115, 'কুমিল্লা', 54, 'মেঘনা'),
(116, 'কুমিল্লা', 54, 'মনোহরগঞ্জ'),
(117, 'কুমিল্লা', 54, 'সদর দক্ষিণ'),
(118, 'কুমিল্লা', 54, 'তিতাস'),
(119, 'কুমিল্লা', 54, 'বুড়িচং'),
(120, 'কুষ্টিয়া', 39, 'কুষ্টিয়া সদর '),
(121, 'কুষ্টিয়া', 39, 'কুমারখালী'),
(122, 'কুষ্টিয়া', 39, 'খোকসা'),
(123, 'কুষ্টিয়া', 39, 'মিরপুর'),
(124, 'কুষ্টিয়া', 39, 'দৌলতপুর'),
(125, 'কুষ্টিয়া', 39, 'ভেড়ামারা'),
(126, 'কুড়িগ্রাম', 29, 'কুড়িগ্রাম সদর'),
(127, 'কুড়িগ্রাম', 29, 'নাগেশ্বরী'),
(128, 'কুড়িগ্রাম', 29, 'ভুরুঙ্গামারী'),
(129, 'কুড়িগ্রাম', 29, 'ফুলবাড়ী'),
(130, 'কুড়িগ্রাম', 29, 'রাজারহাট'),
(131, 'কুড়িগ্রাম', 29, 'উলিপুর'),
(132, 'কুড়িগ্রাম', 29, 'চিলমারী'),
(133, 'কুড়িগ্রাম', 29, 'রৌমারী'),
(134, 'কুড়িগ্রাম', 29, 'চর রাজিবপুর'),
(135, 'খাগড়াছড়ি', 63, 'খাগড়াছড়ি সদর'),
(136, 'খাগড়াছড়ি', 63, 'দিঘীনালা'),
(137, 'খাগড়াছড়ি', 63, 'পানছড়ি'),
(138, 'খাগড়াছড়ি', 63, 'লক্ষীছড়ি'),
(139, 'খাগড়াছড়ি', 63, 'মহালছড়ি'),
(140, 'খাগড়াছড়ি', 63, 'মানিকছড়ি'),
(141, 'খাগড়াছড়ি', 63, 'রামগড়'),
(142, 'খাগড়াছড়ি', 63, 'মাটিরাঙ্গা'),
(143, 'খুলনা', 41, 'পাইকগাছা'),
(144, 'খুলনা', 41, 'ফুলতলা উপজেলা'),
(145, 'খুলনা', 41, 'দিঘলিয়া উপজেলা'),
(146, 'খুলনা', 41, 'রূপসা উপজেলা'),
(147, 'খুলনা', 41, 'তেরখাদা উপজেলা'),
(148, 'খুলনা', 41, 'ডুমুরিয়া উপজেলা'),
(149, 'খুলনা', 41, 'বটিয়াঘাটা'),
(150, 'খুলনা', 41, 'দাকোপ উপজেলা'),
(151, 'খুলনা', 41, 'কয়রা উপজেলা'),
(152, 'গাইবান্ধা', 26, 'সাদুল্লাপুর'),
(153, 'গাইবান্ধা', 26, 'গাইবান্ধা সদর'),
(154, 'গাইবান্ধা', 26, 'পলাশবাড়ী'),
(155, 'গাইবান্ধা', 26, 'সাঘাটা উপজেলা'),
(156, 'গাইবান্ধা', 26, 'গোবিন্দগঞ্জ উপজেলা'),
(157, 'গাইবান্ধা', 26, 'সুন্দরগঞ্জ'),
(158, 'গাইবান্ধা', 26, 'ফুলছড়ি'),
(159, 'গাজীপুর', 10, 'কালীগঞ্জ'),
(160, 'গাজীপুর', 10, ' কালিয়াকৈর'),
(161, 'গাজীপুর', 10, 'কাপাসিয়া'),
(162, 'গাজীপুর', 10, 'গাজীপুর সদর'),
(163, 'গাজীপুর', 10, 'শ্রীপুর'),
(164, 'গোপালগঞ্জ', 20, 'গোপালগঞ্জ সদর'),
(165, 'গোপালগঞ্জ', 20, 'কাশিয়ানী'),
(166, 'গোপালগঞ্জ', 20, 'টুংগীপাড়া'),
(167, 'গোপালগঞ্জ', 20, ' কোটালীপাড়া'),
(168, 'গোপালগঞ্জ', 20, 'মুকসুদপুর'),
(169, 'চট্টগ্রাম', 61, 'রাঙ্গুনিয়া'),
(170, 'চট্টগ্রাম', 61, 'সীতাকুন্ড উপজেলা'),
(171, 'চট্টগ্রাম', 61, 'মীরসরাই'),
(172, 'চট্টগ্রাম', 61, 'পটিয়া'),
(173, 'চট্টগ্রাম', 61, 'সন্দ্বীপ'),
(174, 'চট্টগ্রাম', 61, 'বাঁশখালী'),
(175, 'চট্টগ্রাম', 61, 'বোয়ালখালী'),
(176, 'চট্টগ্রাম', 61, 'আনোয়ারা'),
(177, 'চট্টগ্রাম', 61, 'চন্দনাইশ'),
(178, 'চট্টগ্রাম', 61, 'সাতকানিয়া'),
(179, 'চট্টগ্রাম', 61, 'লোহাগাড়া'),
(180, 'চট্টগ্রাম', 61, 'হাটহাজারী'),
(181, 'চট্টগ্রাম', 61, 'ফটিকছড়ি'),
(182, 'চট্টগ্রাম', 61, 'রাউজান'),
(183, 'চাঁদপুর', 59, 'হাইমচর'),
(184, 'চাঁদপুর', 59, 'কচুয়া'),
(185, 'চাঁদপুর', 59, 'শাহরাস্তি'),
(186, 'চাঁদপুর', 59, 'চাঁদপুর সদর'),
(187, 'চাঁদপুর', 59, 'মতলব দক্ষিণ'),
(188, 'চাঁদপুর', 59, 'হাজীগঞ্জ'),
(189, 'চাঁদপুর', 59, 'ফরিদগঞ্জ'),
(190, 'চাঁদপুর', 59, 'চাঁদপুর '),
(191, 'চাঁদপুর', 59, 'মতলব উত্তর'),
(192, 'চাঁপাইনবাবগঞ্জ', 7, 'চাঁপাইনবাবগঞ্জ সদর'),
(193, 'চাঁপাইনবাবগঞ্জ', 7, 'গোমস্তাপুর'),
(194, 'চাঁপাইনবাবগঞ্জ', 7, 'নাচোল '),
(195, 'চাঁপাইনবাবগঞ্জ', 7, 'ভোলাহাট'),
(196, 'চাঁপাইনবাবগঞ্জ', 7, 'শিবগঞ্জ'),
(197, 'চুয়াডাঙ্গা', 38, 'চুয়াডাঙ্গা সদর'),
(198, 'চুয়াডাঙ্গা', 38, 'আলমডাঙ্গা'),
(199, 'চুয়াডাঙ্গা', 38, 'দামুড়হুদা'),
(200, 'চুয়াডাঙ্গা', 38, 'জীবননগর'),
(201, 'জামালপুর', 32, 'জামালপুর সদর'),
(202, 'জামালপুর', 32, 'মেলান্দহ'),
(203, 'জামালপুর', 32, 'ইসলামপুর'),
(204, 'জামালপুর', 32, 'দেওয়ানগঞ্জ'),
(205, 'জামালপুর', 32, 'সরিষাবাড়ী'),
(206, 'জামালপুর', 32, 'মাদারগঞ্জ'),
(207, 'জামালপুর', 32, 'বকশীগঞ্জ'),
(208, 'জয়পুরহাট', 6, 'আক্কেলপুর উপজেলা'),
(209, 'জয়পুরহাট', 6, 'কালাই উপজেলা'),
(210, 'জয়পুরহাট', 6, 'ক্ষেতলাল উপজেলা'),
(211, 'জয়পুরহাট', 6, 'পাঁচবিবি উপজেলা'),
(212, 'জয়পুরহাট', 6, 'জয়পুরহাট সদর'),
(213, 'ঝালকাঠি', 44, 'ঝালকাঠি সদর'),
(214, 'ঝালকাঠি', 44, 'কাঠালিয়া'),
(215, 'ঝালকাঠি', 44, 'নলছিটি'),
(216, 'ঝিনাইদহ', 43, 'ঝিনাইদহ সদর'),
(217, 'ঝিনাইদহ', 43, 'শৈলকুপা'),
(218, 'ঝিনাইদহ', 43, 'হরিণাকুন্ডু'),
(219, 'ঝিনাইদহ', 43, 'কালীগঞ্জ'),
(220, 'ঝিনাইদহ', 43, 'কোটচাঁদপুর'),
(221, 'ঝিনাইদহ', 43, 'মহেশপুর'),
(222, 'টাঙ্গাইল', 13, 'বাসাইল'),
(223, 'টাঙ্গাইল', 13, 'ভুয়াপুর'),
(224, 'টাঙ্গাইল', 13, 'দেলদুয়ার'),
(225, 'টাঙ্গাইল', 13, 'ঘাটাইল'),
(226, 'টাঙ্গাইল', 13, 'গোপালপুর'),
(227, 'টাঙ্গাইল', 13, 'মধুপুর'),
(228, 'টাঙ্গাইল', 13, 'মির্জাপুর'),
(229, 'টাঙ্গাইল', 13, 'নাগরপুর'),
(230, 'টাঙ্গাইল', 13, 'সখিপুর'),
(231, 'টাঙ্গাইল', 13, 'টাঙ্গাইল সদর'),
(232, 'টাঙ্গাইল', 13, 'কালিহাতী'),
(233, 'টাঙ্গাইল', 13, 'ধনবাড়ী'),
(234, 'ঠাকুরগাঁও', 27, 'ঠাকুরগাঁও সদর'),
(235, 'ঠাকুরগাঁও', 27, 'পীরগঞ্জ উপজেলা'),
(236, 'ঠাকুরগাঁও', 27, 'রাণীশংকৈল উপজেলা'),
(237, 'ঠাকুরগাঁও', 27, 'হরিপুর উপজেলা'),
(238, 'ঠাকুরগাঁও', 27, 'বালিয়াডাঙ্গী উপজেলা'),
(239, 'ঢাকা', 16, 'সাভার'),
(240, 'ঢাকা', 16, 'ধামরাই'),
(241, 'ঢাকা', 16, 'কেরাণীগঞ্জ'),
(242, 'ঢাকা', 16, 'নবাবগঞ্জ'),
(243, 'ঢাকা', 16, 'দোহার'),
(244, 'দিনাজপুর', 23, 'নবাবগঞ্জ'),
(245, 'দিনাজপুর', 23, 'বীরগঞ্জ উপজেলা'),
(246, 'দিনাজপুর', 23, ' ঘোড়াঘাট'),
(247, 'দিনাজপুর', 23, 'বিরামপুর'),
(248, 'দিনাজপুর', 23, 'পার্বতীপুর উপজেলা'),
(249, 'দিনাজপুর', 23, 'বোচাগঞ্জ উপজেলা'),
(250, 'দিনাজপুর', 23, 'কাহারোল উপজেলা'),
(251, 'দিনাজপুর', 23, 'ফুলবাড়ী উপজেলা'),
(252, 'দিনাজপুর', 23, ' দিনাজপুর সদর'),
(253, 'দিনাজপুর', 23, 'হাকিমপুর উপজেলা'),
(254, 'দিনাজপুর', 23, 'খানসামা'),
(255, 'দিনাজপুর', 23, 'বিরল উপজেলা'),
(256, 'দিনাজপুর', 23, 'চিরিরবন্দর উপজেলা'),
(257, 'নওগাঁ', 8, 'মহাদেবপুর উপজেলা'),
(258, 'নওগাঁ', 8, 'বদলগাছী উপজেলা'),
(259, 'নওগাঁ', 8, 'পত্নিতলা উপজেলা'),
(260, 'নওগাঁ', 8, 'ধামইরহাট উপজেলা'),
(261, 'নওগাঁ', 8, 'নিয়ামতপুর উপজেলা'),
(262, 'নওগাঁ', 8, 'মান্দা উপজেলা'),
(263, 'নওগাঁ', 8, 'আত্রাই উপজেলা'),
(264, 'নওগাঁ', 8, 'রাণীনগর উপজেলা '),
(265, 'নওগাঁ', 8, 'নওগাঁ সদর'),
(266, 'নওগাঁ', 8, 'পোরশা উপজেলা'),
(267, 'নওগাঁ', 8, 'পোরশা '),
(268, 'নওগাঁ', 8, 'সাপাহার'),
(269, 'নড়াইল', 37, 'নড়াইল সদর'),
(270, 'নড়াইল', 37, 'লোহাগড়া'),
(271, 'নড়াইল', 37, 'কালিয়া'),
(272, 'নাটোর', 5, 'নাটোর সদর'),
(273, 'নাটোর', 5, 'সিংড়া'),
(274, 'নাটোর', 5, 'বড়াইগ্রাম'),
(275, 'নাটোর', 5, 'বাগাতিপাড়া'),
(276, 'নাটোর', 5, 'লালপুর'),
(277, 'নাটোর', 5, 'গুরুদাসপুর'),
(278, 'নারায়ণগঞ্জ', 12, 'আড়াইহাজার উপজেলা'),
(279, 'নারায়ণগঞ্জ', 12, 'নারায়নগঞ্জ সদর'),
(280, 'নারায়ণগঞ্জ', 12, 'রূপগঞ্জ উপজেলা'),
(281, 'নারায়ণগঞ্জ', 12, 'সোনারগাঁ উপজেলা'),
(282, 'নীলফামারী', 25, 'সৈয়দপুর উপজেলা'),
(283, 'নীলফামারী', 25, 'ডোমার উপজেলা'),
(284, 'নীলফামারী', 25, 'ডিমলা'),
(285, 'নীলফামারী', 25, 'জলঢাকা'),
(286, 'নীলফামারী', 25, 'কিশোরগঞ্জ'),
(287, 'নীলফামারী', 25, 'নীলফামারী সদর'),
(288, 'নরসিংদী', 9, 'বেলাবো'),
(289, 'নরসিংদী', 9, 'মনোহরদী'),
(290, 'নরসিংদী', 9, 'নরসিংদী'),
(291, 'নরসিংদী', 9, 'পলাশ'),
(292, 'নরসিংদী', 9, 'রায়পুরা'),
(293, 'নরসিংদী', 9, 'শিবপুর'),
(294, 'নেত্রকোণা', 33, 'বারহাট্টা'),
(295, 'নেত্রকোণা', 33, 'দুর্গাপুর'),
(296, 'নেত্রকোণা', 33, 'কেন্দুয়া'),
(297, 'নেত্রকোণা', 33, 'আটপাড়া'),
(298, 'নেত্রকোণা', 33, 'মদন'),
(299, 'নেত্রকোণা', 33, 'খালিয়াজুরী'),
(300, 'নেত্রকোণা', 33, 'কলমাকান্দা'),
(301, 'নেত্রকোণা', 33, 'মোহনগঞ্জ'),
(302, 'নেত্রকোণা', 33, 'নেত্রকোণা সদর'),
(303, 'নোয়াখালী', 58, 'নোয়াখালী'),
(304, 'নোয়াখালী', 58, 'কোম্পানীগঞ্জ'),
(305, 'নোয়াখালী', 58, 'বেগমগঞ্জ'),
(306, 'নোয়াখালী', 58, 'হাতিয়া'),
(307, 'নোয়াখালী', 58, 'সুবর্ণচর'),
(308, 'নোয়াখালী', 58, 'কবিরহাট'),
(309, 'নোয়াখালী', 58, 'সেনবাগ'),
(310, 'নোয়াখালী', 58, 'চাটখিল'),
(311, 'নোয়াখালী', 58, 'সোনাইমুড়ী'),
(312, 'পঞ্চগড়', 22, 'পঞ্চগড়'),
(313, 'পঞ্চগড়', 22, 'দেবীগঞ্জ'),
(314, 'পঞ্চগড়', 22, ' বোদা'),
(315, 'পঞ্চগড়', 22, 'আটোয়ারী'),
(316, 'পঞ্চগড়', 22, 'তেতুলিয়া'),
(317, 'পটুয়াখালী', 45, 'বাউফল'),
(318, 'পটুয়াখালী', 45, 'পটুয়াখালী সদর'),
(319, 'পটুয়াখালী', 45, 'দুমকি'),
(320, 'পটুয়াখালী', 45, 'দশমিনা'),
(321, 'পটুয়াখালী', 45, 'কলাপাড়া'),
(322, 'পটুয়াখালী', 45, 'মির্জাগঞ্জ'),
(323, 'পটুয়াখালী', 45, 'গলাচিপা'),
(324, 'পটুয়াখালী', 45, 'রাঙ্গাবালী'),
(325, 'পিরোজপুর', 46, 'পিরোজপুর সদর'),
(326, 'পিরোজপুর', 46, 'নাজিরপুর'),
(327, 'পিরোজপুর', 46, 'কাউখালী'),
(328, 'পিরোজপুর', 46, 'জিয়ানগর'),
(329, 'পিরোজপুর', 46, 'ভান্ডারিয়া'),
(330, 'পিরোজপুর', 46, 'মঠবাড়ীয়া'),
(331, 'পিরোজপুর', 46, 'নেছারাবাদ'),
(332, 'ফরিদপুর', 21, 'ফরিদপুর সদর'),
(333, 'ফরিদপুর', 21, 'আলফাডাঙ্গা'),
(334, 'ফরিদপুর', 21, 'বোয়ালমারী'),
(335, 'ফরিদপুর', 21, 'সদরপুর'),
(336, 'ফরিদপুর', 21, 'নগরকান্দা'),
(337, 'ফরিদপুর', 21, 'ভাঙ্গা'),
(338, 'ফরিদপুর', 21, 'চরভদ্রাসন'),
(339, 'ফরিদপুর', 21, 'মধুখালী'),
(340, 'ফরিদপুর', 21, 'সালথা'),
(341, 'ফেনী', 55, 'ছাগলনাইয়া উপজেলা'),
(342, 'ফেনী', 55, 'ফেনী সদর'),
(343, 'ফেনী', 55, 'সোনাগাজী উপজেলা'),
(344, 'ফেনী', 55, 'ফুলগাজী উপজেলা'),
(345, 'ফেনী', 55, 'পরশুরাম'),
(346, 'ফেনী', 55, 'দাগনভূঞা'),
(347, 'বগুড়া', 3, 'কাহালু উপজেলা'),
(348, 'বগুড়া', 3, 'বগুড়া সদর'),
(349, 'বগুড়া', 3, 'সারিয়াকান্দি'),
(350, 'বগুড়া', 3, 'শাজাহানপুর'),
(351, 'বগুড়া', 3, 'দুপচাচিঁয়া উপজেলা'),
(352, 'বগুড়া', 3, 'আদমদিঘি উপজেলা '),
(353, 'বগুড়া', 3, 'নন্দিগ্রাম'),
(354, 'বগুড়া', 3, 'সোনাতলা উপজেলা'),
(355, 'বগুড়া', 3, 'ধুনট উপজেলা'),
(356, 'বগুড়া', 3, 'গাবতলী'),
(357, 'বগুড়া', 3, 'শেরপুর উপজেলা'),
(358, 'বগুড়া', 3, 'শিবগঞ্জ'),
(359, 'বরগুনা', 49, 'আমতলী'),
(360, 'বরগুনা', 49, 'বরগুনা সদর'),
(361, 'বরগুনা', 49, 'বেতাগী উপজেলা'),
(362, 'বরগুনা', 49, 'বামনা'),
(363, 'বরগুনা', 49, 'পাথরঘাটা'),
(364, 'বরগুনা', 49, 'তালতলি'),
(365, 'বরিশাল', 47, 'বরিশাল সদর'),
(366, 'বরিশাল', 47, 'বাকেরগঞ্জ'),
(367, 'বরিশাল', 47, 'বাবুগঞ্জ'),
(368, 'বরিশাল', 47, 'উজিরপুর'),
(369, 'বরিশাল', 47, 'বানারীপাড়া'),
(370, 'বরিশাল', 47, 'গৌরনদী'),
(371, 'বরিশাল', 47, 'আগৈলঝাড়া'),
(372, 'বরিশাল', 47, 'মেহেন্দিগঞ্জ'),
(373, 'বরিশাল', 47, 'মুলাদী'),
(374, 'বরিশাল', 47, 'হিজলা'),
(375, 'বাগেরহাট', 42, 'ফকিরহাট'),
(376, 'বাগেরহাট', 42, 'বাগেরহাট সদর'),
(377, 'বাগেরহাট', 42, 'মোল্লাহাট'),
(378, 'বাগেরহাট', 42, 'শরণখোলা'),
(379, 'বাগেরহাট', 42, 'রামপাল'),
(380, 'বাগেরহাট', 42, 'মোড়েলগঞ্জ'),
(381, 'বাগেরহাট', 42, 'কচুয়া'),
(382, 'বাগেরহাট', 42, 'মোংলা'),
(383, 'বাগেরহাট', 42, 'চিতলমারী'),
(384, 'বান্দরবান', 64, 'বান্দরবান সদর'),
(385, 'বান্দরবান', 64, 'আলীকদম'),
(386, 'বান্দরবান', 64, 'নাইক্ষ্যংছড়ি'),
(387, 'বান্দরবান', 64, 'রোয়াংছড়ি'),
(388, 'বান্দরবান', 64, 'লামা'),
(389, 'বান্দরবান', 64, 'রুমা'),
(390, 'বান্দরবান', 64, 'থানচি'),
(391, 'ব্রাহ্মণবাড়িয়া', 56, 'ব্রাহ্মণবাড়িয়া সদর'),
(392, 'ব্রাহ্মণবাড়িয়া', 56, 'কসবা'),
(393, 'ব্রাহ্মণবাড়িয়া', 56, 'নাসিরনগর'),
(394, 'ব্রাহ্মণবাড়িয়া', 56, 'সরাইল উপজেলা'),
(395, 'ব্রাহ্মণবাড়িয়া', 56, 'আশুগঞ্জ'),
(396, 'ব্রাহ্মণবাড়িয়া', 56, 'আখাউড়া'),
(397, 'ব্রাহ্মণবাড়িয়া', 56, 'নবীনগর'),
(398, 'ব্রাহ্মণবাড়িয়া', 56, 'বাঞ্ছারামপুর '),
(399, 'ব্রাহ্মণবাড়িয়া', 56, 'বিজয়নগর'),
(400, 'ভোলা', 48, 'ভোলা সদর'),
(401, 'ভোলা', 48, 'বোরহান উদ্দিন'),
(402, 'ভোলা', 48, 'দৌলতখান'),
(403, 'ভোলা', 48, 'মনপুরা'),
(404, 'ভোলা', 48, 'তজুমদ্দিন'),
(405, 'ভোলা', 48, 'লালমোহন'),
(406, 'মাগুরা', 40, 'শালিখা'),
(407, 'মাগুরা', 40, 'শ্রীপুর'),
(408, 'মাগুরা', 40, 'মাগুরা সদর'),
(409, 'মাগুরা', 40, 'মহম্মদপুর'),
(410, 'মাদারীপুর', 19, 'মাদারীপুর সদর'),
(411, 'মাদারীপুর', 19, 'শিবচর'),
(412, 'মাদারীপুর', 19, 'কালকিনি'),
(413, 'মাদারীপুর', 19, ' রাজৈর'),
(414, 'মানিকগঞ্জ', 15, 'হরিরামপুর'),
(415, 'মানিকগঞ্জ', 15, 'সাটুরিয়া'),
(416, 'মানিকগঞ্জ', 15, 'মানিকগঞ্জ সদর'),
(417, 'মানিকগঞ্জ', 15, 'ঘিওর'),
(418, 'মানিকগঞ্জ', 15, 'শিবালয়'),
(419, 'মানিকগঞ্জ', 15, 'দৌলতপুর'),
(420, 'মানিকগঞ্জ', 15, 'সিংগাইর'),
(421, 'মুন্সিগঞ্জ', 17, 'মুন্সিগঞ্জ সদর'),
(422, 'মুন্সিগঞ্জ', 17, 'শ্রীনগর'),
(423, 'মুন্সিগঞ্জ', 17, 'সিরাজদিখান'),
(424, 'মুন্সিগঞ্জ', 17, 'লৌহজং'),
(425, 'মুন্সিগঞ্জ', 17, 'গজারিয়া'),
(426, 'মুন্সিগঞ্জ', 17, 'টংগীবাড়ি'),
(427, 'মেহেরপুর', 36, 'মুজিবনগর'),
(428, 'মেহেরপুর', 36, 'মেহেরপুর সদর'),
(429, 'মেহেরপুর', 36, 'গাংনী'),
(430, 'হবিগঞ্জ', 52, 'নবীগঞ্জ'),
(431, 'হবিগঞ্জ', 52, 'বাহুবল'),
(432, 'হবিগঞ্জ', 52, 'আজমিরীগঞ্জ'),
(433, 'হবিগঞ্জ', 52, 'বানিয়াচং'),
(434, 'হবিগঞ্জ', 52, 'লাখাই'),
(435, 'হবিগঞ্জ', 52, 'চুনারুঘাট'),
(436, 'হবিগঞ্জ', 52, 'হবিগঞ্জ সদর'),
(437, 'হবিগঞ্জ', 52, 'মাধবপুর উপজেলা'),
(438, 'ময়মনসিংহ', 31, 'ফুলবাড়ীয়া'),
(439, 'ময়মনসিংহ', 31, 'ত্রিশাল'),
(440, 'ময়মনসিংহ', 31, 'ভালুকা'),
(441, 'ময়মনসিংহ', 31, 'মুক্তাগাছা'),
(442, 'ময়মনসিংহ', 31, 'ময়মনসিংহ সদর'),
(443, 'ময়মনসিংহ', 31, 'ধোবাউড়া'),
(444, 'ময়মনসিংহ', 31, 'ফুলপুর'),
(445, 'ময়মনসিংহ', 31, 'হালুয়াঘাট'),
(446, 'ময়মনসিংহ', 31, 'গৌরীপুর'),
(447, 'ময়মনসিংহ', 31, 'গফরগাঁও'),
(448, 'ময়মনসিংহ', 31, 'ঈশ্বরগঞ্জ'),
(449, 'ময়মনসিংহ', 31, 'নান্দাইল`'),
(450, 'ময়মনসিংহ', 31, 'তারাকান্দা'),
(451, 'যশোর', 34, 'মণিরামপুর'),
(452, 'যশোর', 34, 'অভয়নগর'),
(453, 'যশোর', 34, 'বাঘারপাড়া'),
(454, 'যশোর', 34, 'চৌগাছা'),
(455, 'যশোর', 34, 'ঝিকরগাছা'),
(456, 'যশোর', 34, 'কেশবপুর'),
(457, 'যশোর', 34, 'যশোর সদর'),
(458, 'যশোর', 34, 'শার্শা'),
(459, 'রংপুর', 28, 'রংপুর সদর'),
(460, 'রংপুর', 28, 'গংগাচড়া'),
(461, 'রংপুর', 28, 'তারাগঞ্জ উপজেলা'),
(462, 'রংপুর', 28, 'বদরগঞ্জ উপজেলা'),
(463, 'রংপুর', 28, 'মিঠাপুকুর উপজেলা'),
(464, 'রংপুর', 28, 'পীরগঞ্জ উপজেলা'),
(465, 'রংপুর', 28, 'কাউনিয়া উপজেলা'),
(466, 'রংপুর', 28, 'পীরগাছা উপজেলা'),
(467, 'রাঙ্গামাটি', 57, 'রাঙ্গামাটি সদর'),
(468, 'রাঙ্গামাটি', 57, 'কাপ্তাই'),
(469, 'রাঙ্গামাটি', 57, 'কাউখালী'),
(470, 'রাঙ্গামাটি', 57, 'বাঘাইছড়ি'),
(471, 'রাঙ্গামাটি', 57, 'বরকল'),
(472, 'রাঙ্গামাটি', 57, 'লংগদু'),
(473, 'রাঙ্গামাটি', 57, 'রাজস্থলী'),
(474, 'রাঙ্গামাটি', 57, 'বিলাইছড়ি'),
(475, 'রাঙ্গামাটি', 57, 'জুরাছড়ি'),
(476, 'রাঙ্গামাটি', 57, 'নানিয়ারচর'),
(477, 'রাজবাড়ী', 18, 'রাজবাড়ী সদর'),
(478, 'রাজবাড়ী', 18, 'গোয়ালন্দ'),
(479, 'রাজবাড়ী', 18, 'কালুখালী'),
(480, 'রাজবাড়ী', 18, 'বালিয়াকান্দি'),
(481, 'রাজবাড়ী', 18, 'কালুখালী'),
(482, 'রাজশাহী', 4, 'পবা উপজেলা'),
(483, 'রাজশাহী', 4, 'দুর্গাপুর উপজেলা'),
(484, 'রাজশাহী', 4, 'মোহনপুর উপজেলা'),
(485, 'রাজশাহী', 4, 'চারঘাট উপজেলা'),
(486, 'রাজশাহী', 4, 'পুঠিয়া উপজেলা'),
(487, 'রাজশাহী', 4, 'বাঘা উপজেলা '),
(488, 'রাজশাহী', 4, 'গোদাগাড়ী উপজেলা'),
(489, 'রাজশাহী', 4, 'তানোর উপজেলা'),
(490, 'রাজশাহী', 4, 'বাগমারা উপজেলা'),
(491, 'শরীয়তপুর', 11, 'শরিয়তপুর সদর'),
(492, 'শরীয়তপুর', 11, 'নড়িয়া'),
(493, 'শরীয়তপুর', 11, 'জাজিরা'),
(494, 'শরীয়তপুর', 11, 'গোসাইরহাট'),
(495, 'শরীয়তপুর', 11, 'ভেদরগঞ্জ'),
(496, 'শরীয়তপুর', 11, 'ডামুড্যা'),
(497, 'লালমনিরহাট', 24, 'লালমনিরহাট সদর'),
(498, 'লালমনিরহাট', 24, ' কালীগঞ্জ'),
(499, 'লালমনিরহাট', 24, 'হাতীবান্ধা'),
(500, 'লালমনিরহাট', 24, 'পাটগ্রাম'),
(501, 'লালমনিরহাট', 24, 'আদিতমারী উপজেলা'),
(502, 'শেরপুর', 30, 'শেরপুর সদর'),
(503, 'শেরপুর', 30, 'নালিতাবাড়ী উপজেলা'),
(504, 'শেরপুর', 30, 'শ্রীবরদী উপজেলা'),
(505, 'শেরপুর', 30, 'নকলা উপজেলা '),
(506, 'শেরপুর', 30, 'ঝিনাইগাতী উপজেলা'),
(507, 'সাতক্ষীরা', 35, 'আশাশুনি'),
(508, 'সাতক্ষীরা', 35, 'দেবহাটা'),
(509, 'সাতক্ষীরা', 35, 'কলারোয়া'),
(510, 'সাতক্ষীরা', 35, 'সাতক্ষীরা সদর'),
(511, 'সাতক্ষীরা', 35, 'শ্যামনগর'),
(512, 'শরীয়তপুর', 11, 'তালা'),
(513, 'সাতক্ষীরা', 35, 'কালিগঞ্জ'),
(514, 'সাতক্ষীরা', 35, 'কালিগঞ্জ'),
(515, 'সিলেট', 50, 'বালাগঞ্জ'),
(516, 'সিলেট', 50, 'বিয়ানীবাজার'),
(517, 'সিলেট', 50, 'বিশ্বনাথ'),
(518, 'সিলেট', 50, 'কোম্পানীগঞ্জ'),
(519, 'সিলেট', 50, 'ফেঞ্চুগঞ্জ'),
(520, 'সিলেট', 50, 'গোলাপগঞ্জ'),
(521, 'সিলেট', 50, 'গোয়াইনঘাট'),
(522, 'সিলেট', 50, 'জৈন্তাপুর'),
(523, 'সিলেট', 50, 'কানাইঘাট'),
(524, 'সিলেট', 50, 'সিলেট সদর'),
(525, 'সিলেট', 50, 'জকিগঞ্জ'),
(526, 'সিলেট', 50, 'দক্ষিণ সুরমা'),
(527, 'সিলেট', 50, 'ওসমানী নগর'),
(528, 'সুনামগঞ্জ', 53, 'সুনামগঞ্জ সদর'),
(529, 'সুনামগঞ্জ', 53, 'দক্ষিণ সুনামগঞ্জ'),
(530, 'সুনামগঞ্জ', 53, 'বিশ্বম্ভরপুর'),
(531, 'সুনামগঞ্জ', 53, 'ছাতক'),
(532, 'সুনামগঞ্জ', 53, 'জগন্নাথপুর'),
(533, 'সুনামগঞ্জ', 53, 'দোয়ারাবাজার'),
(534, 'সুনামগঞ্জ', 53, 'তাহিরপুর'),
(535, 'সুনামগঞ্জ', 53, 'ধর্মপাশা'),
(536, 'সুনামগঞ্জ', 53, 'জামালগঞ্জ'),
(537, 'সুনামগঞ্জ', 53, 'শাল্লা'),
(538, 'সুনামগঞ্জ', 53, 'দিরাই'),
(539, 'লক্ষ্মীপুর', 60, 'লক্ষ্মীপুর সদর'),
(540, 'লক্ষ্মীপুর', 60, 'কমলনগর  '),
(541, 'লক্ষ্মীপুর', 60, 'রায়পুর'),
(542, 'লক্ষ্মীপুর', 60, 'রামগতি'),
(543, 'লক্ষ্মীপুর', 60, 'রামগঞ্জ'),
(544, 'মৌলভীবাজার', 51, 'বড়লেখা'),
(545, 'মৌলভীবাজার', 51, 'কমলগঞ্জ'),
(546, 'মৌলভীবাজার', 51, 'কুলাউড়া'),
(547, 'মৌলভীবাজার', 51, 'মৌলভীবাজার সদর'),
(548, 'মৌলভীবাজার', 51, 'রাজনগর'),
(549, 'মৌলভীবাজার', 51, 'শ্রীমঙ্গল'),
(550, 'মৌলভীবাজার', 51, 'জুড়ী');

-- --------------------------------------------------------

--
-- Table structure for table `jb18_examlevels`
--

CREATE TABLE `jb18_examlevels` (
  `id` int(11) NOT NULL,
  `name` varchar(150) NOT NULL,
  `status` tinyint(1) NOT NULL DEFAULT 1,
  `created_at` timestamp NULL DEFAULT current_timestamp(),
  `updated_at` timestamp NULL DEFAULT NULL ON UPDATE current_timestamp(),
  `deleted_at` timestamp NULL DEFAULT NULL
) ENGINE=InnoDB DEFAULT CHARSET=utf8 COLLATE=utf8_general_ci;

--
-- Dumping data for table `jb18_examlevels`
--

INSERT INTO `jb18_examlevels` (`id`, `name`, `status`, `created_at`, `updated_at`, `deleted_at`) VALUES
(1, 'JSC', 1, '2023-01-26 17:15:14', NULL, NULL),
(2, 'SSC', 1, '2023-01-26 17:15:14', NULL, NULL),
(3, 'HSC', 1, '2023-01-27 16:10:21', NULL, NULL),
(4, 'Graduation', 1, '2023-01-27 16:10:21', NULL, NULL),
(5, 'Masters', 1, '2023-01-27 16:10:37', NULL, NULL);

-- --------------------------------------------------------

--
-- Table structure for table `jb18_examlevel_groups`
--

CREATE TABLE `jb18_examlevel_groups` (
  `id` int(11) NOT NULL,
  `examlevel_id` int(11) NOT NULL,
  `name` varchar(150) NOT NULL,
  `status` tinyint(1) NOT NULL DEFAULT 1,
  `created_at` timestamp NOT NULL DEFAULT current_timestamp(),
  `updated_at` timestamp NULL DEFAULT NULL ON UPDATE current_timestamp(),
  `deleted_at` timestamp NULL DEFAULT NULL
) ENGINE=InnoDB DEFAULT CHARSET=utf8 COLLATE=utf8_general_ci;

--
-- Dumping data for table `jb18_examlevel_groups`
--

INSERT INTO `jb18_examlevel_groups` (`id`, `examlevel_id`, `name`, `status`, `created_at`, `updated_at`, `deleted_at`) VALUES
(1, 1, 'JSC', 1, '2023-01-26 17:16:18', NULL, NULL),
(2, 1, 'JDC', 1, '2023-01-26 17:16:18', NULL, NULL),
(3, 1, 'Class Eight', 1, '2023-01-26 17:18:10', NULL, NULL),
(4, 1, 'Junior Scholarship', 1, '2023-01-26 17:18:10', NULL, NULL),
(5, 1, 'Class Eight Equivalent', 1, '2023-01-26 17:18:30', NULL, NULL),
(6, 2, 'S.S.C', 1, '2023-01-27 16:11:33', NULL, NULL),
(7, 2, 'Dakhil', 1, '2023-01-27 16:11:33', NULL, NULL),
(8, 2, 'O Level/Cambridge', 1, '2023-01-27 16:12:05', NULL, NULL),
(9, 2, 'S.S.C Equivalent', 1, '2023-01-27 16:12:05', '2023-01-27 16:12:57', '2023-01-27 16:12:53'),
(10, 2, 'S.S.C Equivalent', 1, '2023-01-27 16:12:30', NULL, NULL),
(11, 2, 'Dakhil Vocational', 1, '2023-01-27 16:12:30', NULL, NULL),
(12, 3, 'H.S.C', 1, '2023-02-18 05:23:05', NULL, NULL),
(13, 3, 'Alim', 1, '2023-02-18 05:23:05', NULL, NULL),
(14, 3, 'Business Management', 1, '2023-02-18 05:23:40', NULL, NULL),
(15, 3, 'Diploma-in-Engineering', 1, '2023-02-18 05:23:40', NULL, NULL),
(16, 3, 'A Level/Sr. Cambridge', 1, '2023-02-18 05:24:22', NULL, NULL),
(17, 3, 'H.S.C Equivalent', 1, '2023-02-18 05:24:22', NULL, NULL),
(18, 3, 'Diploma in Medical Technology', 1, '2023-02-18 05:24:54', NULL, NULL),
(19, 3, 'H.S.C Vocational', 1, '2023-02-18 05:24:54', NULL, NULL),
(20, 4, 'B.Sc Engineering', 1, '2023-02-18 05:43:42', NULL, NULL),
(21, 4, 'B.Sc in Agricultural Science', 1, '2023-02-18 05:43:42', NULL, NULL),
(22, 4, 'M.B.B.S./B.D.S', 1, '2023-02-18 05:44:15', NULL, NULL),
(23, 4, 'Honors', 1, '2023-02-18 05:44:15', NULL, NULL),
(24, 4, 'Pass Course', 1, '2023-02-18 05:45:38', NULL, NULL),
(25, 4, 'Fazil', 1, '2023-02-18 05:45:38', NULL, NULL),
(26, 4, 'B.B.A', 1, '2023-02-18 05:45:54', NULL, NULL),
(27, 4, 'Graduation Equivalent', 1, '2023-02-18 05:45:54', NULL, NULL),
(28, 5, 'M.A', 1, '2023-02-18 05:46:30', NULL, NULL),
(29, 5, 'M.S.S', 1, '2023-02-18 05:46:30', NULL, NULL),
(30, 5, 'M.Sc', 1, '2023-02-18 05:46:55', NULL, NULL),
(31, 5, 'M.Com', 1, '2023-02-18 05:46:55', NULL, NULL),
(32, 5, 'M.B.A', 1, '2023-02-18 05:47:25', NULL, NULL),
(33, 5, 'L.L.M', 1, '2023-02-18 05:47:25', NULL, NULL),
(34, 5, 'M.Phil', 1, '2023-02-18 05:47:45', NULL, NULL),
(35, 5, 'Kamil', 1, '2023-02-18 05:47:45', NULL, NULL),
(36, 5, 'Masters Equivalent', 1, '2023-02-18 05:47:57', NULL, NULL),
(37, 1, 'test', 1, '2023-03-08 10:26:38', '2023-03-08 10:26:38', NULL),
(78, 1, 'JSC', 1, '2023-09-22 08:11:12', '2023-09-22 08:11:12', NULL),
(79, 1, 'JSC', 1, '2023-09-22 08:18:30', '2023-09-22 08:18:30', NULL);

-- --------------------------------------------------------

--
-- Table structure for table `jb18_examlevel_subjects`
--

CREATE TABLE `jb18_examlevel_subjects` (
  `id` int(11) NOT NULL,
  `examlevel_id` int(11) NOT NULL,
  `examlevel_group_id` int(11) NOT NULL,
  `name` varchar(200) NOT NULL,
  `status` tinyint(4) NOT NULL,
  `created_at` timestamp NOT NULL DEFAULT current_timestamp(),
  `updated_at` timestamp NULL DEFAULT NULL ON UPDATE current_timestamp(),
  `deleted_at` timestamp NULL DEFAULT NULL
) ENGINE=InnoDB DEFAULT CHARSET=utf8 COLLATE=utf8_general_ci;

--
-- Dumping data for table `jb18_examlevel_subjects`
--

INSERT INTO `jb18_examlevel_subjects` (`id`, `examlevel_id`, `examlevel_group_id`, `name`, `status`, `created_at`, `updated_at`, `deleted_at`) VALUES
(1, 2, 6, 'Business Studies', 0, '2023-02-11 05:47:37', '2023-02-11 05:59:41', NULL),
(2, 2, 6, 'General', 0, '2023-02-11 05:47:37', '2023-02-11 05:59:43', NULL),
(3, 2, 6, 'Humanities', 0, '2023-02-11 05:48:17', '2023-02-11 05:59:44', NULL),
(4, 2, 6, 'Science', 0, '2023-02-11 05:48:17', '2023-02-11 05:59:46', NULL),
(5, 3, 17, 'Business Studies', 0, '2023-02-10 23:47:37', '2023-02-10 23:59:41', NULL),
(6, 3, 17, 'General', 0, '2023-02-10 23:47:37', '2023-02-10 23:59:43', NULL),
(7, 3, 17, 'Humanities', 0, '2023-02-10 23:48:17', '2023-02-10 23:59:44', NULL),
(8, 3, 17, 'Science', 0, '2023-02-10 23:48:17', '2023-02-10 23:59:46', NULL),
(9, 3, 12, 'Business Studies', 0, '2023-02-10 23:47:37', '2023-02-10 23:59:41', NULL),
(10, 3, 12, 'General', 0, '2023-02-10 23:47:37', '2023-02-10 23:59:43', NULL),
(11, 3, 12, 'Humanities', 0, '2023-02-10 23:48:17', '2023-02-10 23:59:44', NULL),
(12, 3, 12, 'Science', 0, '2023-02-10 23:48:17', '2023-02-10 23:59:46', NULL),
(13, 4, 20, 'Aeronautical Engineering', 0, '2023-02-10 23:47:37', '2023-02-10 23:59:41', NULL),
(14, 4, 20, 'Architecture', 0, '2023-02-10 23:47:37', '2023-02-10 23:59:43', NULL),
(15, 4, 20, 'Chemical Engineering', 0, '2023-02-10 23:48:17', '2023-02-10 23:59:44', NULL),
(16, 4, 20, 'Civil Engineering', 0, '2023-02-10 23:48:17', '2023-02-10 23:59:46', NULL),
(17, 5, 28, 'A & B Section of A.M.I.E', 0, '2023-02-10 23:47:37', '2023-02-10 23:59:41', NULL),
(18, 5, 28, 'Accounting', 0, '2023-02-10 23:47:37', '2023-02-10 23:59:43', NULL),
(19, 5, 28, 'Accounting and Information Systems', 0, '2023-02-10 23:48:17', '2023-02-10 23:59:44', NULL),
(20, 5, 28, 'Aeronautical Engineering', 0, '2023-02-10 23:48:17', '2023-02-10 23:59:46', NULL),
(21, 1, 1, 'Jibon', 1, '2023-03-11 02:04:08', '2023-03-11 02:16:55', '2023-03-11 02:16:55'),
(22, 2, 6, 'Other', 1, '2023-07-28 08:30:37', '2023-07-28 08:30:37', NULL),
(23, 3, 12, 'Other', 1, '2023-07-28 09:13:41', '2023-07-28 09:13:41', NULL),
(24, 4, 20, 'Other', 1, '2023-07-28 09:14:09', '2023-07-28 09:14:09', NULL),
(25, 5, 28, 'Other', 1, '2023-07-28 09:14:19', '2023-07-28 09:14:19', NULL);

-- --------------------------------------------------------

--
-- Table structure for table `jb18_failed_jobs`
--

CREATE TABLE `jb18_failed_jobs` (
  `id` bigint(20) UNSIGNED NOT NULL,
  `uuid` varchar(255) NOT NULL,
  `connection` text NOT NULL,
  `queue` text NOT NULL,
  `payload` longtext NOT NULL,
  `exception` longtext NOT NULL,
  `failed_at` timestamp NOT NULL DEFAULT current_timestamp()
) ENGINE=InnoDB DEFAULT CHARSET=utf8mb4 COLLATE=utf8mb4_unicode_ci;

-- --------------------------------------------------------

--
-- Table structure for table `jb18_jobs`
--

CREATE TABLE `jb18_jobs` (
  `id` int(11) NOT NULL,
  `uuid` varchar(100) DEFAULT NULL,
  `title` varchar(250) NOT NULL,
  `description` text NOT NULL,
  `vacancies` int(11) NOT NULL,
  `job_id` varchar(100) NOT NULL,
  `age_calculation` date NOT NULL,
  `apply_fee` int(11) NOT NULL,
  `application_deadline` timestamp NULL DEFAULT NULL,
  `job_experience` int(11) DEFAULT NULL,
  `job_location` varchar(250) DEFAULT NULL,
  `freedom_age` float DEFAULT NULL,
  `handicapped_age` float DEFAULT NULL,
  `divisioncaplicant_age` float DEFAULT NULL,
  `max_age` float DEFAULT NULL,
  `min_age` float DEFAULT NULL,
  `freedom_fighter` float DEFAULT 0,
  `petition_age` float DEFAULT NULL,
  `salary_range` varchar(250) DEFAULT NULL,
  `min_education` varchar(150) DEFAULT NULL,
  `min_education_con` varchar(20) DEFAULT NULL,
  `min_education_with` varchar(20) DEFAULT NULL,
  `jsc` tinyint(1) NOT NULL DEFAULT 0,
  `ssc` tinyint(1) NOT NULL DEFAULT 0,
  `hsc` tinyint(1) NOT NULL DEFAULT 0,
  `graduation` tinyint(1) NOT NULL DEFAULT 0,
  `masters` tinyint(1) NOT NULL DEFAULT 0,
  `status` tinyint(4) NOT NULL DEFAULT 0,
  `jobcurbday` date DEFAULT NULL,
  `certificate` varchar(10) NOT NULL DEFAULT 'NO',
  `certificate_text` varchar(150) DEFAULT NULL,
  `certificate_isrequired` tinyint(1) NOT NULL DEFAULT 0,
  `related_experience_text` varchar(150) DEFAULT NULL,
  `related_experience` varchar(150) DEFAULT NULL,
  `repetition` varchar(150) DEFAULT NULL,
  `minimum_job_experience` int(11) DEFAULT NULL,
  `quota` varchar(150) DEFAULT NULL,
  `graduation_result` varchar(500) DEFAULT NULL,
  `masters_result` varchar(500) DEFAULT NULL,
  `created_at` timestamp NULL DEFAULT current_timestamp(),
  `updated_at` timestamp NULL DEFAULT NULL ON UPDATE current_timestamp(),
  `deleted_at` timestamp NULL DEFAULT NULL
) ENGINE=InnoDB DEFAULT CHARSET=utf8 COLLATE=utf8_general_ci;

--
-- Dumping data for table `jb18_jobs`
--

INSERT INTO `jb18_jobs` (`id`, `uuid`, `title`, `description`, `vacancies`, `job_id`, `age_calculation`, `apply_fee`, `application_deadline`, `job_experience`, `job_location`, `freedom_age`, `handicapped_age`, `divisioncaplicant_age`, `max_age`, `min_age`, `freedom_fighter`, `petition_age`, `salary_range`, `min_education`, `min_education_con`, `min_education_with`, `jsc`, `ssc`, `hsc`, `graduation`, `masters`, `status`, `jobcurbday`, `certificate`, `certificate_text`, `certificate_isrequired`, `related_experience_text`, `related_experience`, `repetition`, `minimum_job_experience`, `quota`, `graduation_result`, `masters_result`, `created_at`, `updated_at`, `deleted_at`) VALUES
(1, '985540ba-2a64-4069-8a17-553d0bb8379c', 'tewetrt', '<p>rtrt</p>', 100, 'wertrt', '2023-01-21', 200, '2023-02-27 18:00:00', 10, NULL, NULL, 34, 23, 30, 22, 23, 23, NULL, '', NULL, NULL, 0, 0, 0, 0, 0, 0, NULL, 'NO', NULL, 0, NULL, NULL, NULL, 0, NULL, NULL, NULL, '2023-01-21 00:46:27', '2023-03-11 09:41:51', NULL),
(2, '98467443-cdec-4229-b6a0-5fd39e52e9fb', 'gfhfh', '<p>ghffghg</p>', 100, 'wertrt', '2023-01-26', 200, '2023-02-27 18:00:00', 10, NULL, NULL, 34, 23, 30, 22, 23, 23, NULL, '', NULL, NULL, 0, 0, 0, 0, 0, 1, NULL, 'NO', NULL, 0, NULL, NULL, NULL, 0, NULL, NULL, NULL, '2023-01-21 00:47:37', '2023-02-03 13:18:24', NULL),
(3, '985533d2-726f-43e9-a455-faf4850a7a39', 'egg', '<p>gfhgfh</p>', 12, 'wertrtggh', '2023-01-29', 200, '2023-02-28 13:18:25', 10, NULL, NULL, 34, 23, 30, 22, 23, 23, NULL, NULL, NULL, NULL, 0, 0, 0, 0, 0, 1, NULL, 'NO', NULL, 0, NULL, NULL, NULL, 0, NULL, NULL, NULL, '2023-01-28 08:44:50', '2023-02-03 13:18:30', NULL),
(4, '985534af-602c-48a6-88e1-32319e95a36a', 'egg', '<p>gfhgfh</p>', 12, 'wertrtggh', '2023-01-22', 200, '2023-03-30 18:00:00', 10, NULL, NULL, 34, 23, 30, 22, 23, 23, NULL, NULL, NULL, NULL, 1, 1, 1, 0, 0, 1, NULL, 'NO', NULL, 0, NULL, NULL, NULL, 0, NULL, NULL, NULL, '2023-01-28 08:47:15', '2023-02-04 14:39:56', NULL),
(8, '985540ba-2a64-4069-8a17-553d0bb8370e', 'hnh', '<p>nhn</p>', 100, 'wertrtggh', '2023-01-22', 200, '2023-02-27 18:00:00', NULL, NULL, NULL, NULL, NULL, NULL, NULL, NULL, NULL, NULL, NULL, NULL, NULL, 1, 0, 0, 0, 0, 1, NULL, 'NO', NULL, 0, NULL, NULL, NULL, 0, NULL, NULL, NULL, '2023-01-28 09:20:55', '2023-02-04 14:39:52', NULL),
(9, '985541d0-7270-4a25-8249-3b33e88620e3', 'gbfghf', '<p>ghfhjhj</p>', 100, 'wertrtggh', '2023-01-01', 200, '2023-04-30 16:05:40', NULL, NULL, NULL, NULL, NULL, NULL, NULL, NULL, NULL, NULL, NULL, NULL, NULL, 1, 1, 1, 1, 1, 1, NULL, 'NO', NULL, 0, NULL, NULL, NULL, 0, NULL, NULL, NULL, '2023-01-28 09:23:58', '2023-04-01 06:28:01', NULL),
(10, '98d19f36-e4c5-482a-803e-2f2cc8adaf93', 'test 12', '<p>fsddgdgh</p>', 100, '34343', '2023-03-30', 300, '2023-05-30 18:00:00', 10, NULL, NULL, 44, 44, 40, 22, 44, 44, NULL, 'HSC', 'OR', 'Graduation', 1, 1, 1, 1, 0, 1, NULL, 'NO', NULL, 0, NULL, NULL, NULL, 0, NULL, NULL, NULL, '2023-03-31 05:07:47', '2023-04-01 06:28:12', NULL),
(11, '98d1afed-d144-4593-b204-c9d9b2b7f670', 'test 12', '<p>fsddgdgh</p>', 100, '34343', '2023-03-30', 300, '2023-07-30 18:00:00', 10, NULL, NULL, 44, 44, 40, 22, 44, 44, NULL, 'HSC', 'OR', 'Graduation', 1, 1, 1, 1, 0, 1, NULL, 'NO', NULL, 0, NULL, NULL, NULL, 0, NULL, NULL, NULL, '2023-03-31 05:54:31', '2023-06-09 00:25:56', NULL),
(12, '98da0619-30da-4a7e-8cc6-3cae1f8c5c8b', 'test-----1', '<p>dvdggfh</p>', 20, 'JOB_1223', '2023-04-03', 200, '2023-08-30 18:00:00', NULL, NULL, NULL, 32, 32, 30, 20, 32, 32, NULL, 'HSC', 'OR', 'Graduation', 0, 1, 1, 1, 1, 1, '2023-04-06', 'YES', NULL, 1, NULL, NULL, NULL, 0, NULL, NULL, NULL, '2023-04-04 09:22:06', '2023-06-29 02:17:28', NULL),
(13, '99891cc0-0f29-4076-bd1e-8ee2ff13d692', 'সহকারী নৌ-প্রকৌশলী, সহকারী যান্ত্রিক প্রকৌশলী, জেনারেল ফোরম্যান এবং ইঞ্জিনিয়ারিং সুপারভাইজার (ডিজেল)', '<h1>সহকারী নৌ-প্রকৌশলী, সহকারী যান্ত্রিক প্রকৌশলী, জেনারেল ফোরম্যান এবং ইঞ্জিনিয়ারিং সুপারভাইজার (ডিজেল)</h1>', 5, '০৪/২০২৩', '2023-06-01', 320, '2023-08-30 18:00:00', NULL, NULL, NULL, 33.3, 32.5, 30.5, 18.5, 33.6, 32.5, NULL, 'HSC', 'AND', 'Graduation', 1, 1, 1, 1, 1, 1, '2023-07-01', 'YES', 'Certificate Text Heading rrrrrr', 1, 'সংশ্লিষ্ট ক্ষেত্রে অভিজ্ঞতা', '[\"\\u0986\\u099b\\u09c7\",\"\\u09a8\\u09be\\u0987\",\"\\u09aa\\u09cd\\u09b0\\u09af\\u09cb\\u099c\\u09cd\\u09af \\u09a8\\u09af\\u09bc\"]', 'রীট পিটিশন নং ৬৯৫৩/২০১৯ এর বাদী  কিনা', 6, NULL, '[\"\\u09aa\\u09cd\\u09b0\\u09a5\\u09ae \\u09ac\\u09bf\\u09ad\\u09be\\u0997\",\"\\u09a6\\u09cd\\u09ac\\u09bf\\u09a4\\u09c0\\u09af\\u09bc \\u09ac\\u09bf\\u09ad\\u09be\\u0997\",\"\\u099c\\u09bf\\u09aa\\u09bf\\u098f\\/\\u09b8\\u09bf\\u099c\\u09bf\\u09aa\\u09bf\\u098f(\\u0986\\u0989\\u099f \\u0985\\u09ab \\u09ea)\",\"\\u099c\\u09bf\\u09aa\\u09bf\\u098f\\/\\u09b8\\u09bf\\u099c\\u09bf\\u09aa\\u09bf\\u098f(\\u0986\\u0989\\u099f \\u0985\\u09ab \\u09eb)\"]', '[\"\\u09aa\\u09cd\\u09b0\\u09a5\\u09ae \\u09ac\\u09bf\\u09ad\\u09be\\u0997\",\"\\u09a6\\u09cd\\u09ac\\u09bf\\u09a4\\u09c0\\u09af\\u09bc \\u09ac\\u09bf\\u09ad\\u09be\\u0997\",\"\\u099c\\u09bf\\u09aa\\u09bf\\u098f\\/\\u09b8\\u09bf\\u099c\\u09bf\\u09aa\\u09bf\\u098f(\\u0986\\u0989\\u099f \\u0985\\u09ab \\u09ea)\",\"\\u099c\\u09bf\\u09aa\\u09bf\\u098f\\/\\u09b8\\u09bf\\u099c\\u09bf\\u09aa\\u09bf\\u098f(\\u0986\\u0989\\u099f \\u0985\\u09ab \\u09eb)\"]', '2023-06-30 10:15:19', '2023-08-12 01:47:01', NULL),
(14, '99c29552-c43e-4d82-a33d-88e27ea988fd', 'dfdf', '<p>gfgfg</p>', 12, 'wertrtjhj', '2023-07-01', 200, '2025-02-11 18:00:00', NULL, NULL, NULL, NULL, NULL, 30, 18, NULL, NULL, NULL, 'SSC', 'OR', 'Masters', 0, 1, 1, 1, 1, 1, '2023-07-28', 'YES', 'Certificate Text Heading rrrrrr', 1, 'Experience in related field Text', '[\"\\u0986\\u099b\\u09c7\",\"\\u09a8\\u09be\\u0987\",\"\\u09aa\\u09cd\\u09b0\\u09af\\u09cb\\u099c\\u09cd\\u09af \\u09a8\\u09af\\u09bc\"]', 'dgfgfg', 0, NULL, NULL, NULL, '2023-07-28 23:54:39', '2023-07-29 00:24:38', NULL);

-- --------------------------------------------------------

--
-- Table structure for table `jb18_job_applies`
--

CREATE TABLE `jb18_job_applies` (
  `id` int(11) NOT NULL,
  `job_id` int(11) NOT NULL,
  `applicants_id` int(11) NOT NULL,
  `token` varchar(20) NOT NULL,
  `bd_tk` int(11) NOT NULL,
  `received` int(11) NOT NULL,
  `txnid` varchar(100) DEFAULT NULL,
  `txndate` varchar(100) DEFAULT NULL,
  `roll` int(11) DEFAULT NULL,
  `exam_hall` varchar(255) DEFAULT NULL,
  `exam_date` varchar(255) DEFAULT NULL,
  `exam_time` varchar(255) DEFAULT NULL,
  `apply_date` varchar(200) NOT NULL,
  `created_at` timestamp NULL DEFAULT current_timestamp(),
  `updated_at` timestamp NULL DEFAULT NULL ON UPDATE current_timestamp(),
  `deleted_at` timestamp NULL DEFAULT NULL
) ENGINE=InnoDB DEFAULT CHARSET=utf8 COLLATE=utf8_general_ci;

--
-- Dumping data for table `jb18_job_applies`
--

INSERT INTO `jb18_job_applies` (`id`, `job_id`, `applicants_id`, `token`, `bd_tk`, `received`, `txnid`, `txndate`, `roll`, `exam_hall`, `exam_date`, `exam_time`, `apply_date`, `created_at`, `updated_at`, `deleted_at`) VALUES
(5, 9, 2, '1680339477770', 200, 1, NULL, NULL, NULL, NULL, NULL, NULL, '2023-04-01 08:57:57', '2023-04-01 02:57:57', '2023-06-28 11:16:45', NULL),
(6, 12, 3, '1686306956630', 200, 1, NULL, NULL, 1, 'dfdfdf', '01/06/2017', '09.30 AM', '2023-06-09 10:35:56', '2023-06-09 04:35:56', '2023-07-03 10:35:26', NULL),
(7, 12, 5, '1686321351099', 200, 1, NULL, NULL, 2, 'dfdfdf', '01/06/2017', '09.30 AM', '2023-06-09 14:35:51', '2023-06-09 08:35:51', '2023-07-03 10:35:26', NULL),
(8, 12, 9, '1686592201752', 200, 1, NULL, NULL, 3, 'dfdfdf', '01/06/2017', '09.30 AM', '2023-06-12 17:50:01', '2023-06-12 11:50:01', '2023-07-03 10:33:58', NULL),
(9, 9, 2, '1687587508421', 200, 1, NULL, NULL, NULL, NULL, NULL, NULL, '2023-06-24 06:18:28', '2023-06-24 00:18:28', '2023-06-28 11:16:52', NULL),
(10, 9, 2, '1687587807134', 200, 1, NULL, NULL, NULL, NULL, NULL, NULL, '2023-06-24 06:23:27', '2023-06-24 00:23:27', '2023-06-28 11:16:54', NULL),
(11, 12, 12, '1687604661236', 200, 1, NULL, NULL, 4, 'dfdfdf', '01/06/2017', '09.30 AM', '2023-06-24 11:04:21', '2023-06-24 05:04:21', '2023-07-03 10:33:58', NULL),
(12, 12, 14, '1688025764935', 200, 1, NULL, NULL, 5, NULL, '01/06/2017', '09.30 AM', '2023-06-29 08:02:44', '2023-06-29 02:02:44', '2023-07-03 10:33:58', NULL),
(13, 13, 16, '1688228645325', 320, 2, NULL, NULL, NULL, NULL, NULL, NULL, '2023-07-01 16:24:05', '2023-07-01 10:24:05', '2023-07-01 10:24:05', NULL),
(14, 13, 19, '1691250954434', 320, 2, NULL, NULL, NULL, NULL, NULL, NULL, '2023-08-05 15:55:54', '2023-08-05 09:55:54', '2023-08-05 09:55:54', NULL),
(15, 13, 21, '1691830470558', 320, 2, NULL, NULL, NULL, NULL, NULL, NULL, '2023-08-12 08:54:30', '2023-08-12 02:54:30', '2023-08-12 02:54:30', NULL),
(16, 13, 23, '1691856615718', 320, 2, NULL, NULL, NULL, NULL, NULL, NULL, '2023-08-12 16:10:15', '2023-08-12 10:10:15', '2023-08-12 10:10:15', NULL),
(17, 13, 26, '1693155554634', 320, 2, NULL, NULL, NULL, NULL, NULL, NULL, '2023-08-27 16:59:14', '2023-08-27 10:59:14', '2023-08-27 10:59:14', NULL);

-- --------------------------------------------------------

--
-- Table structure for table `jb18_job_certificates`
--

CREATE TABLE `jb18_job_certificates` (
  `id` int(11) NOT NULL,
  `job_id` int(11) NOT NULL,
  `certificate_id` int(11) NOT NULL,
  `created_at` timestamp NULL DEFAULT current_timestamp(),
  `updated_at` timestamp NULL DEFAULT NULL ON UPDATE current_timestamp(),
  `deleted_at` timestamp NULL DEFAULT NULL
) ENGINE=InnoDB DEFAULT CHARSET=utf8 COLLATE=utf8_general_ci;

--
-- Dumping data for table `jb18_job_certificates`
--

INSERT INTO `jb18_job_certificates` (`id`, `job_id`, `certificate_id`, `created_at`, `updated_at`, `deleted_at`) VALUES
(1, 12, 2, '2023-04-04 09:22:06', '2023-04-04 09:22:06', NULL),
(2, 12, 1, '2023-04-04 09:22:06', '2023-04-04 09:22:06', NULL),
(3, 13, 2, '2023-06-30 10:15:19', '2023-06-30 10:15:19', NULL),
(4, 13, 1, '2023-06-30 10:15:19', '2023-06-30 10:15:19', NULL);

-- --------------------------------------------------------

--
-- Table structure for table `jb18_job_exams`
--

CREATE TABLE `jb18_job_exams` (
  `id` int(11) NOT NULL,
  `job_id` int(11) NOT NULL,
  `examlevel_group_id` int(11) NOT NULL,
  `type` varchar(20) NOT NULL,
  `created_at` timestamp NOT NULL DEFAULT current_timestamp(),
  `updated_at` timestamp NULL DEFAULT NULL ON UPDATE current_timestamp()
) ENGINE=InnoDB DEFAULT CHARSET=utf8 COLLATE=utf8_general_ci;

--
-- Dumping data for table `jb18_job_exams`
--

INSERT INTO `jb18_job_exams` (`id`, `job_id`, `examlevel_group_id`, `type`, `created_at`, `updated_at`) VALUES
(1, 8, 1, 'jsc', '2023-01-28 09:20:55', '2023-01-28 09:20:55'),
(2, 8, 2, 'jsc', '2023-01-28 09:20:55', '2023-01-28 09:20:55'),
(3, 8, 3, 'jsc', '2023-01-28 09:20:55', '2023-01-28 09:20:55'),
(4, 8, 4, 'jsc', '2023-01-28 09:20:55', '2023-01-28 09:20:55'),
(5, 8, 5, 'jsc', '2023-01-28 09:20:55', '2023-01-28 09:20:55'),
(6, 9, 1, 'jsc', '2023-01-28 09:23:58', '2023-01-28 09:23:58'),
(7, 9, 4, 'jsc', '2023-01-28 09:23:58', '2023-01-28 09:23:58'),
(8, 9, 5, 'jsc', '2023-01-28 09:23:58', '2023-01-28 09:23:58'),
(9, 9, 6, 'ssc', '2023-01-28 09:23:58', '2023-01-28 09:23:58'),
(10, 9, 7, 'ssc', '2023-01-28 09:23:58', '2023-01-28 09:23:58'),
(11, 9, 8, 'ssc', '2023-01-28 09:23:58', '2023-01-28 09:23:58'),
(12, 9, 9, 'ssc', '2023-01-28 09:23:58', '2023-01-28 09:23:58'),
(13, 9, 10, 'ssc', '2023-01-28 09:23:58', '2023-01-28 09:23:58'),
(14, 9, 11, 'ssc', '2023-01-28 09:23:58', '2023-01-28 09:23:58');

-- --------------------------------------------------------

--
-- Table structure for table `jb18_job_exam_subjects`
--

CREATE TABLE `jb18_job_exam_subjects` (
  `id` int(11) NOT NULL,
  `job_id` int(11) NOT NULL,
  `examlevel_group_id` int(11) NOT NULL,
  `examlevel_subject_id` int(11) NOT NULL,
  `type` varchar(20) NOT NULL,
  `created_at` timestamp NULL DEFAULT current_timestamp(),
  `updated_at` timestamp NULL DEFAULT NULL ON UPDATE current_timestamp()
) ENGINE=InnoDB DEFAULT CHARSET=utf8 COLLATE=utf8_general_ci;

--
-- Dumping data for table `jb18_job_exam_subjects`
--

INSERT INTO `jb18_job_exam_subjects` (`id`, `job_id`, `examlevel_group_id`, `examlevel_subject_id`, `type`, `created_at`, `updated_at`) VALUES
(3, 9, 6, 1, 'ssc', '2023-03-28 08:42:37', '2023-03-28 08:42:37'),
(4, 9, 6, 2, 'ssc', '2023-03-28 08:42:37', '2023-03-28 08:42:37'),
(5, 9, 6, 3, 'ssc', '2023-03-28 08:42:37', '2023-03-28 08:42:37'),
(6, 9, 6, 4, 'ssc', '2023-03-28 08:42:37', '2023-03-28 08:42:37'),
(7, 9, 28, 17, 'masters', '2023-03-28 08:54:54', '2023-03-28 08:54:54'),
(8, 9, 28, 19, 'masters', '2023-03-28 08:54:54', '2023-03-28 08:54:54'),
(9, 9, 20, 14, 'graduation', '2023-03-28 08:55:14', '2023-03-28 08:55:14'),
(10, 9, 20, 15, 'graduation', '2023-03-28 08:55:14', '2023-03-28 08:55:14'),
(11, 9, 12, 9, 'hsc', '2023-03-28 08:55:33', '2023-03-28 08:55:33'),
(12, 9, 12, 10, 'hsc', '2023-03-28 08:55:33', '2023-03-28 08:55:33'),
(28, 12, 28, 17, 'masters', '2023-04-08 09:04:27', '2023-04-08 09:04:27'),
(29, 12, 28, 18, 'masters', '2023-04-08 09:04:27', '2023-04-08 09:04:27'),
(30, 12, 28, 19, 'masters', '2023-04-08 09:04:27', '2023-04-08 09:04:27'),
(31, 12, 28, 20, 'masters', '2023-04-08 09:04:27', '2023-04-08 09:04:27'),
(51, 12, 6, 1, 'ssc', '2023-04-08 09:41:57', '2023-04-08 09:41:57'),
(52, 12, 6, 3, 'ssc', '2023-04-08 09:41:57', '2023-04-08 09:41:57'),
(53, 12, 6, 4, 'ssc', '2023-04-08 09:41:57', '2023-04-08 09:41:57'),
(54, 12, 12, 9, 'hsc', '2023-04-08 09:42:07', '2023-04-08 09:42:07'),
(55, 12, 12, 10, 'hsc', '2023-04-08 09:42:07', '2023-04-08 09:42:07'),
(56, 12, 12, 11, 'hsc', '2023-04-08 09:42:07', '2023-04-08 09:42:07'),
(57, 12, 12, 12, 'hsc', '2023-04-08 09:42:07', '2023-04-08 09:42:07'),
(58, 12, 20, 13, 'graduation', '2023-04-08 09:42:13', '2023-04-08 09:42:13'),
(59, 12, 20, 14, 'graduation', '2023-04-08 09:42:13', '2023-04-08 09:42:13'),
(60, 12, 20, 15, 'graduation', '2023-04-08 09:42:13', '2023-04-08 09:42:13'),
(61, 12, 20, 16, 'graduation', '2023-04-08 09:42:13', '2023-04-08 09:42:13'),
(85, 13, 6, 1, 'ssc', '2023-07-28 08:32:17', '2023-07-28 08:32:17'),
(86, 13, 6, 2, 'ssc', '2023-07-28 08:32:17', '2023-07-28 08:32:17'),
(87, 13, 6, 3, 'ssc', '2023-07-28 08:32:17', '2023-07-28 08:32:17'),
(88, 13, 6, 4, 'ssc', '2023-07-28 08:32:17', '2023-07-28 08:32:17'),
(89, 13, 6, 22, 'ssc', '2023-07-28 08:32:17', '2023-07-28 08:32:17'),
(90, 13, 12, 9, 'hsc', '2023-07-28 09:16:52', '2023-07-28 09:16:52'),
(91, 13, 12, 10, 'hsc', '2023-07-28 09:16:52', '2023-07-28 09:16:52'),
(92, 13, 12, 11, 'hsc', '2023-07-28 09:16:52', '2023-07-28 09:16:52'),
(93, 13, 12, 12, 'hsc', '2023-07-28 09:16:52', '2023-07-28 09:16:52'),
(94, 13, 12, 23, 'hsc', '2023-07-28 09:16:52', '2023-07-28 09:16:52'),
(95, 13, 20, 13, 'graduation', '2023-07-28 09:17:00', '2023-07-28 09:17:00'),
(96, 13, 20, 14, 'graduation', '2023-07-28 09:17:00', '2023-07-28 09:17:00'),
(97, 13, 20, 16, 'graduation', '2023-07-28 09:17:00', '2023-07-28 09:17:00'),
(98, 13, 20, 24, 'graduation', '2023-07-28 09:17:00', '2023-07-28 09:17:00'),
(99, 13, 28, 18, 'masters', '2023-07-28 09:17:06', '2023-07-28 09:17:06'),
(100, 13, 28, 19, 'masters', '2023-07-28 09:17:06', '2023-07-28 09:17:06'),
(101, 13, 28, 20, 'masters', '2023-07-28 09:17:06', '2023-07-28 09:17:06'),
(102, 13, 28, 25, 'masters', '2023-07-28 09:17:06', '2023-07-28 09:17:06'),
(103, 14, 6, 1, 'ssc', '2023-09-30 04:39:13', '2023-09-30 04:39:13'),
(104, 14, 6, 2, 'ssc', '2023-09-30 04:39:13', '2023-09-30 04:39:13'),
(105, 14, 6, 3, 'ssc', '2023-09-30 04:39:13', '2023-09-30 04:39:13'),
(106, 14, 6, 4, 'ssc', '2023-09-30 04:39:13', '2023-09-30 04:39:13'),
(107, 14, 6, 22, 'ssc', '2023-09-30 04:39:13', '2023-09-30 04:39:13'),
(113, 14, 20, 13, 'graduation', '2023-09-30 05:52:25', '2023-09-30 05:52:25'),
(114, 14, 20, 14, 'graduation', '2023-09-30 05:52:25', '2023-09-30 05:52:25'),
(115, 14, 20, 15, 'graduation', '2023-09-30 05:52:25', '2023-09-30 05:52:25'),
(116, 14, 20, 24, 'graduation', '2023-09-30 05:52:25', '2023-09-30 05:52:25'),
(117, 14, 28, 17, 'masters', '2023-09-30 05:52:53', '2023-09-30 05:52:53'),
(118, 14, 28, 18, 'masters', '2023-09-30 05:52:53', '2023-09-30 05:52:53');

-- --------------------------------------------------------

--
-- Table structure for table `jb18_migrations`
--

CREATE TABLE `jb18_migrations` (
  `id` int(10) UNSIGNED NOT NULL,
  `migration` varchar(255) NOT NULL,
  `batch` int(11) NOT NULL
) ENGINE=InnoDB DEFAULT CHARSET=utf8mb4 COLLATE=utf8mb4_unicode_ci;

--
-- Dumping data for table `jb18_migrations`
--

INSERT INTO `jb18_migrations` (`id`, `migration`, `batch`) VALUES
(1, '2014_10_12_000000_create_users_table', 1),
(2, '2014_10_12_100000_create_password_resets_table', 1),
(3, '2019_08_19_000000_create_failed_jobs_table', 1),
(4, '2019_12_14_000001_create_personal_access_tokens_table', 1),
(5, '2023_01_18_155305_create_permission_tables', 1);

-- --------------------------------------------------------

--
-- Table structure for table `jb18_model_has_permissions`
--

CREATE TABLE `jb18_model_has_permissions` (
  `permission_id` bigint(20) UNSIGNED NOT NULL,
  `model_type` varchar(255) NOT NULL,
  `model_id` bigint(20) UNSIGNED NOT NULL
) ENGINE=InnoDB DEFAULT CHARSET=utf8mb4 COLLATE=utf8mb4_unicode_ci;

-- --------------------------------------------------------

--
-- Table structure for table `jb18_model_has_roles`
--

CREATE TABLE `jb18_model_has_roles` (
  `role_id` bigint(20) UNSIGNED NOT NULL,
  `model_type` varchar(255) NOT NULL,
  `model_id` bigint(20) UNSIGNED NOT NULL
) ENGINE=InnoDB DEFAULT CHARSET=utf8mb4 COLLATE=utf8mb4_unicode_ci;

--
-- Dumping data for table `jb18_model_has_roles`
--

INSERT INTO `jb18_model_has_roles` (`role_id`, `model_type`, `model_id`) VALUES
(1, 'App\\Models\\User', 1);

-- --------------------------------------------------------

--
-- Table structure for table `jb18_password_resets`
--

CREATE TABLE `jb18_password_resets` (
  `email` varchar(255) NOT NULL,
  `token` varchar(255) NOT NULL,
  `created_at` timestamp NULL DEFAULT NULL
) ENGINE=InnoDB DEFAULT CHARSET=utf8mb4 COLLATE=utf8mb4_unicode_ci;

-- --------------------------------------------------------

--
-- Table structure for table `jb18_permissions`
--

CREATE TABLE `jb18_permissions` (
  `id` bigint(20) UNSIGNED NOT NULL,
  `name` varchar(255) NOT NULL,
  `guard_name` varchar(255) NOT NULL,
  `created_at` timestamp NULL DEFAULT NULL,
  `updated_at` timestamp NULL DEFAULT NULL
) ENGINE=InnoDB DEFAULT CHARSET=utf8mb4 COLLATE=utf8mb4_unicode_ci;

--
-- Dumping data for table `jb18_permissions`
--

INSERT INTO `jb18_permissions` (`id`, `name`, `guard_name`, `created_at`, `updated_at`) VALUES
(1, 'role-list', 'web', '2023-01-18 10:25:45', '2023-01-18 10:25:45'),
(2, 'role-create', 'web', '2023-01-18 10:25:45', '2023-01-18 10:25:45'),
(3, 'role-edit', 'web', '2023-01-18 10:25:45', '2023-01-18 10:25:45'),
(4, 'role-delete', 'web', '2023-01-18 10:25:45', '2023-01-18 10:25:45'),
(5, 'user-list', 'web', '2023-01-18 10:25:45', '2023-01-18 10:25:45'),
(6, 'user-create', 'web', '2023-01-18 10:25:45', '2023-01-18 10:25:45'),
(7, 'user-edit', 'web', '2023-01-18 10:25:45', '2023-01-18 10:25:45'),
(8, 'user-delete', 'web', '2023-01-18 10:25:45', '2023-01-18 10:25:45');

-- --------------------------------------------------------

--
-- Table structure for table `jb18_personal_access_tokens`
--

CREATE TABLE `jb18_personal_access_tokens` (
  `id` bigint(20) UNSIGNED NOT NULL,
  `tokenable_type` varchar(255) NOT NULL,
  `tokenable_id` bigint(20) UNSIGNED NOT NULL,
  `name` varchar(255) NOT NULL,
  `token` varchar(64) NOT NULL,
  `abilities` text DEFAULT NULL,
  `last_used_at` timestamp NULL DEFAULT NULL,
  `expires_at` timestamp NULL DEFAULT NULL,
  `created_at` timestamp NULL DEFAULT NULL,
  `updated_at` timestamp NULL DEFAULT NULL
) ENGINE=InnoDB DEFAULT CHARSET=utf8mb4 COLLATE=utf8mb4_unicode_ci;

-- --------------------------------------------------------

--
-- Table structure for table `jb18_roles`
--

CREATE TABLE `jb18_roles` (
  `id` bigint(20) UNSIGNED NOT NULL,
  `name` varchar(255) NOT NULL,
  `guard_name` varchar(255) NOT NULL,
  `created_at` timestamp NULL DEFAULT NULL,
  `updated_at` timestamp NULL DEFAULT NULL
) ENGINE=InnoDB DEFAULT CHARSET=utf8mb4 COLLATE=utf8mb4_unicode_ci;

--
-- Dumping data for table `jb18_roles`
--

INSERT INTO `jb18_roles` (`id`, `name`, `guard_name`, `created_at`, `updated_at`) VALUES
(1, 'Admin', 'web', '2023-01-18 10:28:57', '2023-01-18 10:28:57');

-- --------------------------------------------------------

--
-- Table structure for table `jb18_role_has_permissions`
--

CREATE TABLE `jb18_role_has_permissions` (
  `permission_id` bigint(20) UNSIGNED NOT NULL,
  `role_id` bigint(20) UNSIGNED NOT NULL
) ENGINE=InnoDB DEFAULT CHARSET=utf8mb4 COLLATE=utf8mb4_unicode_ci;

--
-- Dumping data for table `jb18_role_has_permissions`
--

INSERT INTO `jb18_role_has_permissions` (`permission_id`, `role_id`) VALUES
(1, 1),
(2, 1),
(3, 1),
(4, 1),
(5, 1),
(6, 1),
(7, 1),
(8, 1);

-- --------------------------------------------------------

--
-- Table structure for table `jb18_users`
--

CREATE TABLE `jb18_users` (
  `id` bigint(20) UNSIGNED NOT NULL,
  `name` varchar(255) NOT NULL,
  `email` varchar(255) NOT NULL,
  `email_verified_at` timestamp NULL DEFAULT NULL,
  `password` varchar(255) NOT NULL,
  `remember_token` varchar(100) DEFAULT NULL,
  `created_at` timestamp NULL DEFAULT NULL,
  `updated_at` timestamp NULL DEFAULT NULL
) ENGINE=InnoDB DEFAULT CHARSET=utf8mb4 COLLATE=utf8mb4_unicode_ci;

--
-- Dumping data for table `jb18_users`
--

INSERT INTO `jb18_users` (`id`, `name`, `email`, `email_verified_at`, `password`, `remember_token`, `created_at`, `updated_at`) VALUES
(1, 'Jibon', 'jibon.bikash@gmail.com', NULL, '$2y$10$tmtFfsPkUOqgyHyFcs9K1ebmkBU88AeDhlRsZQQQujA5r8pHG.jqe', NULL, '2023-01-18 10:28:57', '2023-01-18 10:28:57');

--
-- Indexes for dumped tables
--

--
-- Indexes for table `jb18_applicants`
--
ALTER TABLE `jb18_applicants`
  ADD PRIMARY KEY (`id`),
  ADD KEY `job_id` (`job_id`),
  ADD KEY `name_bn` (`name_bn`),
  ADD KEY `name_en` (`name_en`),
  ADD KEY `father_name` (`father_name`),
  ADD KEY `mother_name` (`mother_name`),
  ADD KEY `mobile` (`mobile`);

--
-- Indexes for table `jb18_applicant_certificates`
--
ALTER TABLE `jb18_applicant_certificates`
  ADD PRIMARY KEY (`id`),
  ADD KEY `job_id` (`job_id`),
  ADD KEY `applicants_id` (`applicants_id`);

--
-- Indexes for table `jb18_applicant_educations`
--
ALTER TABLE `jb18_applicant_educations`
  ADD PRIMARY KEY (`id`),
  ADD KEY `job_id` (`job_id`);

--
-- Indexes for table `jb18_boards`
--
ALTER TABLE `jb18_boards`
  ADD PRIMARY KEY (`id`);

--
-- Indexes for table `jb18_certificates`
--
ALTER TABLE `jb18_certificates`
  ADD PRIMARY KEY (`id`);

--
-- Indexes for table `jb18_district_upozilla`
--
ALTER TABLE `jb18_district_upozilla`
  ADD PRIMARY KEY (`id`),
  ADD KEY `zilla_id` (`zilla_id`);

--
-- Indexes for table `jb18_examlevels`
--
ALTER TABLE `jb18_examlevels`
  ADD PRIMARY KEY (`id`);

--
-- Indexes for table `jb18_examlevel_groups`
--
ALTER TABLE `jb18_examlevel_groups`
  ADD PRIMARY KEY (`id`),
  ADD KEY `examlevel_id` (`examlevel_id`);

--
-- Indexes for table `jb18_examlevel_subjects`
--
ALTER TABLE `jb18_examlevel_subjects`
  ADD PRIMARY KEY (`id`),
  ADD KEY `examlevel_id` (`examlevel_id`),
  ADD KEY `examlevel_group_id` (`examlevel_group_id`);

--
-- Indexes for table `jb18_failed_jobs`
--
ALTER TABLE `jb18_failed_jobs`
  ADD PRIMARY KEY (`id`),
  ADD UNIQUE KEY `jb18_failed_jobs_uuid_unique` (`uuid`);

--
-- Indexes for table `jb18_jobs`
--
ALTER TABLE `jb18_jobs`
  ADD PRIMARY KEY (`id`);

--
-- Indexes for table `jb18_job_applies`
--
ALTER TABLE `jb18_job_applies`
  ADD PRIMARY KEY (`id`),
  ADD KEY `job_id` (`job_id`),
  ADD KEY `user_id` (`applicants_id`),
  ADD KEY `token` (`token`);

--
-- Indexes for table `jb18_job_certificates`
--
ALTER TABLE `jb18_job_certificates`
  ADD PRIMARY KEY (`id`),
  ADD KEY `job_id` (`job_id`),
  ADD KEY `certificate_id` (`certificate_id`);

--
-- Indexes for table `jb18_job_exams`
--
ALTER TABLE `jb18_job_exams`
  ADD PRIMARY KEY (`id`),
  ADD KEY `job_id` (`job_id`),
  ADD KEY `examlevel_group_id` (`examlevel_group_id`);

--
-- Indexes for table `jb18_job_exam_subjects`
--
ALTER TABLE `jb18_job_exam_subjects`
  ADD PRIMARY KEY (`id`),
  ADD KEY `job_id` (`job_id`),
  ADD KEY `examlevel_group_id` (`examlevel_group_id`),
  ADD KEY `examlevel_subject_id` (`examlevel_subject_id`);

--
-- Indexes for table `jb18_migrations`
--
ALTER TABLE `jb18_migrations`
  ADD PRIMARY KEY (`id`);

--
-- Indexes for table `jb18_model_has_permissions`
--
ALTER TABLE `jb18_model_has_permissions`
  ADD PRIMARY KEY (`permission_id`,`model_id`,`model_type`),
  ADD KEY `model_has_permissions_model_id_model_type_index` (`model_id`,`model_type`);

--
-- Indexes for table `jb18_model_has_roles`
--
ALTER TABLE `jb18_model_has_roles`
  ADD PRIMARY KEY (`role_id`,`model_id`,`model_type`),
  ADD KEY `model_has_roles_model_id_model_type_index` (`model_id`,`model_type`);

--
-- Indexes for table `jb18_password_resets`
--
ALTER TABLE `jb18_password_resets`
  ADD PRIMARY KEY (`email`);

--
-- Indexes for table `jb18_permissions`
--
ALTER TABLE `jb18_permissions`
  ADD PRIMARY KEY (`id`),
  ADD UNIQUE KEY `jb18_permissions_name_guard_name_unique` (`name`,`guard_name`);

--
-- Indexes for table `jb18_personal_access_tokens`
--
ALTER TABLE `jb18_personal_access_tokens`
  ADD PRIMARY KEY (`id`),
  ADD UNIQUE KEY `jb18_personal_access_tokens_token_unique` (`token`),
  ADD KEY `jb18_personal_access_tokens_tokenable_type_tokenable_id_index` (`tokenable_type`,`tokenable_id`);

--
-- Indexes for table `jb18_roles`
--
ALTER TABLE `jb18_roles`
  ADD PRIMARY KEY (`id`),
  ADD UNIQUE KEY `jb18_roles_name_guard_name_unique` (`name`,`guard_name`);

--
-- Indexes for table `jb18_role_has_permissions`
--
ALTER TABLE `jb18_role_has_permissions`
  ADD PRIMARY KEY (`permission_id`,`role_id`),
  ADD KEY `jb18_role_has_permissions_role_id_foreign` (`role_id`);

--
-- Indexes for table `jb18_users`
--
ALTER TABLE `jb18_users`
  ADD PRIMARY KEY (`id`),
  ADD UNIQUE KEY `jb18_users_email_unique` (`email`);

--
-- AUTO_INCREMENT for dumped tables
--

--
-- AUTO_INCREMENT for table `jb18_applicants`
--
ALTER TABLE `jb18_applicants`
  MODIFY `id` int(11) NOT NULL AUTO_INCREMENT, AUTO_INCREMENT=27;

--
-- AUTO_INCREMENT for table `jb18_applicant_certificates`
--
ALTER TABLE `jb18_applicant_certificates`
  MODIFY `id` int(11) NOT NULL AUTO_INCREMENT, AUTO_INCREMENT=46;

--
-- AUTO_INCREMENT for table `jb18_applicant_educations`
--
ALTER TABLE `jb18_applicant_educations`
  MODIFY `id` int(11) NOT NULL AUTO_INCREMENT, AUTO_INCREMENT=309;

--
-- AUTO_INCREMENT for table `jb18_boards`
--
ALTER TABLE `jb18_boards`
  MODIFY `id` int(11) NOT NULL AUTO_INCREMENT, AUTO_INCREMENT=486;

--
-- AUTO_INCREMENT for table `jb18_certificates`
--
ALTER TABLE `jb18_certificates`
  MODIFY `id` int(11) NOT NULL AUTO_INCREMENT, AUTO_INCREMENT=3;

--
-- AUTO_INCREMENT for table `jb18_district_upozilla`
--
ALTER TABLE `jb18_district_upozilla`
  MODIFY `id` int(11) NOT NULL AUTO_INCREMENT, AUTO_INCREMENT=551;

--
-- AUTO_INCREMENT for table `jb18_examlevels`
--
ALTER TABLE `jb18_examlevels`
  MODIFY `id` int(11) NOT NULL AUTO_INCREMENT, AUTO_INCREMENT=6;

--
-- AUTO_INCREMENT for table `jb18_examlevel_groups`
--
ALTER TABLE `jb18_examlevel_groups`
  MODIFY `id` int(11) NOT NULL AUTO_INCREMENT, AUTO_INCREMENT=80;

--
-- AUTO_INCREMENT for table `jb18_examlevel_subjects`
--
ALTER TABLE `jb18_examlevel_subjects`
  MODIFY `id` int(11) NOT NULL AUTO_INCREMENT, AUTO_INCREMENT=27;

--
-- AUTO_INCREMENT for table `jb18_failed_jobs`
--
ALTER TABLE `jb18_failed_jobs`
  MODIFY `id` bigint(20) UNSIGNED NOT NULL AUTO_INCREMENT;

--
-- AUTO_INCREMENT for table `jb18_jobs`
--
ALTER TABLE `jb18_jobs`
  MODIFY `id` int(11) NOT NULL AUTO_INCREMENT, AUTO_INCREMENT=15;

--
-- AUTO_INCREMENT for table `jb18_job_applies`
--
ALTER TABLE `jb18_job_applies`
  MODIFY `id` int(11) NOT NULL AUTO_INCREMENT, AUTO_INCREMENT=18;

--
-- AUTO_INCREMENT for table `jb18_job_certificates`
--
ALTER TABLE `jb18_job_certificates`
  MODIFY `id` int(11) NOT NULL AUTO_INCREMENT, AUTO_INCREMENT=5;

--
-- AUTO_INCREMENT for table `jb18_job_exams`
--
ALTER TABLE `jb18_job_exams`
  MODIFY `id` int(11) NOT NULL AUTO_INCREMENT, AUTO_INCREMENT=15;

--
-- AUTO_INCREMENT for table `jb18_job_exam_subjects`
--
ALTER TABLE `jb18_job_exam_subjects`
  MODIFY `id` int(11) NOT NULL AUTO_INCREMENT, AUTO_INCREMENT=119;

--
-- AUTO_INCREMENT for table `jb18_migrations`
--
ALTER TABLE `jb18_migrations`
  MODIFY `id` int(10) UNSIGNED NOT NULL AUTO_INCREMENT, AUTO_INCREMENT=6;

--
-- AUTO_INCREMENT for table `jb18_permissions`
--
ALTER TABLE `jb18_permissions`
  MODIFY `id` bigint(20) UNSIGNED NOT NULL AUTO_INCREMENT, AUTO_INCREMENT=9;

--
-- AUTO_INCREMENT for table `jb18_personal_access_tokens`
--
ALTER TABLE `jb18_personal_access_tokens`
  MODIFY `id` bigint(20) UNSIGNED NOT NULL AUTO_INCREMENT;

--
-- AUTO_INCREMENT for table `jb18_roles`
--
ALTER TABLE `jb18_roles`
  MODIFY `id` bigint(20) UNSIGNED NOT NULL AUTO_INCREMENT, AUTO_INCREMENT=2;

--
-- AUTO_INCREMENT for table `jb18_users`
--
ALTER TABLE `jb18_users`
  MODIFY `id` bigint(20) UNSIGNED NOT NULL AUTO_INCREMENT, AUTO_INCREMENT=2;

--
-- Constraints for dumped tables
--

--
-- Constraints for table `jb18_model_has_permissions`
--
ALTER TABLE `jb18_model_has_permissions`
  ADD CONSTRAINT `jb18_model_has_permissions_permission_id_foreign` FOREIGN KEY (`permission_id`) REFERENCES `jb18_permissions` (`id`) ON DELETE CASCADE;

--
-- Constraints for table `jb18_model_has_roles`
--
ALTER TABLE `jb18_model_has_roles`
  ADD CONSTRAINT `jb18_model_has_roles_role_id_foreign` FOREIGN KEY (`role_id`) REFERENCES `jb18_roles` (`id`) ON DELETE CASCADE;

--
-- Constraints for table `jb18_role_has_permissions`
--
ALTER TABLE `jb18_role_has_permissions`
  ADD CONSTRAINT `jb18_role_has_permissions_permission_id_foreign` FOREIGN KEY (`permission_id`) REFERENCES `jb18_permissions` (`id`) ON DELETE CASCADE,
  ADD CONSTRAINT `jb18_role_has_permissions_role_id_foreign` FOREIGN KEY (`role_id`) REFERENCES `jb18_roles` (`id`) ON DELETE CASCADE;
COMMIT;

/*!40101 SET CHARACTER_SET_CLIENT=@OLD_CHARACTER_SET_CLIENT */;
/*!40101 SET CHARACTER_SET_RESULTS=@OLD_CHARACTER_SET_RESULTS */;
/*!40101 SET COLLATION_CONNECTION=@OLD_COLLATION_CONNECTION */;
